Key,Id,Korean(ko)
A_CAPTURED_SPIDER,46628102279782400,포획된 거미
A_FRANKEN_TICKLER,46628101457698816,프랑켄 티클러
A_HIVE_TENDRIL,46628112698433536,벌집 덩굴
ALIEN_BULB,46628101419950080,외계 구근
AN_ITEM_CAPSULE,46628112023150592,아이템 캡슐
BOLT_BURGER,46628108516712448,볼트 버거
CARL_TERMINAL_ALL_COMPLETED_ENTRY,58590589204029440,전부 멋지게 해냈군! 어쩌면 행성들을 탐험하면서 더 많은 걸 발견할 수 있을지 모르지...
CARL_TERMINAL_DESCRIPTION,58588929878646784,은하계 이쪽 구역에서 가장 훌륭한 매니저
CARL_TERMINAL_MISSING_MATERIALS,30366100192485376,누락된 재료
CARL_TERMINAL_REQUIRED_MATERIALS_HEADER,30380913715044352,필요한 재료:
CARL_TERMINAL_TITLE,58588816691159040,칼 랭거스
CAVE_ENTRANCE,48527482492321792,동굴 입구
COACH_DAN,46628101034074112,코치 댄
COMMON_BACK,58577423170527232,뒤로
COMMON_COMPLETED,58590894855544832,완료
COMMON_SIDEQUESTS,74560833584095232,사이드 퀘스트
COMPASS_DISTANCE_FMT,46402692690468864,{Distance}m
CONTROL_PANEL,71374858701537280,제어판
CURRENCY_TRADER_DESCRIPTION,58576262912794624,// 화폐 및 자원 변환
CURRENCY_TRADER_TITLE,58576102623272960,트레이더 마이크
DAMAGE_TYPE_ELECTRIC,43142638340136960,전기
DAMAGE_TYPE_FIRE,43142553082519552,화염
DAMAGE_TYPE_ICE,43142575572377600,얼음
DAMAGE_TYPE_KINETIC,43142700797517824,운동
DAMAGE_TYPE_SLIME,43142609625931776,점액
DEATH_FINAL_TITLE,74209383469277184,죽은 고기
DEATH_LAST_CHANCE,73578787034357760,마지막 기회!
DEATH_RESPAWNING_TITLE,73560258369282048,리스폰 중
DEATH_SCREEN_KILLED_BY_FMT,73552691249274880,<color=#FFC700>{CreatureName}</color>에게 살해됨
DIAMOND,66974994580406272,다이아몬드
DirtbagName,84665500557934592,더트백
Drain Tunnel,64088669405609984,배수 터널
Drain Tunnel 2,64091624674459648,배수 터널 2
EMERGENCY_TEXT_DEFAULT_DESCRIPTION,46144714159616000,응용 프로그램이 시작 중에 오류가 발생해 실패했습니다. 컴퓨터를 다시 시작하면 도움이 될 수 있습니다.
EMERGENCY_TEXT_DEFAULT_FOOTER,46312787621638144,SwapMeat Discord 서버의 #create-bug-reports 채널을 통해 언제든지 저희에게 도움을 요청하실 수 있습니다.<br>이 애플리케이션은 30초 후에 자동으로 종료됩니다.
EMERGENCY_TEXT_DEFAULT_TITLE,46144708803489792,애플리케이션 시작 오류
EMERGENCY_TEXT_IO_DESCRIPTION,46312933025574912,시작 중 하나 이상의 파일을 읽다가 오류가 발생했습니다. 바이러스 검사 프로그램이 과도하게 실행되었거나 이전에 실행한 게임이 완전히 종료되지 않은 경우에 자주 발생합니다.<br>문제가 지속될 경우 컴퓨터를 다시 시작하면 파일 잠금이 해제됩니다.
EMPLOYEE_RANK_POINTS_FORMAT,38765036250849280,{Current} / {Total} RP
EMPLOYEE_RANK_RANKUP_FMT,38764977085997056,등급 상승! +{Value}
EMPLOYEE_RANK_TITLE,38764887885733888,직원 등급
EVENT_BANNER_COMPLETE,37577933345251328,완료!
EVENT_BANNER_PRIME_DIRECTIVE,37577651529965568,주요 명령 완료!
EVENT_BANNER_SECONDARY_DIRECTIVE,37581156248444928,보조 명령 완료!
EVENT_COMPLETE_NO_REWARDS,43499746143232000,완료!
EVENT_COMPLETE_REWARDS,36526246664855552,보상:
EVENT_DESCRIPTION_TIME_FMT,61552718882267136,{EventText}: {TimeoutText}
EVENT_DESCRIPTION_TIME_ONLY_FMT,61553051326996480,{TimeoutText}
EVENT_HEADER_PRIME,35806126556569600,주요 명령
EVENT_HEADER_SECONDARY,35806182923821056,보조 명령
EVENT_HUNTER_TIMER_ADVANCED,43479223816413184,헌터 도착 가속
EVENT_HUNTER_TIMER_DELAYED,43480205547790336,헌터 도착 지연
EVENT_OBJECTIVE_DAMAGE_ANY_ENEMY_FMT,45684262786031616,손상됨 <nobr>{NumDamaged}/{NumToDamage}</nobr>
EVENT_OBJECTIVE_TASKS_FMT,45737656791851008,<nobr>{NumDone}/{NumTodo}</nobr> {Detail}
EVENT_REWARD_FMT,68757372988809216,{Count}
EXHAUST_PORT,46628107665268736,배기 포트
GOAL!,46628109821140992,목표 달성!
GOOBER_TURRET,46628113809924096,구버 포탑
HARVESTER_CORE,46389181780320256,수확기 코어
HEALTH_STATION,46628116695605248,체력 스테이션
HUD_CHECKPOINT_TOAST,71718200525385728,체크포인트가 저장되었습니다!
HUNTER_ENRAGE_TIMER,53525888526966784,분노까지:
HUNTER_THREAT_BANISHED,35125235089924096,추방!
HUNTER_THREAT_DANGER,35125167033147392,위험!
HUNTER_THREAT_ENRAGED,35125494096584704,!!헌터들 격노!!
HUNTER_THREAT_IMMINENT,35125348260634624,위협이 임박했습니다!!
HUNTER_THREAT_PANTS,35125431806976000,!!무서워서 오줌을 지리게 해주마!!
HUNTERS_TIMER_FMT,68162259069689856,{SecondsRemaining:secondstotime()}
HUNTERS_TIMER_REWARD_FMT,68472376516403200,{Count:cond:<0?<color=#FF3667>{}초</color>|+{}초}
INSECT_EGGS,46628101830991872,곤충 알
INTERACT_PROMPT_HEALTH_GAIN_FMT,43375595235565568,+{HealthGain}
INTERACT_PROMPT_PING,43136443831279616,[InputAction:Gameplay/MarkTarget] 핑
INTERACTION_PROMPT_HOLD_SUCCESS,43183389103087616,성공!
INTERACTION_PROMPT_TYPE_HOLD_FMT,43127738511384576,{BindingText} 길게 눌러 {ActionText}
INTERACTION_PROMPT_TYPE_NONE_FMT,43126879249489920,{ActionText}
INTERACTION_PROMPT_TYPE_PRESS_FMT,43127706953441280,{BindingText} {ActionText}
ITEM_INSPECTION_PROMPT,42642500681195520,살펴보기
ITEM_NOTIFICATION_NEW_ITEM,42646904150941696,신규!
ITEM_NOTIFICATION_STACK_COUNT_FMT,42659474148679680,x{StackCount}
ITEM_RARITY_COMMON,42668023662764032,일반
ITEM_RARITY_EPIC,42668027727044608,특급
ITEM_RARITY_LEGENDARY,42668029052444672,전설
ITEM_RARITY_RARE,42668026103848960,희귀
ITEM_RARITY_UNCOMMON,42668357307064320,고급
ITEM_REWARD_NAME_FMT,63053428530601984,{ItemName}{ItemCount:| +{ItemCount}}
JELLY_FORGE,46628102367862784,젤리 대장간
JOIN_GAME_PLAYERCOUNT_FMT,48096123611504640,{Current}/{Max}
JOIN_GAME_PLAYERNAME_FMT,48095464992530432,{PlayerName}의 게임
JOIN_GAME_PROTOCOL_MISMATCH,48097039647498240,버전 불일치
JOIN_GAME_SPECTATE,47816347118198784,관전
JUMP_PAD,46406064923467776,점프 패드
LOADOUT_ARTIFACT_NONE_DESC,38383465480052736,애석하게도 텅 빈 장비 슬롯입니다.
LOADOUT_ARTIFACT_NONE_TITLE,38383464444059648,유물 없음
LOADOUT_FLAIR_NONE_DESC,38383568223723520,자신을 표현하고 싶지 않나요?
LOADOUT_FLAIR_NONE_TITLE,38383466306330624,"저기, 재능이 없는데!"
LOADOUT_WEAPON_NONE_DESC,38383462514679808,"음, 망할."
LOADOUT_WEAPON_NONE_TITLE,38383410991849472,무기 없음
MAIN_MENU_ABANDON_RUN,31077628587794432,로비로 나가기
MAIN_MENU_DEBUG_HEADER,31076998813048832,디버그
MAIN_MENU_DISCORD_SERVER_BUTTON,31076690544287744,Discord에서 만나기
MAIN_MENU_EXIT,31077710762598400,게임 종료
MAIN_MENU_MULTIPLAYER,31077375373467648,멀티플레이어
MAIN_MENU_OPTIONS,31077450753499136,옵션
MAIN_MENU_RESUME,31077530629824512,이어하기 [InputAction:UI/Cancel]
MAIN_MENU_SKIP_TUTORIAL,31076355092242432,튜토리얼 건너뛰기
MAIN_MENU_UNSTUCK_BTN_TXT,61894851502731264,끼었어요!
MAIN_MENU_UPLOAD_LOGS,31077125934014464,로그 업로드
MAIN_MENU_WISHLIST,31077254808199168,Steam 찜 목록 추가
MEAT_CORE_SITE,46628112702627840,고기 코어 현장
MEAT_MUSH,46628103278026752,고기 곤죽
MENACING_TENTACLE,46628121766518784,위협적인 촉수
MENU_COMMON_BACK,47855835508891648,[InputAction:UI/Cancel] 뒤로 가기
MESSAGE_BOX_ABANDON_RUN_CANCEL,31141851095359488,취소
MESSAGE_BOX_ABANDON_RUN_CONFIRM,31141825619156992,런 포기
MESSAGE_BOX_ABANDON_RUN_MESSAGE,31141795957039104,런을 포기하고 ROX-1로 돌아가시겠습니까?
MESSAGE_BOX_ABANDON_RUN_TITLE,31141752260780032,이번 런 포기
MESSAGE_BOX_BLOCK_PLAYER_CANCEL,31122765070196736,취소
MESSAGE_BOX_BLOCK_PLAYER_CONFIRM,31122718286929920,차단
MESSAGE_BOX_BLOCK_PLAYER_MESSAGE,31122703279710208,"차단된 플레이어는 귀하가 호스팅한 게임에 참여할 수 없으며, 귀하가 참여한 게임에 참여하게 되면 영구적으로 음소거됩니다.<br><br>{PlayerName}님을 차단하시겠습니까?"
MESSAGE_BOX_BLOCK_PLAYER_TITLE,31122656211230720,플레이어 차단
MESSAGE_BOX_COMPUTER_OVERHEATING_CANCEL,31121502840545280,과열되게 둔다
MESSAGE_BOX_COMPUTER_OVERHEATING_CONFIRM,31121455612682240,식힌다
MESSAGE_BOX_COMPUTER_OVERHEATING_MESSAGE,31121436348243968,해상도와 프레임 속도를 낮추면 냉각에 도움이 될까요?
MESSAGE_BOX_COMPUTER_OVERHEATING_TITLE,31121364780834816,컴퓨터 과열
MESSAGE_BOX_DEFAULT_CANCEL,31145042352529408,취소
MESSAGE_BOX_DEFAULT_CONFIRM,31145012967235584,확인
MESSAGE_BOX_EXIT_GAME_CANCEL,31121900481536000,취소
MESSAGE_BOX_EXIT_GAME_CONFIRM,31121881414230016,메인 메뉴로 나가기
MESSAGE_BOX_EXIT_GAME_MESSAGE,31121844806344704,정말로 친구를 포기하시겠습니까?
MESSAGE_BOX_EXIT_GAME_SECONDARY,31121914842832896,바탕화면으로 나가기
MESSAGE_BOX_EXIT_GAME_TITLE,31121802745864192,게임 종료
MESSAGE_BOX_FEEDBACK_CANCEL,31100557044211712,나중에
MESSAGE_BOX_FEEDBACK_CANCEL_ON_EXIT,31100501750702080,"아니, 괜찮아요"
MESSAGE_BOX_FEEDBACK_CONFIRM,31100327628365824,예!
MESSAGE_BOX_FEEDBACK_MESSAGE,31100033314054144,게임 개선에 도움이 되도록 짧은 설문조사에 참여해 주시겠습니까?
MESSAGE_BOX_FEEDBACK_TITLE,31099905689772032,피드백
MESSAGE_BOX_GAME_FULL_MESSAGE,31122339318980608,죄송합니다. 해당 게임은 이미 가득 찼습니다. 메인 메뉴로 돌아가려면 '확인'을 클릭하세요.
MESSAGE_BOX_GAME_FULL_TITLE,31122293072584704,게임 가득 참
MESSAGE_BOX_JOIN_FRIEND_CANCEL,31104948069457920,"아니오, 괜찮아요!"
MESSAGE_BOX_JOIN_FRIEND_CONFIRM,31104888199962624,게임 참가
MESSAGE_BOX_JOIN_FRIEND_GAME_MESSAGE,31100789127634944,{FriendName}의 게임에 초대받았습니다
MESSAGE_BOX_JOIN_GAME_TITLE,31100726099828736,새로운 게임 참가
MESSAGE_BOX_LEAVE_CONFIRM,69161157897678848,게임 나가기
MESSAGE_BOX_LEAVE_HOST_TITLE,69160751356375040,호스팅된 게임을 떠나시겠습니까?
MESSAGE_BOX_LEAVE_HOST_TXT,69160978603765760,이 게임을 종료하시겠습니까?<br>호스트라서 나갈 경우 다른 플레이어도 모두 추방됩니다.
MESSAGE_BOX_LEAVE_TITLE,69160074362155008,게임을 종료하시겠습니까?
MESSAGE_BOX_LEAVE_TXT,69160855006015488,정말로 게임을 종료하시겠습니까?
MESSAGE_BOX_LOAD_DEMO_CANCEL,56092051975892992,"아니오, 다시 묻지 않습니다."
MESSAGE_BOX_LOAD_DEMO_CONFIRM,56092048666587136,예
MESSAGE_BOX_LOAD_DEMO_MESSAGE,55860579570479104,SwapMeat 데모의 세이브 파일을 찾았습니다. 데모에서 게임 진행 상황을 복사하시겠습니까? 기존의 세이브 데이터를 모두 덮어씁니다.
MESSAGE_BOX_LOAD_DEMO_PROGRESS_TITLE,55860577653682176,데모 진행 상황 불러오기	
MESSAGE_BOX_LOAD_DEMO_SECONDARY,56092050369474560,"아니오, 다음에 알려주세요"
MESSAGE_BOX_MISSING_ARTIFACT_MESSAGE,31142435298992128,궁극기를 선택하지 않고 계속 진행하시겠습니까?
MESSAGE_BOX_NETWORK_DISCONNECT_MESSAGE,31120173598498816,호스트 연결이 끊어졌습니다.
MESSAGE_BOX_NETWORK_DISCONNECT_TITLE,31120107987001344,호스트 연결 끊김
MESSAGE_BOX_NETWORK_TIMEOUT_MESSAGE,31120316263555072,"데이터 송수신 시도 중, 클라이언트 연결 시간이 초과되었습니다."
MESSAGE_BOX_NETWORK_TIMEOUT_TITLE,31120286274281472,오류: 네트워크 시간 초과
MESSAGE_BOX_NEW_BUILD_MESSAGE,31121145544564736,게임의 새 빌드가 출시되었습니다. '확인'을 클릭하여 게임을 다시 시작하고 업데이트 다운로드를 시작하세요.
MESSAGE_BOX_NEW_BUILD_TITLE,31121109494521856,새로운 빌드 출시
MESSAGE_BOX_QUIT_MESSAGE,31098545544093696,정말로 종료하시겠습니까?
MESSAGE_BOX_QUIT_MESSAGE_HOST,45269853613842432,이 게임을 종료하시겠습니까?<br>호스트라서 나갈 경우 다른 플레이어도 모두 추방됩니다.
MESSAGE_BOX_QUIT_TITLE,31098413507403776,게임 종료
MESSAGE_BOX_QUIT_TITLE_HOST,45269738467614720,호스팅된 게임을 떠나시겠습니까?
MESSAGE_BOX_REBIND_BANNED_MSG_FMT,52961862714585088,"""{InputPath}"" 입력이 글로벌 액션 ""{ActionName}""에 이미 설정되어 있습니다."
MESSAGE_BOX_REBIND_BANNED_TITLE,52961860839731200,키 재설정 실패
MESSAGE_BOX_REBIND_CONFLICT_MSG_FMT,52952037393887232,"""{InputPath}"" 입력이 ""{ActionName}""에 이미 설정되어 있습니다. 새로운 입력을 설정해주세요."
MESSAGE_BOX_REBIND_CONFLICT_TITLE,52952033853894656,키 재설정 충돌
MESSAGE_BOX_RESET_ACCOUNT_CANCEL,31142685069795328,취소
MESSAGE_BOX_RESET_ACCOUNT_CONFIRM,31142672679821312,계정 초기화
MESSAGE_BOX_RESET_ACCOUNT_MESSAGE,31142661908848640,계정을 초기화하시겠습니까?<br>모든 진행 상황과 잠금 해제가 삭제됩니다.
MESSAGE_BOX_RESET_ACCOUNT_TITLE,31142628807401472,계정 초기화
MESSAGE_BOX_RESET_RUN_MESSAGE,31141144124448768,이번 런을 초기화하시겠습니까?
MESSAGE_BOX_RESET_RUN_TITLE,31141105490714624,런 초기화
MESSAGE_BOX_RETURN_CONFIRM,69163340810612736,런 포기
MESSAGE_BOX_RETURN_HOST_TXT,69163346871382016,이번 런을 포기하시겠습니까?<br>호스트라서 다른 플레이어도 모두 복귀합니다.
MESSAGE_BOX_RETURN_TITLE,69163337862017024,런을 포기하시겠습니까?
MESSAGE_BOX_RETURN_TXT,69163343302029312,이번 런을 포기하시겠습니까?
MESSAGE_BOX_SKIP_TUTORIAL_CANCEL,31142171938643968,취소
MESSAGE_BOX_SKIP_TUTORIAL_CONFIRM,31142158563008512,튜토리얼 건너뛰기
MESSAGE_BOX_SKIP_TUTORIAL_MESSAGE,31142143690006528,튜토리얼을 건너뛰고 함선으로 돌아가시겠습니까?
MESSAGE_BOX_SKIP_TUTORIAL_TITLE,31142106562027520,튜토리얼 건너뛰기
MESSAGE_BOX_TUTORIAL_REQUIRED_MESSAGE,31119917020340224,멀티플레이어 게임에 참여하려면 튜토리얼을 먼저 완료해야 합니다.<br>지금 튜토리얼을 시작하시겠습니까?
MESSAGE_BOX_TUTORIAL_REQUIRED_TITLE,31119792659226624,튜토리얼 필요
MESSAGE_BOX_TUTORIAL_SINGLE_PLAYER_MESSAGE,51432919170801664,튜토리얼을 다시 플레이하려면 싱글 플레이어로 다시 시작해야 합니다.<br>메인 메뉴로 돌아가 싱글 플레이어 게임을 시작하시겠습니까?
MESSAGE_BOX_TUTORIAL_SINGLE_PLAYER_TITLE,51432847888605184,튜토리얼 경고
MESSAGE_BOX_VERSION_MISMATCH_MESSAGE,31120802169479168,버전 불일치로 인해 게임에 참여할 수 없습니다. 최신 업데이트를 받으려면 본인과 호스트 모두 게임을 다시 시작해야 할 수 있습니다.
MESSAGE_BOX_VERSION_MISMATCH_TITLE,31120753725267968,버전 불일치
MESSAGE_BOX_VIDEO_SETTINGS_CHANGED_CANCEL,31143010442928128,변경 사항 되돌리기
MESSAGE_BOX_VIDEO_SETTINGS_CHANGED_CONFIRM,31142998338166784,변경 사항 수락하기
MESSAGE_BOX_VIDEO_SETTINGS_CHANGED_MESSAGE,31142986732527616,동영상 설정이 변경되었습니다. 수락하시겠습니까?<br><br>설정은 5초 후에 자동으로 복원됩니다.
MESSAGE_BOX_VIDEO_SETTINGS_CHANGED_TITLE,31142952192434176,동영상 설정이 변경되었습니다
MODE_SELECT_CONTINUE_BTN_FMT,88516393607032832,행성계 {SystemNum} - {PlanetName}
MODE_SELECT_CREATE_FRIENDS_DESC,71007351351472128,친구들이 당신의 게임을 찾아 참여할 수 있습니다
MODE_SELECT_CREATE_FRIENDS_TITLE,71007349887660032,친구
MODE_SELECT_CREATE_PUBLIC_DESC,71007348780363776,누구나 참여할 수 있어 스트리밍에 완벽합니다!
MODE_SELECT_CREATE_PUBLIC_TITLE,71007346976813056,공개
MODE_SELECT_CREATE_SOLO_DESC,71007345391366144,혼자 플레이하거나 다른 사람을 초대하여 플레이합니다
MODE_SELECT_CREATE_SOLO_TITLE,71007343826890752,비공개
MODE_SELECT_FRIENDS_GAME,70420085428121600,친구
MODE_SELECT_FRIENDS_GAME_DESC,70420318446874624,친구들이 당신의 게임을 찾아 참여할 수 있습니다
MODE_SELECT_FRIENDS_ONLY,47782185145458688,(친구 전용)
MODE_SELECT_GAME_MODE_TITLE,71011334463877120,게임 모드
MODE_SELECT_HOST_FRIENDS_ONLY,278383288320,비공개 호스트
MODE_SELECT_HOST_PRIVATE,327255318528,싱글 플레이어
MODE_SELECT_HOST_PUBLIC,214248185856,공개 호스트
MODE_SELECT_JOIN_BTN,70420672118976512,게임 참가
MODE_SELECT_JOIN_GAME_TITLE,45666886526951424,게임 참가
MODE_SELECT_PLAY_BT,71007312436719616,플레이
MODE_SELECT_PLAY_BTN,70420636043767808,플레이
MODE_SELECT_PUBLIC_GAME,70420047901683712,공개
MODE_SELECT_PUBLIC_GAME_DESC,70420200670818304,누구나 참여할 수 있어 스트리밍에 완벽합니다!
MODE_SELECT_SOLO_GAME,70420012703084544,비공개
MODE_SELECT_SOLO_GAME_DESC,70420126205145088,혼자 플레이하거나 다른 사람을 초대하여 플레이합니다
MODE_SELECT_TITLE,45666774727778304,모드 선택
MEAT_DISPENSER,46628101025685504,고기 자판기
NODE_1,46389232518815744,노드 1
NODE_2,46389312764239872,노드 2
NODE_3,46389348839448576,노드 3
NODE_4,46389350567501824,노드 4
Open Hatch,70668568375361536,해치 열기
OPEN_DOOR,46628110437703680,문 열기
OPTS_MULTIPLAYER_CURRENT_TEAM,69865368843120640,현재 팀
OPTS_MULTIPLAYER_ENABLE_OBSERVERS,69865544915808256,관전자 활성화
OPTS_MULTIPLAYER_MANAGE_BLOCKS,69865680991612928,차단 목록 관리...
PAYLOAD,46628108462186496,페이로드
PIN_MARKER,46746956646510592,핀!
PROTECTIVE_CRSYSTAL,66975109500141568,보호 수정
RESEARCHER_POD,46628126124400640,직원 포드
SECURE_THE_MEAT_CORE!,46628112652296192,고기 코어를 확보하세요!
SENTRY_TURRET,46628102288171008,감시 포탑
SHIELD_GENERATOR,66975448525733888,보호막 생성기
SMOKER_1_ACTIVATOR!,46628102149758976,누커 1 활성 장치
SMOKER_2_ACTIVATOR!,46628102149758977,누커 2 활성 장치
SMOKER_3_ACTIVATOR!,46628102149758978,누커 3 활성 장치
SPAWNING_POOL,46628102346891264,산란지
STEERING_PANEL,46628109204578304,제어판
SUBTITLE_LINE_FMT,63797240152449024,<color=#{SpeakerNameColor}>{SpeakerName}:</color> {SpeakerText}
SUPPLY_BOX,46628126061486080,보급 상자
THE_MEAT_MARKET,46628120319483904,고기 시장
TIBBLER'S_HEART,46628108311191552,칼립소의 심장
TIBBLER'S_KIDNEY,46628118494961664,칼립소의 신장
TommyTank,84665130641293312,토미 탱크
TOXIC_SLIME,46628104666341376,독성 점액
TRADER_TERMINAL_ACTION_EXCHANGE,58597048063090688,구매
TRADER_TERMINAL_ACTION_SELL,58596954802741248,판매
TRADER_TERMINAL_ACTION_UNAVAILABLE_NO_CURRENCY,58597098013057024,화폐가 부족합니다
TRADER_TERMINAL_EMPTY_ENTRY,58591398792781824,인벤토리에 자원이 없습니다
Tutorial_LEGABILITY,47863131572002816,[InputAction:Gameplay/LegsAbility] 다리 능력
TUTORIAL_SWAPMEAT,47859765294915584,[InputAction:Interact/Interact] 고기 교체
UI_ANNOUNCEMENT_DIFFICULTY_FMT,74296319433236480,{difficulty}{ascension:cond:>0? Ascension {}|}
UI_ANNOUNCEMENT_ENTER_PLANET_FMT,74296317638074368,{planet} 진입 중
UI_ANNOUNCEMENT_HOST_PAUSED,74296313619931136,호스트가 게임을 일시 중지했습니다
UI_ANNOUNCEMENT_LEVEL_UP,74296314148413440,플레이어들이 레벨업 보상을 선택하고 있습니다
UI_ANNOUNCEMENT_LEVEL_UP_RESUME,74296320918020096,{seconds}초 안에 이어하기
UI_BLOCKLIST_TITLE,69854086446379008,차단 목록
UI_BLOCKLIST_UNBLOCK_BTN,69854165966188544,차단 해제
UI_BOLTBURGER_CONFIGURE,71287883359576064,직원 설정
UI_BOLTBURGER_IGNORE_CARL,89059781141061632,칼 무시하기
UI_BOLTBURGER_INTERACT,71029788435800064,<color=yellow>탈출!</color>
UI_BOLTBURGER_NAME,71029706948861952,볼트 버거
UI_BOLTBURGER_TALK_TO_CARL_DESC,84438058676510720,당신이 은하계를 돌아다니기 전에 칼이 이야기를 나누고 싶어 합니다.
UI_BOLTBURGER_TALK_TO_CARL_TITLE,84438056474501120,매니저와 대화하기
UI_BUYNOWONSTEAM,78930206331494400,지금 Steam에서 구매하기
UI_CARLTERMINAL_CLAIM_BTN_CLAIM,63752028576215040,받기
UI_CARLTERMINAL_CLAIM_BTN_CRAFT,63752026911076352,구매
UI_CARLTERMINAL_CLAIM_BTN_CURRENCY_LOCKED,63752030165856256,화폐 부족
UI_CARLTERMINAL_CLAIM_BTN_DEMO_LOCKED,63752024679706624,데모 잠김
UI_CARLTERMINAL_CLAIM_BTN_REQUIREMENTS_LOCKED,74607019393277952,요구 사항 미충족
UI_CARLTERMINAL_COMPLETED,73167992798568448,완료
UI_CARLTERMINAL_QUESTS,73167908547584000,퀘스트
UI_CARLTERMINAL_UPGRADES,73167953896398848,업그레이드
UI_CHANGE_DIFFICULTY_CLIENT,76472751513133056,호스트에게 게임 난이도를 {difficulty} 난이도로 변경해 달라고 요청하세요.
UI_CHANGE_DIFFICULTY_TO_FMT,76472743611064320,게임 난이도를 {difficulty} 난이도로 변경합니다
UI_COMPASS_E,68109962709032960,E
UI_COMPASS_N,68109857843044352,N
UI_COMPASS_NE,68109928332517376,NE
UI_COMPASS_NW,68110126031036416,NW
UI_COMPASS_S,68110021160853504,S
UI_COMPASS_SE,68109993440698368,SE
UI_COMPASS_SW,68110069386960896,SW
UI_COMPASS_W,68110099468509184,W
UI_CRITS_TEXT,80878169194749952,치명타
UI_DAMAGE_TEXT,71027131851726848,피해
UI_DIFFICULTY_SELECT_TITLE,81165014893846528,난이도 선택
UI_DPS_TEXT,80878240179150848,DPS
UI_ENDSTAGE_CONSUMPTION,80927668453761024,행성 소비
UI_ENDSTAGE_DATA,71871687346348032,데이터
UI_ENDSTAGE_GATHERING_DISCLAIMER,80901562480713728,*수집에는 올바른 라이선스가 필요합니다
UI_ENDSTAGE_LOADOUT,71871691788115968,로드아웃
UI_ENDSTAGE_MATERIAL_FISHING,80927658316128256,낚시 구멍
UI_ENDSTAGE_MATERIAL_MINING,80927660262285312,채굴 노드
UI_ENDSTAGE_MATERIAL_TECH,80927662330077184,고대 기술
UI_ENDSTAGE_NO_MATS_FOUND,80901560471642112,감지된 재료가 없습니다!
UI_ENDSTAGE_PRIME_DIRECTIVES,80927664423034880,주요 명령
UI_ENDSTAGE_REWARDS,71871690248806400,보상
UI_ENDSTAGE_SECONDARY_EVENTS,80927666520186880,보조 이벤트
UI_ENDSTAGE_STATS,71871688839520256,통계
UI_GALAXYMAP_ASCENSION_OFF,78047682533253120,승급: 꺼짐
UI_GALAXYMAP_ASCENSION_ON,78047680209608704,승급: 켜짐
UI_GALAXYMAP_BOSS,77085141590073344,보스
UI_GALAXYMAP_DEMO_LOCKED,65856258359357440,데모 잠김
UI_GALAXYMAP_DIFFICULTY,77085143997603840,난이도
UI_GALAXYMAP_MODE_RANDOM,76942191665078272,무작위 모드
UI_GALAXYMAP_MODE_SCRIPTED,76942188812951552,행성계 {index}
UI_GALAXYMAP_MODE_TUTORIAL,76942183263887360,튜토리얼
UI_GALAXYMAP_MODIFIERS,77085146208002048,수정자
UI_GALAXYMAP_PLANETS,77085138289156096,행성
UI_GALAXYMAP_RANDOM_DESC,77848170049036288,"모든 행성, 적, 보스 교전이 무작위로 결정됩니다."
UI_GALAXYMAP_TUTORIAL_DESC,77848167003971584,가장 쉬운 난이도에서 게임 플레이 메커니즘과 기본 사항을 배워보세요.
UI_GALAXYMAP_UNKNOWN_BOSS,76942179224772608,???
UI_GALAXYMAP_UNKNOWN_PLANET,76942179686146048,???
UI_GALAXYSCREEN_ASCENSION_FMT,77181756770344960,승급: {rank}
UI_GALAXYSCREEN_DIFFICULTY_FMT,77181621885722624,난이도: {difficulty}
UI_GALAXYSCREEN_MODIFIERS_FMT,77181851947491328,수정자: {count}/{max}
UI_GALAXYSELECT_DESTINATION_CURRENT,83744947004497920,여기로 이동
UI_GALAXYSELECT_DESTINATION_SET,83744951232356352,목적지 설정
UI_GALAXYSELECT_DIFFICULTY_NONE,83722034389966848,미완료
UI_GALAXYSELECT_HARDEST_LABEL,83711659535753216,가장 어려움 난이도 완료:
UI_GATHERNODE_REQUIREMENT,71029905968586752,<color=red>{Requirement} 필요</color>
UI_HEALTHPICKUP_INTERACT,71039570580332544,체력 {percentage:percent()}% 회복
UI_HEALTHPICKUP_NAME,71039568562872320,체력 스테이션
UI_HITEFFECT_DESC_FMT,50658861504258048,{trigger}: {effect}
UI_INFOTERMINAL_INTERACT,71029517936746496,열기
UI_INFOTERMINAL_NAME,71029479261069312,도감
UI_INTERACT_PIN,71029310960427008,핀
UI_INTERACTION_LOCKED,81878672011681792,잠김
UI_INTERACTION_MEAT,71029281604493312,획득
UI_ITEM_DESC_FMT,50641214507048960,{attributes:list:|<br>}
UI_ITEMCONTAINER_INTERACT,86195284344823808,아이템 보상 받기
UI_ITEMCONTAINER_NAME,86195272869208064,아이템 컨테이너
UI_KILLS_TEXT,80877989049393152,처치
UI_LOADOUT_EQUIPPED_NONE,70975984860389376,없음
UI_LOADOUT_SLOT_FLAIR,71008883575873536,재능
UI_LOADOUT_SLOT_MELEE,71006502045868032,근접
UI_LOADOUT_SLOT_PRIMARY,71006497910284288,주요
UI_LOADOUT_SLOT_SECONDARY,71006500313620480,보조
UI_LOADOUT_SLOT_ULTIMATE,71006503694229504,정체불명의 고기
UI_LOBBY_TV_NAME,71282475156889600,티비
UI_LOBBY_TV_OFF,71282478541692928,<color=yellow>끄기</color>
UI_LOBBY_TV_ON,71282477010771968,<color=yellow>직원 오리엔테이션 시청</color>
UI_MARKER_FREEMEAT,78544246305447936,무료 고기!
UI_MATERIALS_TITLE,80900142813667328,재료
UI_MEAT_PART_HEAD,71029987690405888,머리
UI_MEAT_PART_LEGS,71030042077945856,다리
UI_MEAT_PART_TORSO,71030010549362688,몸통
UI_MEATCORE_INTERACT,71029870979702784,수확 시작
UI_MEATCORE_NAME,71029824678780928,고기 코어
UI_MEATLOCKER_BACK,74561067920846848,[InputAction:UI/Cancel] 뒤로 가기
UI_MEATLOCKER_EQUIP_BTN,74561255393652736,[InputAction:UI/Submit] 장착
UI_MEATLOCKER_INTERACT_NAME,74562836717563904,고기 보관함
UI_MEATLOCKER_INTERACT_PROMPT,74562840249167872,외형 조정
UI_MEATLOCKER_ROTATE,74561363761885184,회전
UI_MEATLOCKER_SUBTITLE,74560978846412800,// 외형 조정
UI_MEATLOCKER_TITLE,74560976120115200,고기 보관함
UI_MEATNAME_MISSING,71030073136766976,누락된 고기
UI_MODESELECT_DEMOPROGRESS,73195958265962496,데모 진행 상황 정식 게임으로 전송
UI_MULTIPLAYER_BLOCKLIST_HELP_MESSAGE,70426187016368128,"차단 목록에 추가한 사용자 목록을 확인하고 관리합니다.<br><br>차단된 사용자는 귀하가 호스트하는 게임에 참여할 수 없습니다. 제3자가 호스트하는 게임에 같이 참여하게 되면, 차단된 사용자는 자동으로 음소거됩니다."
UI_MULTIPLAYER_BLOCKLIST_HELP_TITLE,70426179655364608,차단 목록 관리
UI_MULTIPLAYER_OBSERVER_HELP_MESSAGE,70426781500239872,"네 번째 플레이어가 관전자 전용 모드로 호스팅된 게임에 접속할 수 있는지 여부를 설정합니다. 관전자는 음성 채팅에는 참여할 수 없지만, 호스트나 연결된 다른 플레이어의 관점에서 게임을 시청할 수 있습니다."
UI_MULTIPLAYER_OBSERVER_HELP_TITLE,70426780619436032,관전자 활성화
UI_OBSERVER_INACTIVE,89551914265407488,<color=yellow>[InputAction:Observer/FollowNextPlayer]</color> 버튼을 눌러 날 죽게 만든 친구 게임 관전하기
UI_OBSERVER_NEXT_PLAYER_BINDING,89551067078914048,다음 플레이어 게임 관전하기 ([InputAction:Observer/FollowNextPlayer])
UI_OBSERVER_PLAYER,89551157478748160,{PlayerName} 게임 관전 중
UI_OPTS_ACCOUNT_RESET_BTN,70352075493404672,계정 초기화
UI_OPTS_ACCOUNT_RESET_MESSAGE,70434640048877568,<b>!!주의!!</b><br><br>계정 진행 상황을 처음 상태로 초기화합니다. 모든 게임 진행 상황과 잠금 해제 정보가 삭제됩니다.
UI_OPTS_ACCOUNT_RESET_TITLE,70434638551511040,계정 초기화
UI_OPTS_ACCOUNT_TAB,68549317450723328,계정
UI_OPTS_ACCOUNT_UNSTUCK_BTN,70352078584606720,끼었어요!
UI_OPTS_ACCOUNT_UNSTUCK_MESSAGE,70434646139006976,"넘어져서 일어날 수 없을 때도 있고, 바위와 딱딱한 스테이크 사이에 끼어 꼼짝 못 할 때도 있습니다.<br><br>마지막 리스폰 지점에서 리스폰합니다."
UI_OPTS_ACCOUNT_UNSTUCK_TITLE,70434644754886656,끼임 해제
UI_OPTS_ACCOUNT_UPLOAD_LOGS_BTN,70352077099823104,로그 업로드
UI_OPTS_ACCOUNT_UPLOAD_LOGS_MESSAGE,70434643219771392,디버깅 분석을 위해 게임 로그를 OMG에 업로드합니다.
UI_OPTS_ACCOUNT_UPLOAD_LOGS_TITLE,70434641781125120,디버그 로그 업로드
UI_OPTS_ADVANCED_GROUP,70287955960197120,고급
UI_OPTS_AUDIO_DIALOGUE_VOL,70324071845261312,대화 볼륨
UI_OPTS_AUDIO_DIALOGUE_VOL_MESSAGE,70415465322573824,"게임 플레이 중 화면 속 화면 상호작용으로 나타나는 음성 더빙 대화의 볼륨을 조절합니다. 또한, 컷신의 대사 볼륨도 조절합니다.<br><br>테스트 사운드를 재생하려면 [InputAction:UI/Interact] 버튼을 누르세요"
UI_OPTS_AUDIO_DIALOGUE_VOL_TITLE,70415464353689600,대화 볼륨
UI_OPTS_AUDIO_ENEMIES_VOL,70324078786834432,적 볼륨
UI_OPTS_AUDIO_ENEMIES_VOL_MESSAGE,70417417343266816,적에게서 나는 효과음의 볼륨을 조절합니다.<br><br>테스트 사운드를 재생하려면 [InputAction:UI/Interact] 버튼을 누르세요
UI_OPTS_AUDIO_ENEMIES_VOL_TITLE,70417416386965504,적 볼륨
UI_OPTS_AUDIO_ENVIRONMENT_VOL,70324083664809984,환경 볼륨
UI_OPTS_AUDIO_ENVIRONMENT_VOL_MESSAGE,70417712496439296,"게임 환경에서 물, 장애 구역, 비프음, 삑삑 소리 등 주변 소리의 볼륨을 조절합니다.<br><br>테스트 사운드를 재생하려면 [InputAction:UI/Interact] 버튼을 누르세요"
UI_OPTS_AUDIO_ENVIRONMENT_VOL_TITLE,70417711691132928,환경 볼륨
UI_OPTS_AUDIO_MASTER_VOL,70324061531467776,마스터 볼륨
UI_OPTS_AUDIO_MASTER_VOL_MESSAGE,70415212070498304,모든 게임 오디오의 전체 볼륨을 제어합니다.
UI_OPTS_AUDIO_MASTER_VOL_TITLE,70415210757681152,마스터 볼륨
UI_OPTS_AUDIO_MUSIC_VOL,70324070058487808,음악 볼륨
UI_OPTS_AUDIO_MUSIC_VOL_MESSAGE,70415382266966016,배경 음악의 볼륨을 조절합니다.
UI_OPTS_AUDIO_MUSIC_VOL_TITLE,70415381159669760,음악 볼륨
UI_OPTS_AUDIO_PLAYER_VOL,70324081903202304,캐릭터 볼륨
UI_OPTS_AUDIO_PLAYER_VOL_MESSAGE,70417544044802048,고기 교체나 무기 발사 등 플레이어 캐릭터에서 나오는 효과음의 볼륨을 조절합니다.<br><br>테스트 사운드를 재생하려면 [InputAction:UI/Interact] 버튼을 누르세요
UI_OPTS_AUDIO_PLAYER_VOL_TITLE,70417543201746944,캐릭터 볼륨
UI_OPTS_AUDIO_TAB,68549280075280384,오디오
UI_OPTS_AUDIO_UI_VOL,70324085401251840,UI 볼륨
UI_OPTS_AUDIO_UI_VOL_MESSAGE,70418003727937536,UI 상호작용 노이즈와 사운드 효과의 볼륨을 제어합니다.<br><br>테스트 사운드를 재생하려면 [InputAction:UI/Interact] 버튼을 누르세요
UI_OPTS_AUDIO_UI_VOL_TITLE,70418002318651392,UI 볼륨
UI_OPTS_AUDIO_VOIP_CHAT_MODE,70324073653006336,음성 채팅 모드
UI_OPTS_AUDIO_VOIP_CHAT_MODE_MESSAGE,70415803299590144,게임 내 음성 채팅을 위해 마이크가 활성화 상태인 경우 [InputAction:Global/PushToTalk] 제어 방식<br><br><b>푸시 투 토크</b><br>말하는 동안 [InputAction:Global/PushToTalk] 버튼을 길게 누릅니다.<br><br><b>토글</b><br>마이크를 활성화하려면 [InputAction:Global/PushToTalk] 버튼을 한 번 누릅니다. [InputAction:Global/PushToTalk] 버튼을 다시 눌러 끌 때까지 마이크가 활성화 상태가 됩니다.<br><br><b>오픈마이크</b><br>버튼을 누를 필요가 없습니다. 마이크가 항상 활성화되어 있습니다.
UI_OPTS_AUDIO_VOIP_CHAT_MODE_TITLE,70415802246819840,음성 채팅 모드
UI_OPTS_AUDIO_VOIP_VOL,70324075414614016,음성 채팅 볼륨
UI_OPTS_AUDIO_VOIP_VOL_MESSAGE,70417228972879872,게임 내 음성 채팅의 전체 볼륨을 제어합니다.<br><br>테스트 사운드를 재생하려면 [InputAction:UI/Interact] 버튼을 누르세요
UI_OPTS_AUDIO_VOIP_VOL_TITLE,70417227920109568,음성 채팅 볼륨
UI_OPTS_BACK_INPUT,68857711046881280,[InputAction:UI/Cancel] 뒤로 가기
UI_OPTS_BLOCK_BTN,69867107889639424,차단
UI_OPTS_BLOCK_PLAYER_MESSAGE,70418828219052032,- 상대에게서 들어오는 게임 초대를 차단합니다.<br>- 게임에 참여하거나 상호 작용하는 것을 차단합니다.<br>- 게임에 참여하는 동안 해당 플레이어가 있으면 해당 플레이어의 음성을 음소거합니다.
UI_OPTS_BLOCK_PLAYER_TITLE,70418745436073984,플레이어 차단
UI_OPTS_BUILD_INFO,71065577514266624,플랫폼: {PlatformName}    |    빌드: {BuildId} |    프로토콜 해시: {ProtocolHash}
UI_OPTS_BUTTON_LAYOUT_TITLE,70422436385845248,버튼 레이아웃
UI_OPTS_BUTTONBINDINGS_GROUP,70738650857402368,버튼 설정
UI_OPTS_CONTROLLER_TAB,68549200207343616,컨트롤러
UI_OPTS_DEBUG_TAB,78987062803361792,디버그
UI_OPTS_DEFAULT_HELP_MESSAGE,70399200684077056,미구현 도움말 텍스트
UI_OPTS_DEFAULT_HELP_TITLE,70399197446074368,미구현 도움말 제목
UI_OPTS_EXIT,67081951311228928,게임 종료
UI_OPTS_FX_GROUP,70324077025226752,FX
UI_OPTS_GAMEPAD_AIM_ASSIST_STRENGTH,70282068478586880,조준 지원 강도
UI_OPTS_GAMEPAD_AIM_ASSIST_STRENGTH_HELP_MESSAGE,70414381661220864,"조준 지원 시스템이 조준선을 가장 가까운 타겟 쪽으로 얼마나 강하게 당기는지를 설정합니다.<br><br>조준 지원 기능은 a) 트리거를 당겨 반동이 발생하는 동안, b) 트리거를 가볍게 눌렀을 때 활성화됩니다.<br><br>값이 높을수록 타겟 쪽으로 더 빨리 움직입니다."
UI_OPTS_GAMEPAD_AIM_ASSIST_STRENGTH_HELP_TITLE,70414380562313216,조준 지원 강도
UI_OPTS_GAMEPAD_AIM_SENSITIVITY,70282066817642496,조준 감도
UI_OPTS_GAMEPAD_AIM_SENSITIVITY_HELP_MESSAGE,70414082783506432,트리거를 눌러 발사하는 동안 전반적인 게임패드 모양 감도 비율입니다.<br><br>사격 시 감도를 낮추고 조준을 더 세밀하게 제어하고 싶다면 이 값을 낮추세요.
UI_OPTS_GAMEPAD_AIM_SENSITIVITY_HELP_TITLE,70414081336471552,조준 감도
UI_OPTS_GAMEPAD_INVERT_LOOK,70282043379871744,Y축 반전(시점)
UI_OPTS_GAMEPAD_INVERT_LOOK_HELP_MESSAGE,70412802040197120,"게임패드를 사용할 때 화면 반전을 켜거나 끕니다.<br><br>켰을 때, 컨트롤을 위로 올리면 캐릭터가 아래를 내려다보게 됩니다."
UI_OPTS_GAMEPAD_INVERT_LOOK_HELP_TITLE,70412800836431872,Y축 반전(게임패드)
UI_OPTS_GAMEPAD_INVERT_MOVE,70282061679620096,Y축 반전(이동)
UI_OPTS_GAMEPAD_INVERT_MOVE_HELP_MESSAGE,70412958634536960,"게임패드를 사용할 때 이동 반전을 켜거나 끕니다.<br><br>캐릭터의 앞/뒤로 이동을 반전합니다.<br><br>거의 필요하지 않지만, 오래된 컨트롤러에서는 가끔 유용합니다."
UI_OPTS_GAMEPAD_INVERT_MOVE_HELP_TITLE,70412957338497024,이동 축 반전(게임패드)
UI_OPTS_GAMEPAD_LOOK_SPEED_X,70282063558668288,게임패드 수평 속도
UI_OPTS_GAMEPAD_LOOK_SPEED_X_HELP_MESSAGE,70413633917480960,게임패드를 사용할 때 좌우 축의 시점 감도입니다.
UI_OPTS_GAMEPAD_LOOK_SPEED_X_HELP_TITLE,70413632646606848,게임패드 수평 속도
UI_OPTS_GAMEPAD_LOOK_SPEED_Y,70282065131532288,게임패드 수직 속도
UI_OPTS_GAMEPAD_LOOK_SPEED_Y_HELP_MESSAGE,70413813823762432,게임패드를 사용할 때 상하 축의 시점 감도입니다.
UI_OPTS_GAMEPAD_LOOK_SPEED_Y_HELP_TITLE,70413812913598464,게임패드 수직 속도
UI_OPTS_GAMEPLAY_TAB,68549116929437696,게임플레이
UI_OPTS_GENERAL_GROUP,70287948653719552,일반
UI_OPTS_GENERAL_TAB,75389016626622464,일반
UI_OPTS_INPUT_GROUP,70279105097953280,입력
UI_OPTS_INVITE_PLAYERS_BTN,70418305227091968,플레이어 초대
UI_OPTS_KEYBIND_BINDING,70421327982292992,설정:
UI_OPTS_KEYBIND_CANCEL_PROMPT,70421608761585664,[InputAction:UI/Cancel] 버튼으로 취소
UI_OPTS_KEYBIND_ERROR_CANCEL,70422066154631168,취소
UI_OPTS_KEYBIND_ERROR_CONFIRM,70422064200085504,확인
UI_OPTS_KEYBIND_ERROR_MSG,70421794263068672,다른 행동이 설정 해제됩니다. <br>{OtherActionName}<br>정말 계속하시겠습니까?
UI_OPTS_KEYBIND_ERROR_TITLE,70421791478050816,이미 설정된 키
UI_OPTS_KEYBIND_GROUP_COMMUNICATION,70420944467718144,의사소통
UI_OPTS_KEYBIND_GROUP_MISC,70420950109057024,기타
UI_OPTS_KEYBIND_GROUP_MOVEMENT,70420842411913216,이동
UI_OPTS_KEYBIND_GROUP_WEAPONS,70420902256242688,무기 & 능력
UI_OPTS_KEYBIND_PROMPT,70421315709759488,아무 키나 누르세요
UI_OPTS_KEYBIND_PROMPT_GAMEPAD,70422265480540160,아무 버튼이나 누르세요
UI_OPTS_KEYBINDS_GROUP,70738498176348160,키 설정
UI_OPTS_KEYBOARD_TAB,68549159149301760,키보드
UI_OPTS_KICK_BTN,69867067745955840,추방
UI_OPTS_KICK_PLAYER_MESSAGE,70418717061607424,- 현재 게임에서 플레이어를 추방합니다.<br>- 플레이어는 메인 메뉴에서 다시 참여를 시도할 수 있습니다
UI_OPTS_KICK_PLAYER_TITLE,70418437070843904,플레이어 추방
UI_OPTS_LAST_SAVE_TXT,68548738615799808,마지막 세이브: <br>{0:timespan(less|minute)} 전<br><br>{Tag}
UI_OPTS_LOC_GROUP,75400145952239616,현지화
UI_OPTS_LOCALE,75400155171319808,언어
UI_OPTS_LOCALE_HELP_MESSAGE,75399913063510016,게임에서 표시되는 텍스트의 언어를 선택합니다.
UI_OPTS_LOCALE_HELP_TITLE,75399909397688320,언어
UI_OPTS_LOG_UPLOAD_COMPLETE_MSG,71062034984136704,디버그 로그가 OMG에 업로드되었습니다.<br>감사합니다!
UI_OPTS_LOG_UPLOAD_COMPLETE_TITLE,71062033079922688,로그 업로드 완료
UI_OPTS_MOUSE_INVERT_Y,70272412423221248,Y축 반전
UI_OPTS_MOUSE_INVERT_Y_HELP_MESSAGE,70412173477605376,"마우스를 사용할 때 시점 반전을 켜거나 끕니다.<br><br>켰을 때, 컨트롤을 위로 올리면 캐릭터가 아래를 내려다보게 됩니다."
UI_OPTS_MOUSE_INVERT_Y_HELP_TITLE,70412171606945792,Y축 반전(마우스)
UI_OPTS_MOUSE_SPEED_X,70272546573840384,마우스 수평 속도
UI_OPTS_MOUSE_SPEED_X_HELP_MESSAGE,70412460183449600,마우스를 사용할 때 좌우 축의 시점 감도입니다.
UI_OPTS_MOUSE_SPEED_X_HELP_TITLE,70412458447007744,마우스 수평 속도
UI_OPTS_MOUSE_SPEED_Y,70272548553551872,마우스 수직 속도
UI_OPTS_MOUSE_SPEED_Y_HELP_MESSAGE,70412693684547584,마우스를 사용할 때 상하 축의 시점 감도입니다.
UI_OPTS_MOUSE_SPEED_Y_HELP_TITLE,70412692216541184,마우스 수직 속도
UI_OPTS_MULTIPLAYER,67081471604486144,멀티플레이어
UI_OPTS_MULTIPLAYER_TITLE,69893490762248192,멀티플레이어
UI_OPTS_MUTE_BTN,69867030940938240,음소거
UI_OPTS_OPTIONS,67081590919852032,옵션
UI_OPTS_QUIT_TO_MAINMENU,67081878519083008,메인 메뉴 나가기
UI_OPTS_RANGUS_TITLE,68857709201387520,랭거스 메뉴
UI_OPTS_RESET_DEFAULT_CANCEL,70371653040664576,취소
UI_OPTS_RESET_DEFAULT_CONFIRM,70371646627573760,예
UI_OPTS_RESET_DEFAULT_MSG,70371438707535872,이 설정을 기본값으로 복원하시겠습니까?
UI_OPTS_RESET_DEFAULT_TITLE,70371436950122496,기본값으로 복원하시겠습니까?
UI_OPTS_RESTORE_DEFAULTS_BTN,70244262565834752,기본값 복원
UI_OPTS_RETURN_MOTHERSHIP,67081787087450112,런 포기
UI_OPTS_SAVE_APPLY,71090571845758976,[InputAction:UI/Submit] 적용
UI_OPTS_SELECT_INPUT,68857825807233024,[InputAction:UI/Submit] 선택
UI_OPTS_TAB_LEFT,68548893402394624,[InputAction:UI/PreviousTab]
UI_OPTS_TAB_RIGHT,68549357606989824,[InputAction:UI/NextTab]
UI_OPTS_UNMUTE_BTN,69869271953371136,음소거 해제
UI_OPTS_VIDEO_QUALITY,70287954148257792,품질
UI_OPTS_VIDEO_QUALITY_MESSAGE,70411523725389824,"전반적인 그래픽 품질 수준입니다. 0부터 5까지 있으며, 값이 높을수록 그래픽 세부 사항이 더욱 향상됩니다.<br><br>이 설정은 안티앨리어싱, 텍스처 크기, 세부 수준(LOD) 거리 등 기본 그래픽 설정에 영향을 미칩니다."
UI_OPTS_VIDEO_QUALITY_TITLE,70411522215440384,품질 수준
UI_OPTS_VIDEO_RESOLUTION,70318948783943680,해상도
UI_OPTS_VIDEO_RESOLUTION_MESSAGE,70399271093858304,"게임 화면의 디스플레이 너비, 높이, 주사율입니다.<br><br>이 설정은 전체 화면 또는 창 모드에서만 사용할 수 있습니다."
UI_OPTS_VIDEO_RESOLUTION_TITLE,70399256933888000,화면 해상도
UI_OPTS_VIDEO_TAB,68549243832299520,동영상
UI_OPTS_VIDEO_WINDOW_MODE,70287952470536192,화면 모드
UI_OPTS_VIDEO_WINDOW_MODE_MESSAGE,70399243101073408,<b>전체 화면</b><br>게임 엔진 전용 전체 화면입니다.<br><br><b>테두리 없는 창 모드</b><br>화면과 동일한 기본 해상도로 설정된 테두리 없는 화면입니다.<br><br><b>창 모드</b><br>최소화/최대화/크기 조절 등의 기본 컨트롤로 크기 조절이 가능한 게임 화면입니다.
UI_OPTS_VIDEO_WINDOW_MODE_TITLE,70399203120967680,화면 모드
UI_REQUIREMENT_CARLQUEST_FMT,74971176676352000,"퀘스트 완료: ""{quest}"""
UI_REQUIREMENT_CAUGHTFISH,75676451393757184,물고기 {count}마리 잡기
UI_REQUIREMENT_CURRENCY,73516433013727232,{amount} {currency} 소지하기
UI_REQUIREMENT_EMPLOYEERANK_FMT,52949564150243328,직원 등급 {rank}
UI_REQUIREMENT_LIFETIME_CURRENCY,81905411479822336,{currency} 획득
UI_REQUIREMENT_LIFETIME_FISH,81905413581168640,{currency} 소지
UI_REQUIREMENT_LIFETIME_MATERIALS,81909229068214272,{currency} 수집
UI_REQUIREMENT_NONE,52948800652697600,요구 사항 없음
UI_REQUIREMENT_PLANET_FMT,52949486878580736,{planet} 완료
UI_REQUIREMENT_PROGRESS_FMT,75687597366566912,<color=#{color}>{count}</color>/{total}
UI_REQUIREMENT_PROGRESSFLAG_FMT,52948896446406656,{flag} 필요
UI_REQUIREMENT_SMARTMEAT_RANK,75676449292410880,스마트 고기를 {rank} 등급으로 업그레이드하세요
UI_REQUIREMENT_SOLARSYSTEM_FMT,52949170154102784,{difficulty}{ascension:cond:>0? A{}|} 난이도로 {system} 완료
UI_REQUIREMENT_STAT_MEATSWAPPED_FMT,52949168367329280,{count:plural:{} 고기|{} 고기} 교체하기
UI_REQUIREMENT_STAT_NONABANDONEDRUNS_FMT,88708929729585152,런 {count}회 완료하기
UI_REQUIREMENT_STAT_PLANETSCOMPLETED_FMT,52949166408589312,{count:plural:{} 행성|{} 행성}에서 대피하기
UI_REQUIREMENT_STAT_PLANETSVISITED_FMT,52949169457848320,{count:plural:{} 행성|{} 행성} 방문하기
UI_REQUIREMENT_STAT_RUNSFAILED_FMT,52949023231827968,{count:plural:{} 런|{} 런} 실패하기
UI_REQUIREMENT_UNLOCK_ARTIFACT,73516434381070336,유물 {Count:plural:능력|능력} {Count}번 잠금 해제하기
UI_REQUIREMENT_UNLOCK_FLAIR,73516449342152704,재능 {Count:plural:조각|조각} {Count}번 잠금 해제하기
UI_REQUIREMENT_UNLOCK_WEAPON,73516435505143808,{Count:plural:{} 무기|{} 무기} 잠금 해제하기
UI_REQUIREMENT_WEAPONRANK_ANY,73516429897359360,아무 무기를 {rank} 등급까지 올리기
UI_REQUIREMENT_WEAPONRANK_SPECIFIC,73516431621218304,{family} 항목을 {rank} 등급까지 올리기
UI_REQUIREMENT_WEAPONSTAT_OBJECTIVES_FMT,52949730919964672,{family} 항목으로 주요 {count:plural:명령|명령} {count}번 완료하기
UI_REQUIREMENTS,58737776349143040,요구 사항:
UI_RESPAWN_HUNTER_COST_FMT,71029344326115328,[ 타이머 리스폰 {CostSeconds}초 ]
UI_RUNINFO_DIFFICULTY_TITLE,89147099684265984,난이도:
UI_RUNINFO_MODE_TITLE,89160478117322752,비공개:
UI_RUNINFO_PLANET_FMT,89160784477675520,> 행성 {current}/{total}: {planet}
UI_RUNINFO_SYSTEM_TITLE,89160599483703296,행성계:
UI_SAVEMGMT_BIRTHDAYS_DATA,76458893697282048,{BirthdayCount}
UI_SAVEMGMT_BIRTHDAYS_HEADER,76458631045771264,생일:
UI_SAVEMGMT_CAMPAIGN_PROGRESS_DATA,76459164905172992,행성계 {CurrentSystem}/{SystemCount}<br>{CurrentSystemName} // {CurentPlanetName}
UI_SAVEMGMT_CAMPAIGN_PROGRESS_HEADER,76458491664855040,캠페인 진행 상황:
UI_SAVEMGMT_CARLCOIN_COUNT,76457673867849728,{CarlCoinCount}
UI_SAVEMGMT_COMPLETION_LONG,76458159945740288,완료: {CompletionPercent}%
UI_SAVEMGMT_COMPLETION_SHORT,76455871910965248,{CompletionPercent}%
UI_SAVEMGMT_CREATE_EMPLOYEE_BTN,76458001149390848,+ 새 직원 생성
UI_SAVEMGMT_CURRENT_LOCATION_HEADER,76458409695571968,현재 위치:
UI_SAVEMGMT_DATAPOINT_COUNT,76457671896526848,{DataPointCount}
UI_SAVEMGMT_DELETE_SAVE_BTN,76458682354692096,[InputAction:UI/Revert] 세이브 삭제
UI_SAVEMGMT_DIFFICULTY_LONG,77171850999689216,난이도: {Difficulty}
UI_SAVEMGMT_DIFFICULTY_SHORT,77171691624525824,{Difficulty}{Ascension:cond:>0? A{}|}
UI_SAVEMGMT_DIFFICULTY_TITLE,77174107421995008,난이도:
UI_SAVEMGMT_EMPLOYEE_NAME,76455159420350464,직원 {EmployeeNumber}
UI_SAVEMGMT_GLIZZY_COUNT,76457598835945472,{GlizzyCount}
UI_SAVEMGMT_MSGBOX_CONFIRM,76459568292360192,세이브 삭제
UI_SAVEMGMT_MSGBOX_CREATE_SAVE_MSG,77599484736892928,랭거스 직원 {EmployeeNumber} 생성
UI_SAVEMGMT_MSGBOX_CREATE_SAVE_TITLE,77599481565999104,새로운 직원을 고용하시겠습니까?
UI_SAVEMGMT_MSGBOX_DELETE_SAVE_MSG,76459477468901376,직원 {EmployeeNumber}에 대한 세이브 파일을 삭제하시겠습니까?<br>이 작업은 되돌릴 수 없습니다.
UI_SAVEMGMT_MSGBOX_DELETE_SAVE_TITLE,76459424876523520,세이브를 삭제하시겠습니까?
UI_SAVEMGMT_MSGBOX_LOAD_SAVE_MSG,77150388238610432,직원 {EmployeeNumber}에 대한 세이브 파일을 불러오시겠습니까?
UI_SAVEMGMT_MSGBOX_LOAD_SAVE_TITLE,77150385709445120,직원을 변경하시겠습니까?
UI_SAVEMGMT_NO_VALID_SAVES_MSG,77599802421866496,유효한 세이브 파일이 없습니다. 플레이할 수 있는 새로운 직원이 자동으로 생성됩니다.
UI_SAVEMGMT_NO_VALID_SAVES_TITLE,77599796109438976,유효한 직원 파일이 없습니다
UI_SAVEMGMT_PLAYTIME_LONG,76458052697387008,플레이 시간: {Days:D2}:{Hours:D2}:{Minutes:D2}
UI_SAVEMGMT_PLAYTIME_SHORT,76456085350707200,{Days:D2}:{Hours:D2}:{Minutes:D2}
UI_SAVEMGMT_SAVE_BTN_DETAIL,76457884715511808,변경
UI_SAVEMGMT_SAVE_BTN_TITLE,76457842160103424,세이브 저장
UI_SAVEMGMT_SAVE_DETAIL_TITLE,76458374538915840,세이브 상세 정보
UI_SAVEMGMT_SYSTEM_STATUS_SHORT,76455956396830720,행성계 {CurrentSystem}/{SystemCount}
UI_SAVEMGMT_TITLE_BAR,76459334883536896,세이브 로드
UI_SMARTMEAT_NAME,71029965485760512,스마트 고기
UI_TAG_EQUIPPED,63534599735599104,장착 완료
UI_TERMINAL_EXIT,53935205264646144,터미널 나가기
UI_TERMINAL_SMARTMEAT_TITLE,61538986663862272,직원 혜택 터미널
UI_TERMINAL_WEAPONS_BACK,53934967472775168,무기 선택으로 돌아가기
UI_TERMINAL_WEAPONS_TITLE,53934907058020352,무기 터미널
UI_TRAVEL_LOBBY,71871682891997184,돌아가기
UI_TRAVEL_PLANET,71871685479882752,다음 행성
UI_TUTORIALPOPUP_CONFIRM,86931484559007744,알겠습니다!
UI_TUTORIALPOPUP_NEXT,86931490321981440,다음
UI_TUTORIALPOPUP_PAGE_FMT,86949908160962560,{Current}/{Total}
UI_UGPRADEGRID_SMARTMEAT_SUBCATEGORY,61538997678104576,최고의 무기입니다
UI_UPGRADEGRID_ACTIVE,78691822283513856,활성화
UI_UPGRADEGRID_BLOCKED_DESC,54322889858473984,인접한 칸을 잠금 해제하여 도전을 해제하세요
UI_UPGRADEGRID_CHALLENGE_TITLE,54322765962928128,도전
UI_UPGRADEGRID_COST_FMT,54269938343337984,비용: <b>{points}</b>점
UI_UPGRADEGRID_DESC,61619816316788736,등급을 올리면 업그레이드 점수를 얻을 수 있습니다.
UI_UPGRADEGRID_MAXDEMORANK,63774850287595520,최대 데모 등급
UI_UPGRADEGRID_MAXRANK,54247495897702400,최대 등급
UI_UPGRADEGRID_POINTS_AVAIL,53958569882542080,사용 가능한 점수:
UI_UPGRADEGRID_PROGRESSCOUNT_FMT,59426037270831104,{current} / {total}
UI_UPGRADEGRID_RANK_UP,53960174602280960,등급 상승
UI_UPGRADEGRID_SMARTMEAT,61538996168155136,스마트 고기
UI_UPGRADEGRID_UNLOCK,54247498640777216,잠금 해제
UI_UPGRADEGRID_UNLOCKS_TITLE,54323001598926848,잠금 해제:
UI_UPGRADEGRID_WEAPONS,53981706342883328,무기 등급
UI_UPGRADEGRID_WEAPONS_BACK,63713969943076864,무기 검사로 돌아가기
UI_WEAPON_CRIT_CHANCE_TITLE,63446363281547264,치명타
UI_WEAPON_MAGAZINE_TITLE,63446478268391424,탄창 크기
UI_WEAPON_RANGE_FMT,63445941418450944,{Range:0.0}m
UI_WEAPON_RANGE_TITLE,63445794089328640,사거리
UI_WEAPON_RATE_TITLE,63445951468003328,발사 속도
UI_WEAPONINSPECT_BASEDAMGE_FMT,63374233634332672,기본 피해량: {MinDamage} - {MaxDamage}{ProjectileCount:| x{}}
UI_WEAPONINSPECT_RELOAD_BONUS,63529341047267328,재장전 보너스:
UI_WEAPONINSPECT_TEST_WEAPON,63534728131633152,사격장에서 테스트
UI_WEAPONINSPECT_UNLOCK,63351818913046528,잠금 해제
UI_WEAPONINSPECT_UNLOCK_DESC,63364702686666752,무기 등급을 올리려면 무기를 잠금 해제해야 합니다.
UI_WEAPONINSPECT_UPGRADE_DESC,63364711805083648,도전을 완료해 무기 업그레이드를 잠금 해제하세요.<br>등급을 올려 업그레이드 점수를 획득하고 사용하세요.
UI_WEAPONINSPECT_UPGRADES,63351863464943616,등급 업그레이드
UI_WEAPONTERMINAL_INSPECT,56189457739538432,무기 검사
WEAPON_CRIT_CHANCE_FMT,58682730970341376,{CritChance:percent()}% / 피해 {Damage:0.00}x
WEAPON_DAMAGE_FMT,58681057103306752,피해량: {MinDamage} - {MaxDamage}{ProjectileCount:| x{}}{DamageType: ({})|}
WEAPON_EXPOSIVE_RADIUS_FMT,58683047074062336,폭발 반경: {Radius}m
WEAPON_HEAL_FMT,58683397642379264,치유량: {HealBase}
WEAPON_HEAL_RADIUS_FMT,58683398825172992,치유 범위: {Radius}
WEAPON_MAGAZINE_FMT,63446480793362432,{MaxCount}
WEAPON_RATE_FMT,58682157948723200,초당 {ShotsPerSecond:0.00}발
WEAPON_SWITCH_CHARGED,37939439253577728,충전됨
WISHLIST_ON_STEAM,45665676281503744,<b>STEAM</b>에서<br>찜 목록 추가
UI_CODEX_VIEW_FULL_FILE,98555893498441728,[InputAction:UI/Interact] 전체 파일 보기
UI_SMART_GLASS_ASSENTION_FMT,99191309422551040,A {rank}
UI_SMART_GLASS_SYSTEM_HEADER_FMT,99191769298624512,행성계 {num}:
UI_CODEX_EXIT_TERMINAL,94230730657165312,터미널 나가기
UI_CODEX_FAQ_TAB,96055162325364736,자주 묻는 질문
UI_CODEX_ITEMS_RESOURCES_TAB,96055160647643136,아이템 & 자원
UI_CODEX_MEAT_PARTS_TAB,96055158953144320,고기 부위
UI_CODEX_RANGUS_FILES_TAB,96055117706358784,랭거스 파일
UI_CODEX_TITLE_BAR,94228823121260544,도감
UI_RUNINFO_MODE_CLIENT,89516919760084992,고객
UI_RUNINFO_PROGRESS_FMT,91309503138488320,{current}/{total}
UI_COMMON_CANCEL_BINDING,99596914248314880,[InputAction:UI/Cancel]
UI_BOSS_HEALTHBAR_ALIVE,106887418227974144,{current} / {max}{invulnerable: --invulnerable--|}
UI_TRADER_CURRENCY_COUNT_ONLY,107212082384986112,{count}
UI_TRADER_CURRENCY_COUNT_WITH_NAME,107212080807927808,{count} {name}{count:|s}
UI_LOADOUT_PLANET_INDEX,107215447810629632,행성 {index}
UI_LOBBY_LAUNCH_FMT,107300806561095680,{seconds}초 후 발사...
UI_SKIP_BUTTON_COUNT_FMT,109114325996658688,{Current}/{Required}
UI_RANGUSTERMINAL_DIFFICULTY,109737168404996096,{Difficulty}{Ascension:cond:>0? A{}|}
MINION_COUNT_FMT,114031240531664896,{CurrentCount}/{MaxCount} {MinionName}
UI_INSPECT_STATS_VALUE,114477960383098880,{currentVal:0.##}
UI_INSPECT_ULTIMATE_ABILITY_BIND,114490554758131712,[InputAction:Gameplay/ArtifactAbility]
UI_INSPECT_TORSO_ABILITY_BIND,114490551952142336,[InputAction:Gameplay/TorsoAbility]
UI_INSPECT_LEGS_ABILITY_BIND,114490549532028928,[InputAction:Gameplay/LegsAbility]
UI_INSPECT_HEAD_ABILITY_BIND,114490544754716672,[InputAction:Gameplay/HeadAbility]
UI_FLAIR_SLOT_FMT,114059281903378432,재능 {slot}
UI_INTERACTION_ARTIFACT_CHEST_TEXT,114805155298271232,획득
UI_INSPECT_PASSIVE_DETAIL,116378994684653568,패시브: {PassiveDetails}
UI_INSPECT_WEAPON_DAMAGE_BASE,116695500194770944,{Min} - {Max}
UI_INSPECT_SINGLE_BONUS_FMT,116695504263245824,{Bonus:0.00}
UI_INSPECT_TWO_BONUS_FMT,116695511330648064,{Bonus1:0.00}% / {Bonus2:0.00}
UI_INSPECT_WEAPON_RANGE_BASE,116695512668631040,{Range}m
UI_INSPECT_WEAPON_RATE_BASE,116695514245689344,초당 {ShotsPerSecond:0.00}발
UI_INSPECT_WEAPON_CRIT_BASE,116695515885662208,{CritChance:0.00}% / 피해 {Damage:0.00}x
UI_INSPECT_WEAPON_STAGGER_CHANCE,116705071831379968,공격 시 경직 확률 {StaggerChancePct}%
ARTIFACT_TOOLTIP_TITLE,116738349727735808,정체불명의 고기
UI_INSPECT_DURABILITY_VAL,116767905265152000,{DurabilityPct}%
UI_INSPECT_ABILITY_COOLDOWN,116778133167730688,쿨다운: {CooldownVal}초
UI_HEALTHBAR_CURRENT_FMT,118824193619910656,{current:cond:>0?{}|{deadString}}
UI_MULTIPLAYER_PLAYER_FMT,118839206027976704,플레이어: {name} ({status})
UI_MULTIPLAYER_OBSERVER_FMT,118840737917820928,관전자: {name}
UI_REWARD_WEAPON,119210461054885888,+ 무기 잠금 해제: {name}
UI_REWARD_PROGRESS_FLAG,119210458588635136,+ {name}
UI_REWARD_CURRENCY,119210456084635648,"+ <sprite name=""{icon}""> {count} {name}"
UI_TRADER_CURRENCY_COUNT_AND_QUANTITY,119577683216556032,{count} ({HaveQuantity})
SHRINE_REWARD_ANNOUNCEMENT_ITEM_FOR_PLANET,121420383809167360,<color={RewardColor}>{ItemDescription}</color> 행성 지속 시간
UI_UPGRADEGRID_REFUND_FMT,121792385816453120,[InputAction:UI/Submit] 점수 환불 ({points})
SHRINE_REWARD_LIST,124328309829918720,{rewards:list:|<br>}
SHRINE_REWARD_ANNOUNCEMENT_ITEM_SECONDS,124636897391665152,<color={RewardColor}>{ItemDescription}</color> {Seconds}초
SHRINE_REWARD_ANNOUNCEMENT_CURRENCY,124707854831575040,<color={RewardColor}>{Amount} {CurrencyName}{Amount:|s}</color> 수상
SHRINE_REWARD_ANNOUNCEMENT_HUNTER_TIMER_SECONDS,124705097009586176,헌터 도착 가속 <color={RewardColor}>{Seconds}초</color>
SHRINE_REWARD_ANNOUNCEMENT_ITEM_REMOVED,124941545432408064,<color={RewardColor}>인벤토리에서 무작위 아이템을 제거했습니다</color>
SHRINE_REWARD_ANNOUNCEMENT_ITEM_PERMANENT,124968189224280064,<color={RewardColor}>{ItemDescription}</color>
UI_CURRENCY_COST,124979449743532032,<color=#{costColor}>{cost}</color> {currency} ({have})
UI_REQUIREMENT_LIFETIME_SHRINES_COMPLETED_TOTAL,126780333691494400,{Count} 신전 이벤트 완료
UI_REQUIREMENT_LIFETIME_SHRINES_COMPLETED_UNIQUE,126780373466079232,{Count} {Type} 신전 이벤트 완료
CURRENCY_CHANGE_POSITIVE_FMT,127527940227325952,+{Count}
CURRENCY_CHANGE_NEGATIVE_FMT,127527981511860224,-{Count}
CURRENCY_TRADER_HEADER_QUANTITY,119475354060447744,수량
CURRENCY_TRADER_HEADER_TOTAL_COST,119475407915311104,총 비용
CURRENCY_TRADER_HEADER_TOTAL_EARNINGS,119582439590846464,총 수익
CURRENCY_TRADER_QUANTITY_MAX,119524614583869440,최대
CURRENCY_TRADER_QUANTITY_MIN,119524518509142016,최소
CURRENCY_TRADER_TAB_BUY,118945952767664128,구매
CURRENCY_TRADER_TAB_SELL,118945985441292288,판매
EVENT_HEADER_DESTINATION,99368552669110272,목적지
EVENT_HEADER_LOBBY_SYSTEM_TITLE_FMT,99368598223446016,행성계 {Num}: {SystemName}
EVENT_OBJECTIVE_LOBBY_PLANETS_COMPLETED_FMT,99368869179678720,{Completed}/{ToComplete} 행성 완료
HARVESTER_BOLT_BURGER_ANNOUNCEMENT,121386134288719872,볼트 버거가 접근 중입니다!
HARVESTER_CORE_EXPOSED_ANNOUNCEMENT,121364263652548608,수확기 코어가 뚫렸습니다!
LOADOUT_SELECTION_LOCKED_MESSAGE,99312892363399168,**런 도중에는 무기를 변경할 수 없습니다**
LOCKED_DIFFICULTY_DESCRIPTION,99261101428957184,런 도중에는 난이도를 변경할 수 없습니다.
MESSAGE_BOX_TITLE_QUEST_RESOURCE,120315727867535360,퀘스트 자원
MESSAGE_BOX_INCOMPLETE_LOADOUT_TITLE,106487339029618688,빈 로드아웃 슬롯
MESSAGE_BOX_MESSAGE_QUEST_RESOURCE,120315782422847488,진행 중인 퀘스트에 필요합니다.<br>정말로 판매하시겠습니까?
MESSAGE_BOX_MISSING_FLAIR_MESSAGE,106487341151936512,빈 재능 슬롯이 있습니다. 정말로 계속하시겠습니까?
MESSAGE_BOX_MISSING_MULTIPLE_MESSAGE,106487707394367488,빈 재능 슬롯과 궁극기 슬롯이 있습니다. 정말로 계속하시겠습니까?
MINION_TYPE_LARGE,114031893689655296,대형 하수인
MINION_TYPE_MEDIUM,114031848902877184,중형 하수인
MINION_TYPE_SMALL,114031782632873984,소형 하수인
PLAYER_DISCONNECTED_BANNER,111602280011128832,연결 끊김
PLAYER_JOINED_GAME_BANNER,111593060477952000,게임에 참여했습니다!
RUN_IN_PROGRESS_BANNER,99252636694339584,런 진행 중
TRADER_TERMINAL_ACTION_UNAVAILABLE_NO_SPACE,122837464526086144,화폐 한도에 도달했습니다
UI_BOLTBUGER_READY,107296736416882688,준비
UI_BOLTBUGER_UNREADY,107296734231650304,준비되지 않음
UI_BOLTBURGER_DESC,107295177230508032,로드아웃 변경 & 런 시작
UI_BOLTBURGER_REVERT_CHANGES,107296001297997824,변경 사항 되돌리기
UI_BOLTBURGER_SELECT_PRIMARY,114874435154993152,주요 선택
UI_BOLTBURGER_SELECT_SECONDARY,114874437474443264,보조 선택
UI_BOSS_HEALTHBAR_DEFEATED,106887389748649984,패배
UI_BOSS_HEALTHBAR_FRANKENBEANS_ENRAGED,106898677560238080,분노
UI_BOSS_HEALTHBAR_FRANKENBEANS_STUNNED,106898673873444864,기절
UI_BOSS_HEALTHBAR_FRANKENBEANS_VULNERABLE,106898679623835648,취약
UI_BOSS_HEALTHBAR_MUTANT_PINHIM,106898681771319296,놈을 고정해!
UI_CINEMATIC_SKIP_FMT,107277861499428864,{Button} 길게 눌러 건너뛰기
UI_CODEX_ABILITY,97612639328202752,능력
UI_CODEX_ARTIFACTS_TITLE,117343438825840640,유물
UI_CODEX_CHAINSAWING_TITLE,97078979487264768,전기톱
UI_CODEX_CLOSE_BTN,98649606463614976,닫기
UI_CODEX_CURRENCY_TITLE,97079007689764864,화폐
UI_CODEX_EFFECTS,97578193359138816,효과
UI_CODEX_FAQ_TITLE,97079108843794432,FAQ (튜토리얼)
UI_CODEX_FISHING_TITLE,97078902005886976,낚시
UI_CODEX_HEADS_TITLE,97078659881299968,머리
UI_CODEX_ITEMS_TITLE,97078839842107392,아이템
UI_CODEX_LEGS_TITLE,97078776701054976,다리
UI_CODEX_MINING_TITLE,97078943839875072,채굴
UI_CODEX_MISCELLANEOUS_TITLE,97079047565012992,기타
UI_CODEX_TORSOS_TITLE,97078734208561152,몸통
UI_FLAIR_EQUIP,114460600094941184,재능 장착
UI_FLAIRTERMINAL_MAXRANK,124021102433263616,최대 등급
UI_FLAIRTERMINAL_NEXT_RANK,125050191940149248,다음 등급
UI_FLAIRTERMINAL_TITLE,124008353355522048,재능:
UI_FLAIRTERMINAL_UNLOCK,124021058997051392,무작위 구매
UI_FLAIRTERMINAL_UPGRADE,126464563497394176,업그레이드
UI_HEALTHBAR_DEAD,118818718572601344,사망
UI_HEALTHBAR_DEFEATED,118818721361813504,패배
UI_HEALTHBAR_DESTROYED,118818725145075712,파괴됨
UI_HEALTHBAR_SLOWED,118818723131809792,느려짐
UI_INSPECT_ABILITYDMG_STAT,114482030208544768,능력 피해
UI_INSPECT_ANCIENT_TECH_CATEGORY,114512142534635520,고대 기술
UI_INSPECT_ANCIENT_TECH_REQUIREMENTS,114514052285132800,전기톱 면허가 필요합니다
UI_INSPECT_FISH_CATEGORY,114512145520979968,낚시
UI_INSPECT_FISH_REQUIREMENTS,114514054252261376,낚시 면허가 필요합니다
UI_INSPECT_FLAIR_SUBTITLE,114482711002804224,재능
UI_INSPECT_HEALTH_STAT,119964566292459520,체력
UI_INSPECT_INSPECT_TAB,114475370446516224,살펴보기
UI_INSPECT_ITEMS_SUBTITLE,114516146895384576,아이템
UI_INSPECT_ITEMS_TAB,114475474943406080,아이템
UI_INSPECT_LUCK_STAT,114481908443705344,행운
UI_INSPECT_MEAT_TAB,114475404315521024,고기
UI_INSPECT_MEATDURABILITY_STAT,114482023036284928,고기 내구도
UI_INSPECT_MELEE_WEAPON,114492699859415040,근접
UI_INSPECT_MELEEDMG_STAT,114482025334763520,근접 피해
UI_INSPECT_MINERALS_CATEGORY,114512139007225856,광물
UI_INSPECT_MINERALS_REQUIREMENTS,114514049730801664,채굴 면허가 필요합니다
UI_INSPECT_MOVESPEED_STAT,114482017218785280,이동 속도
UI_INSPECT_NO_FLAIR_MSG,119689766609285120,재능이 부족하다는 게 느껴집니다
UI_INSPECT_NO_FLAIR_TITLE,119689764675710976,비었음
UI_INSPECT_NO_MUTATION_SELECTED,114488744207118336,선택된 돌연변이 없음
UI_INSPECT_PRIMARY_WEAPON,114492653919203328,주요
UI_INSPECT_RESOURCES_TAB,114475499987595264,자원
UI_INSPECT_SECONDARY_WEAPON,114492696814350336,보조
UI_INSPECT_STATS_SUBTITLE,114477124743524352,통계
UI_INSPECT_TOOL_CHAINSAW,114511098043887616,전기톱
UI_INSPECT_TOOL_FISHINGROD,114511098949857280,낚싯대
UI_INSPECT_TOOL_PICKAXE,114511065781301248,곡괭이
UI_INSPECT_TOOLS_TAB,114510960764317696,도구
UI_INSPECT_WEAPON_BONUS_HELP,120347674015625216,무기 등급 및 레벨 업그레이드 보너스
UI_INSPECT_WEAPONS_TAB,114475433012948992,무기
UI_INTERACTION_ARTIFACT_CHEST_NAME,114805101426630656,정체불명의 고기
UI_LABEL_COMING_SOON,107282489863561216,출시 예정!
UI_LEVELUP_TEXT,107284333193060352,레벨 업!
UI_LOADOUT_INVITE,107300099988643840,게임 초대
UI_LOADOUT_PLANET_DROP_ZONE,107215449786146816,투하 구역
UI_LOADOUT_SELECT_FLAIR,113831482676469760,재능을 선택하세요
UI_LOADOUT_SELECT_WEAPON,113831348626513920,무기를 선택하세요
UI_LOADOUT_SOLAR_SYTEM_NO_SELECTION,107214113107599360,선택된 태양계 없음
UI_LOADOUT_SOLAR_SYTEM_TITLE,107214111144665088,태양계:
UI_MEATLOCKER_BOBBLES,118868896717463552,안테나 보블
UI_MEATLOCKER_HEADS,118868894116995072,머리
UI_MEATLOCKER_MELEE,118868898902695936,근접
UI_MESSAGE_BOX_ABANDON_RUN_MESSAGE,99213506199412736,현재 런 도중입니다. 활성화 시스템을 전환하면 현재 런을 포기하게 됩니다. 정말로 계속하시겠습니까?
UI_MULTIPLAYER_PLAYER_LABEL_CONNECTED,118863542965231616,연결됨
UI_MULTIPLAYER_PLAYER_LABEL_DISCONNECTED,118839841028825088,연결 끊김
UI_MULTIPLAYER_PLAYER_LABEL_RESERVED,118839838944256000,예약됨
UI_OPTS_VIDEO_AA,125319516908351488,MSAA
UI_OPTS_VIDEO_AA_MESSAGE,125319518418300928,"선과 모서리를 부드럽게 만듭니다. 값이 높을수록 성능 저하를 감수하더라도 훨씬 더 부드러운 선을 얻을 수 있습니다.<br><br>유효값: 끄기 (0), 2x, 4x, 8x."
UI_OPTS_VIDEO_AA_TITLE,125319517587828736,다중 샘플 안티앨리어싱 수준 (MSAA)
UI_OPTS_VIDEO_AF,125319437740863488,AF
UI_OPTS_VIDEO_AF_MESSAGE,125319441167609856,비등방성 필터링을 활성화/비활성화합니다. 이 기능을 활성화하면 바닥과 같이 경사가 완만한 넓은 표면의 텍스처 시각적 품질이 향상됩니다.
UI_OPTS_VIDEO_AF_TITLE,125319439431168000,비등방성 필터링(AF)
UI_OPTS_VIDEO_LOD_BIAS,125319601973030912,LOD 편향
UI_OPTS_VIDEO_LOD_BIAS_MESSAGE,125319668360474624,"게임이 저해상도 모델로 전환할 거리를 설정합니다. '근거리'로 설정하면 가까운 거리에서 저해상도 모델로 전환됩니다. '원거리'로 설정하면 먼 거리에서도 고해상도 모델이 계속 표시됩니다.<br><br>유효값: 근거리, 중간, 원거리"
UI_OPTS_VIDEO_LOD_BIAS_TITLE,125319602748977152,LOD 편향 수준
UI_OPTS_VIDEO_MAX_FRAMERATE,125319872685993984,목표 프레임 속도
UI_OPTS_VIDEO_MAX_FRAMERATE_MESSAGE,125319874451795968,렌더링할 목표 프레임 속도입니다. Vsync가 비활성화된 경우 게임은 이 최대 프레임 속도로 제한됩니다.
UI_OPTS_VIDEO_MAX_FRAMERATE_TITLE,125319873696821248,목표 프레임 속도
UI_OPTS_VIDEO_MIP_LEVEL,125319559472148480,텍스처 디테일
UI_OPTS_VIDEO_MIP_LEVEL_MESSAGE,125319561854513152,"물체에 가까이 다가갔을 때 표시되는 최대 텍스처 해상도에 영향을 줍니다.<br><br>유효값: 낮음, 중간, 높음"
UI_OPTS_VIDEO_MIP_LEVEL_TITLE,125319560499752960,텍스처 디테일
UI_OPTS_VIDEO_PARTICLES,126920735510687744,파티클 FX
UI_OPTS_VIDEO_PARTICLES_MESSAGE,126920738727718912,"파티클 효과 시뮬레이션에 사용할 자원을 설정합니다. 유효값: 매우 낮음, 낮음, 중간, 높음, 매우 높음, 울트라"
UI_OPTS_VIDEO_PARTICLES_TITLE,126920737293266944,파티클 FX 품질
UI_OPTS_VIDEO_REFLECTION_PROBES,126920473559625728,반사 프로브
UI_OPTS_VIDEO_REFLECTION_PROBES_MESSAGE,126920477464522752,반짝이는 물체의 반사 효과를 대부분 활성화/비활성화합니다.
UI_OPTS_VIDEO_REFLECTION_PROBES_TITLE,126920475723886592,반사 프로브
UI_OPTS_VIDEO_RENDER_SCALE,125319683069898752,렌더링 크기
UI_OPTS_VIDEO_RENDER_SCALE_MESSAGE,125319687503278080,게임을 렌더링할 단편적인 해상도입니다. FSR과 같은 고급 업스케일링 기술을 사용하여 절반 해상도로 렌더링하면 사양이 낮은 하드웨어에서 성능을 향상시킬 수 있습니다.
UI_OPTS_VIDEO_RENDER_SCALE_TITLE,125319685288685568,렌더링 / 해상도 스케일링
UI_OPTS_VIDEO_SHADOW_DIST,125319774736412672,그림자 거리
UI_OPTS_VIDEO_SHADOW_DIST_MESSAGE,125319779064934400,그림자가 표시되어야 하는 최대 거리입니다.
UI_OPTS_VIDEO_SHADOW_DIST_TITLE,125319776976171008,그림자 거리
UI_OPTS_VIDEO_UPSCALE,125319726942318592,업스케일링 모드
UI_OPTS_VIDEO_UPSCALE_MESSAGE,125319730742358016,"전체 화면보다 작은 렌더링 스케일로 실행할 때 사용되는 업스케일링 알고리즘입니다.<br><br>유효값: 자동, 선형, 포인트, FSR"
UI_OPTS_VIDEO_UPSCALE_TITLE,125319728750063616,업스케일링 모드
UI_OPTS_VIDEO_VSYNC,125319825374244864,Vsync
UI_OPTS_VIDEO_VSYNC_MESSAGE,125319828494807040,Vsync를 활성화하면 게임의 프레임 속도를 모니터에 맞게 고정합니다.
UI_OPTS_VIDEO_VSYNC_TITLE,125319826980663296,Vsync
UI_PLAYERHEALTH_DEAD_TAG,99604842866995200,사망
UI_PLAYERHEALTH_EVAC_TAG,99604906628804608,대피
UI_PLAYERHEALTH_READY_TAG,99604904921722880,준비
UI_REQUIREMENT_SOLARSYSTEM_ANY_FMT,98651080823398400,{difficulty}{ascension:cond:>0? A{}|} 난이도로 행성계 완료
UI_RESPAWN_DISABLED_ENRAGE,107174836495704064,[ 헌터들이 격노한 동안에는 리스폰할 수 없습니다 ]
UI_REWARDS_TITLE,119244486947627008,보상:
UI_SCIENCE_TERMINAL_FLAIR,106878078557347840,재능
UI_SCIENCE_TERMINAL_MUTATIONS,106880718389370880,돌연변이
UI_SCIENCE_TERMINAL_OUT_OF_ORDER,106876639986573312,고장
UI_SCIENCE_TERMINAL_ULTIMATES,106877299511517184,궁극기
UI_SHRINE,120241898113720320,신전
UI_TRADER_HEADER_INVENTORY,107210341685911552,인벤토리
UI_TRADER_HEADER_STOCK,107210343497850880,재고
UI_UPGRADE_GRID_PRICE,107303458900533248,가격:
UI_UPGRADEGRID_ACTIVATE,121792391482957824,[InputAction:UI/Submit] 활성화
UI_XPBAR_MAX_LEVEL,107284882940485632,최대 레벨
UI_XPBAR_TEAM_LEVEL,107284703369748480,팀 레벨
ANNOUNCE_VOLCANO_APPEASED,131660659371732992,{PlayerName}의 희생이 화산을 달랬습니다... 우선은 한숨 돌렸네요
UI_INPUT_BINDING,139486680678592512,{ActionTxt}
UI_REQUIREMENT_GATHER_FISH,136973330114666496,낚싯대로 물고기 {Count}마리 수집하기
UI_INPUT_ACTIONBINDING,139496731506044928,{ActionTxt} {BindingTxt}
UI_MODE_SELECT_CONTINUE_RUN_LBL,140158990804774912,런 계속하기
UI_REQUIREMENT_GATHER_TECH,136973328260784128,전기톱으로 고대 기술 {Count}개 수집하기
UI_REQUIREMENT_SELL_TO_MIKE,136944070914203648,트레이더 마이크에게 {Category} {Count}개 팔기
UI_REQUIREMENT_GATHER_MINERALS,136944068905132032,곡괭이로 {Count:p:{} 광물|{} 광물} 수집하기
UI_REQUIREMENT_COMPLETE_EVENT,136597483742552064,{Event} {Count}회 완료하기
UI_REQUIREMENT_KILL_ENEMIES_SHINY,136597477987966976,빛나는 적 {Count}명 처치하기
UI_REQUIREMENT_KILL_ENEMIES,136597475844677632,적 {Count}명 처치하기
UI_REQUIREMENT_EQUIP_FLAIR,140282578621947904,재능 {Count}{Count:p:개|개} 장착하기
UI_REQUIREMENT_COLLECT_CURRENCY,140348598019678208,샘플 {Count}개 수집하기
UI_REQUIREMENT_EQUIP_ARTIFACT,140351594451427328,정체불명의 고기에서 유물 {Count}개 수집하기
END_STAGE_STAT_PERCENT_FMT,142124716963913728,{Value}%
END_STAGE_STAT_INTEGER_FMT,142124898896044032,{Value:N0}
UI_REWARD_ARTIFACT,142336906761330688,+ 유물 잠금 해제: {name}
UI_REWARD_FLAIR,142336905540788224,+ {name} 재능 {count}개
UI_REWARD_ITEM,142336904211193856,+ 아이템 잠금 해제: {name}
UI_REWARD_MUTATION,142336902256648192,+ 돌연변이 잠금 해제: {name}
UI_ATTRIBUTE_FORMAT_ADD,145644464880214016,{value:+#.##;-#.##;+0} {name}
UI_ATTRIBUTE_FORMAT_MODIFY,145644467124166656,{value:+#.##;-#.##;+0}% {name}
UI_ATTRIBUTE_FORMAT_MULTIPLY,145644469351342080,x{value:0.##} {name}
END_STAGE_BANKED_TIME,141631395652952064,적립된 시간
END_STAGE_COLLECTED,139159828419305472,수집됨
END_STAGE_CONTINUE,140249455477645312,계속하기
END_STAGE_CURRENCY_FMT,140231091493527552,<color=#{ColorStr}>{Have}/{Total}</color>
END_STAGE_EMPLOYEE_PAYCHECK,139153944297332736,직원 급여
END_STAGE_FAILURE,140219057079050240,실패!
END_STAGE_HEADER_DETAILS,142119018918043648,세부 정보
END_STAGE_HEADER_OVERVIEW,141982115854016512,개요
END_STAGE_PLANET_CONSUMPTION,139154114636406784,행성 소비
END_STAGE_RANGUS_EFFORT_HEADER,139484643088916480,획득한 총 랭거스 노력 점수
END_STAGE_RANGUS_MEAT_CORP,139165149061701632,랭거스 고기 코퍼레이션
END_STAGE_ROX_1,139165587479715840,ROX-1
END_STAGE_RUN_FAILED,142733138839199744,런 실패!
END_STAGE_RUN_FAILED_HARVESTER,142745765409710080,수확기 파괴됨
END_STAGE_STAT_ACCURACY,142123586842255360,정확도
END_STAGE_STAT_DAMAGE_RECV,142123785182502912,받은 피해
END_STAGE_STAT_DEATHS,142123911540105216,사망 횟수
END_STAGE_STAT_HEALING_RECV,142123835145052160,받은 치유량
END_STAGE_STAT_RESOURCES,142123729591197696,수집된 자원
END_STAGE_STAT_WEAKPOINT,142123643654103040,약점 명중
END_STAGE_SUCCESS,140216425350422528,성공!
END_STAGE_TAB_DATA,141691025213087744,데이터
END_STAGE_TAB_STATS,141691065801367552,통계
END_STAGE_TIME_FMT,141631639568506880,<color=#80FF00>{SecondsRemaining:secondstotime()}</color>
END_STAGE_WAITING,142327585608556544,호스트를 기다리는 중...
IA_AddQuantity,139445879147786264,수량 추가
IA_Adjust,139445879147786267,조정
IA_ArtifactAbility,139445879143591945,유물 사용
IA_BugShot,139445879147786245,버그샷
IA_CameraMovement,139445879143591937,카메라 이동
IA_CameraRotation,139445879147786265,카메라 회전
IA_Cancel,139445879147786248,취소
IA_CharacterMovement,139445879047122944,캐릭터 이동
IA_Click,139445879147786250,클릭
IA_ElevationMovement,139445879147786270,고도 이동
IA_ExitScreen,139445879147786274,화면 나가기
IA_FollowNextPlayer,139445879147786271,다음 플레이어 따라가기
IA_HeadAbility,139445879143591941,머리 능력
IA_Interact,139445879147786257,상호작용
IA_ItemRewardInit,139445879143591943,보상 선택 시작
IA_ItemRewardSelect1,139445879147786275,보상 1 선택
IA_ItemRewardSelect2,139445879147786276,보상 2 선택
IA_ItemRewardSelect3,139445879147786277,보상 3 선택
IA_ItemRewardSelect4,139445879147786278,보상 4 선택
IA_ItemRewardSelect5,139445879147786279,보상 5 선택
IA_ItemRewardSelect6,139445879147786280,보상 6 선택
IA_Jump,139445879143591936,점프
IA_LegsAbility,139445879143591942,다리 능력
IA_MarkTarget,139445879143591944,대상 표시
IA_MaxQuantity,139445879147786262,최대 수량
IA_MeleeFire,139445879143591939,근접
IA_MiddleClick,139445879147786252,가운데 클릭
IA_MinQuantity,139445879147786261,최소 수량
IA_Modify,139445879147786268,수정
IA_Navigate,139445879147786246,탐색
IA_NextSubTab,139445879147786260,다음 하위 탭
IA_NextTab,139445879147786256,다음 탭
IA_Point,139445879147786249,포인트
IA_PreviousSubTab,139445879147786259,이전 하위 탭
IA_PreviousTab,139445879147786255,이전 탭
IA_PrimaryAimAssist,139445879143591946,조준 지원
IA_ProfilerMode,139445879147786242,프로파일러 모드
IA_ProfilerToggle,139445879147786241,프로파일러 전환
IA_PushToTalk,139445879147786244,푸시 투 토크
IA_RangedFire,139445879143591938,사격
IA_Revert,139445879147786254,되돌리기
IA_RightClick,139445879147786253,우클릭
IA_ScrollWheel,139445879147786251,스크롤 휠
IA_ShowHelp,139445879147786272,도움말 표시
IA_SkipCinematic,139445879147786281,시네마틱 건너뛰기
IA_StopFollow,139445879147786273,따라가기 중지
IA_SubActionThingOnController,139445879147786258,보조 행동
IA_Submit,139445879147786247,제출
IA_SubtractQuantity,139445879147786263,수량 빼기
IA_Toggle Console,139445879147786240,콘솔 전환
IA_ToggleInspectionOverlay,139445879147786283,검사 오버레이 전환
IA_ToggleMeatControls,139445879147786282,고기 조작 전환
IA_ToggleOptionsMenu,139445879147786243,옵션 메뉴 전환
IA_ToggleZoom,139445879147786269,확대/축소 전환
IA_TorsoAbility,139445879143591940,몸통 능력
IA_WarpSpeed,139445879147786266,워프 속도
IA_WeaponSelectPrimary,139445879143591948,무기 선택 (주요)
IA_WeaponSelectSecondary,139445879143591949,무기 선택 (보조)
IA_WeaponSwitch,139445879143591947,무기 교체
IB_down,139484177383747585,아래
IB_left,139484177383747586,왼쪽
IB_right,139484177383747587,오른쪽
IB_up,139484177383747584,위
LE_AnisotropicFiltering_Disable,139512957397561344,비활성화
LE_AnisotropicFiltering_Enable,139512957397561345,활성화
LE_AnisotropicFiltering_ForceEnable,139512957397561346,강제 활성화
LE_EFrameLimit_OneTwenty,139459172264505370,120Hz
LE_EFrameLimit_Sixty,139459172264505369,60Hz
LE_EFrameLimit_Thirty,139459172264505368,30Hz
LE_ELODBias_Close,139459172264505348,가까움
LE_ELODBias_Far,139459172264505350,멈
LE_ELODBias_Medium,139459172264505349,중간
LE_EMSAALevel_MSAA2,139459172264505345,MSAAx2
LE_EMSAALevel_MSAA4,139459172264505346,MSAAx4
LE_EMSAALevel_MSAA8,139459172264505347,MSAAx8
LE_EMSAALevel_Off,139459172264505344,꺼짐
LE_EMipDetailLevel_High,139459172264505358,높음
LE_EMipDetailLevel_Low,139459172264505356,낮음
LE_EMipDetailLevel_Medium,139459172264505357,중간
LE_EParticlesQuality_High,139459172264505362,높음
LE_EParticlesQuality_Low,139459172264505360,낮음
LE_EParticlesQuality_Medium,139459172264505361,중간
LE_EParticlesQuality_Ultra,139459172264505364,울트라
LE_EParticlesQuality_VeryHigh,139459172264505363,매우 높음
LE_EParticlesQuality_VeryLow,139459172264505359,매우 낮음
LE_ERenderScale_Half,139459172264505354,절반
LE_ERenderScale_Normal,139459172264505355,보통
LE_EShadowDistance_Close,139459172264505351,가까움
LE_EShadowDistance_Far,139459172264505353,멈
LE_EShadowDistance_Medium,139459172264505352,중간
LE_EVoiceChatActivationType_OpenMic,139509073585303554,오픈 마이크
LE_EVoiceChatActivationType_PushToTalk,139509073585303552,푸시 투 토크
LE_EVoiceChatActivationType_Toggle,139509073585303553,전환
LE_EWindowStyle_FullScreen,139459172264505365,전체 화면
LE_EWindowStyle_FullScreenWindowed,139459172264505366,전체 화면 (창 모드)
LE_EWindowStyle_Windowed,139459172264505367,창 모드
LE_UpscalingFilterSelection_Auto,139512957397561347,자동
LE_UpscalingFilterSelection_FSR,139512957397561350,FSR
LE_UpscalingFilterSelection_Linear,139512957397561348,선형
LE_UpscalingFilterSelection_Point,139512957397561349,포인트
QUESTS_COMPLETED_TOAST_DESCRIPTION,135081248315924480,칼에게 말을 걸어 보상을 받으세요
QUEST_COMPLETED_NOTIFICATION_TITLE,135081004761079808,퀘스트 완료!
RANGUS_FILE_CONSUMED_PROMPT,129670008638791680,이미 발견된 랭거스 파일
RANGUS_FILE_MARKER_CLAIMED_TEXT_FMT,131574576540803072,랭거스 파일: {TextName}<br>(이미 발견됨)
RANGUS_FILE_MARKER_TEXT_FMT,130476658312339456,랭거스 파일: {TextName}
RAW_TEXT_FMT,130499560646631424,{Text}
UI_CARLTERMINAL_CHALLENGES,139166315988377600,도전
UI_CARLTERMINAL_CLAIM_BTN_CLAIMED,142385861473853440,수령 완료
UI_CARLTERMINAL_CLAIM_BTN_LOCKED,142385863298375680,잠김
UI_CODEX_ENEMIES_TAB,135116477412704256,생명체
UI_False,139510450587889664,거짓
UI_INSPECT_MUTATION_SUBTITLE,132645578322468864,돌연변이
UI_INTERACTION_MUTATION,133755069285785600,돌연변이 획득:<color={RewardColor}>{TextName}</color><br><br>{Description}
UI_INTERACTION_WEAPON,131103886683398144,무기 획득: {Text}
UI_INTERACTION_WEAPON_TITLE,131105138871885824,무기
UI_OBJECTIVES_TITLE,141649218399887360,목표:
UI_RUNINFO_ENEMY_HEALTH_FMT,127528200000000000,> 적 체력: +{percent}%
UI_RUNINFO_TIME_FMT,127528100000000000,행성계 내 시간: {time}
UI_True,139510449321209856,참
UI_MAX_STACKS_FMT,150353972479123456,최대 중첩: {count}
CELEBRATION_BANNER_MUTATION_UNLOCKED,157196339714711552,돌연변이 잠금 해제!
CELEBRATION_BANNER_ITEM_UNLOCKED,157196341396627456,아이템 잠금 해제!
CELEBRATION_BANNER_FLAIR_UNLOCKED,157196345850978304,재능 잠금 해제!
CELEBRATION_BANNER_ARTIFACT_UNLOCKED,157204905355894784,유물 잠금 해제!
MAIN_MENU_DISCORD_REPORT_BUG_BUTTON,160623538572615680,버그 신고하기
UI_MAIN_MENU_REPORT_BUG_MESSAGE,160864087942619136,버그 제보나 게임 피드백은 Discord에 남겨 주세요!
OPTS_MULTIPLAYER_HOST_MODE,160914647022559232,로비 공개 범위
OPTS_HOST_MODE_PUBLIC,160920542238466048,공개
OPTS_HOST_MODE_FRIENDS,160920542238466049,친구 전용
OPTS_HOST_MODE_PRIVATE,160920542238466050,비공개
UI_MULTIPLAYER_HOST_MODE_HELP_TITLE,160920542238466051,로비 공개 범위
UI_MULTIPLAYER_HOST_MODE_HELP_MESSAGE,160920542238466052,호스팅 중인 게임에 참가할 수 있는 사람을 설정합니다. 공개: 로비 목록에서 누구나 참가할 수 있습니다. 친구 전용: Steam 친구만 로비를 확인하고 참가할 수 있습니다. 비공개: 게임이 로비 목록에 표시되지 않습니다.
UI_NEWSAVE_TITLE,161300188696141824,신규 직원 설정
UI_NEWSAVE_PLAY_TUTORIAL,161300196812120064,튜토리얼 플레이
UI_NEWSAVE_TUTORIAL,161325451916075008,튜토리얼
UI_NEWSAVE_SUBTITLE,161325468882034688,런 시작 전에 런 설정에서 변경할 수 있습니다.
UI_NEWSAVE_SCREENTITLE,161550229604130816,시작 난이도 선택
UI_CODEX_TIER_UNDISCOVERED,163840130551836672,???
UI_CARLTERMINAL_MAINLINE_PROGRESS,164591723147681792,메인 라인: {Current}/{Total}
UI_CARLTERMINAL_COMPLETE_ALL_TO_EARN,164593566355546112,모든 퀘스트 완료 시 획득:
CELEBRATION_BANNER_CODEX_HINT,157204904043077632,도감에 항목 추가됨
CELEBRATION_BANNER_CONFIRM,157229979689541632,확인
CELEBRATION_BANNER_FLAIR_EQUIP_HINT,157204896069705728,*볼트 버거에서 장착
CELEBRATION_BANNER_NEW_QUESTLINE_UNLOCKED,157204890768105472,새 퀘스트라인 잠금 해제: {name}
CELEBRATION_BANNER_QUEST_COMPLETE,157196335902089216,퀘스트 완료!
CELEBRATION_BANNER_RANK_HEADING,157240833617158144,직원 등급 {rank}
CELEBRATION_BANNER_RANK_INCREASED,157196347440619520,직원 등급 상승!
CELEBRATION_BANNER_REWARDS_EARNED,157243622590242816,획득한 보상
CELEBRATION_BANNER_RP_TO_NEXT_RANK,157204893980942336,다음 등급까지 남은 RP: {amount}
CELEBRATION_BANNER_WEAPON_EQUIP_HINT,157204901467774976,*고기 보관함에서 장착
CELEBRATION_BANNER_WEAPON_UNLOCKED,157238824793006080,무기 잠금 해제!
CODEX_TOAST_HEADER_ARTIFACT,158291413488664576,신규 유물!
CODEX_TOAST_HEADER_CREATURE,158291454114693120,신규 생명체!
CODEX_TOAST_HEADER_CURRENCY,158291422971985920,신규 자원!
CODEX_TOAST_HEADER_GENERIC,158291396984078336,신규 항목!
CODEX_TOAST_HEADER_ITEM,158291406320599040,신규 아이템!
CODEX_TOAST_HEADER_MEAT,158291431851327488,신규 고기!
CODEX_TOAST_HEADER_RANGUS_FILE,158291467289001984,신규 랭거스 파일!
CODEX_TOAST_SUBHEADER,158291475207847936,도감에 추가됨
END_STAGE_HEADER_PLANET_STATS,144853505636556800,행성 통계
END_STAGE_MEAT_CORE_SECURED,144127700346331136,고기 코어 확보
IA_SurpriseMe,145669286033088512,알아서 골라줘
INFORMATION_TERMINAL_TITLE,159254944652492800,도감
LEVEL_UP_AUTO_SELECT_FMT,160182415509151744,자동 선택까지: <color=#FF0080>{Seconds}</color>초
LEVEL_UP_EXIT,146737720124760064,[InputAction:Cancel] 업그레이드 선택 종료
LEVEL_UP_IN_SECONDS_FMT,160177751237582848,<color=#FF0080>{Seconds:0.0}</color>초 후 일시 정지
LEVEL_UP_STILL_SELECTING_TITLE,160189906225717248,여전히 고기 과학자들이 고민 중…
LE_EDrawDistance_Close,155444035605950464,가까움
LE_EDrawDistance_Far,155444035631116289,멀리
LE_EDrawDistance_Medium,155444035631116288,중간
TUTORIAL_COMPLETE_TITLE,158105394041839616,수료증
TUTORIAL_COMPLETION_CARL_NAME,158106223612256256,"칼 랭거스, CEO"
TUTORIAL_COMPLETION_SIGNED,158106159250661376,서명:
TUTORIAL_COMPLETION_SQUISHIE_NAME,158105683281043456,스퀴시
TUTORIAL_COMPLETION_SUBTITLE_01,158105588380721152,다음을 증명합니다
TUTORIAL_COMPLETION_SUBTITLE_02,158105801833046016,<color=#FFC700>신입 사원 오리엔테이션</color>을 성공적으로 수료했음을 증명합니다!<br>랭거스 팀의 정식 일원이 된 것을 축하합니다!<br><br>이제 나가서 <color=#FFC700>고기를 수확</color>하고 <color=#FFC700>은하계를 배불리</color> 먹입시다!
UI_ATTRIBUTE_ADD_FMT,153254426577985536,{value:+#.##;-#.##;+0}
UI_ATTRIBUTE_MODIFY_FMT,153254478088232960,{value:+#.##;-#.##;+0}%
UI_ATTRIBUTE_MULTIPLY_FMT,153254480353157120,x{value:0.##}
UI_BEING_REVIVED_BY,160196323477282816,{Name} 님이 부활 중
UI_BENEFITS_PERKS_TITLE,157261430313181184,특전
UI_BENEFITS_TERMINAL,155021233676607488,혜택 터미널
UI_INTERACTION_REVIVE,159415565250715648,부활
UI_INTERACTION_REVIVE_TARGET,160116078837489664,{Name}
UI_LEADERBOARD_RANK_EMPTY,152933015493795840,현재 인사팀을 이용할 수 없습니다.
UI_LEADERBOARD_RANK_NAME,152933011416932352,이름
UI_LEADERBOARD_RANK_RANK,152933013824462848,등급
UI_LEADERBOARD_RANK_TITLE,152933007226822656,이달의 직원
UI_OPTS_KEYWORD_POPUPS,152564154714021888,키워드 팝업
UI_OPTS_KEYWORD_POPUPS_HELP_MESSAGE,152564183084294144,설명에 언급된 키워드의 팝업 설명을 표시합니다.
UI_OPTS_KEYWORD_POPUPS_HELP_TITLE,152564181515624448,키워드 팝업	
UI_OPTS_VIDEO_DRAW_DIST,155444200114941952,렌더링 거리
UI_OPTS_VIDEO_DRAW_DIST_MESSAGE,155444247250530304,게임이 먼 지형과 오브젝트를 렌더링하는 거리입니다. 낮은 설정은 GPU와 CPU 부담을 줄여 Steam Deck 같은 저사양 기기에 권장됩니다. 높은 설정은 성능을 대가로 더 넓은 세계를 보여줍니다.
UI_OPTS_VIDEO_DRAW_DIST_TITLE,155444221707218944,렌더링 거리
UI_PLAYERHEALTH_DOWNED_TAG,159415579876253696,쓰러짐
UI_REQUIREMENT_FULL_VERSION,145016599318880256,정식 버전 필요
UI_REQUIREMENT_PERKRANK,157717392333463552,특전 1개 잠금 해제
UI_REQUIREMENT_PERKTRACK_RANK,155367902129676288,{track} 등급 {rank:roman()}
UI_REWARD_UI_SURPRISE_ME,145620353626861568,알아서 골라줘
UI_REWARD_UI_SURPRISE_ME_KEY,145639277600894976,[InputAction:LevelUpScreen/SurpriseMe]
UI_SELECT_UPGRADE_COUNT_FMT,152555780165328896,업그레이드 선택 +{Count}
UI_SHIP_TOUR_BOLT_BURGERS,154378478273159168,<color=#FFC700>볼트 버거</color>: 로드아웃을 고르고 여기서 런을 시작합니다.
UI_SHIP_TOUR_EMPLOYEE_HANDBOOK,154378456194342912,"<color=#FFC700>도감</color>: 적, 아이템, 세계관을 살펴봅니다."
UI_SHIP_TOUR_FLAIR_TERMINAL,154378473181274112,<color=#FFC700>재능 터미널</color>: 재능을 잠금 해제하고 강화해 패시브 보너스를 얻습니다.
UI_SHIP_TOUR_JUKEBOX,154378475714633728,<color=#FFC700>주크박스</color>: 함선의 음악을 바꿉니다.
UI_SHIP_TOUR_MEAT_LOCKERS,154378383981010944,<color=#FFC700>고기 보관함</color>: 장식용 고기를 여기서 고를 수 있습니다.
UI_SHIP_TOUR_MEAT_MARKET,154378474439565312,<color=#FFC700>고기 시장</color>: 선택된 무작위 고기를 미리 확인할 수 있습니다.
UI_SHIP_TOUR_NAVIGATION_TERMINAL,154378479544033280,<color=#FFC700>내비게이션 터미널</color>: 다음 목적지와 난이도를 선택합니다.
UI_SHIP_TOUR_SHOOTING_RANGE,154378477010673664,<color=#FFC700>사격장</color>: 런 전에 무기를 연습합니다.
UI_SHIP_TOUR_SMART_MEAT_TERMINAL,154378470564028416,<color=#FFC700>직원 혜택 터미널</color>: 직원 혜택을 잠금 해제하고 업그레이드합니다.
UI_SHIP_TOUR_WEAPON_TERMINAL,154378471918788608,<color=#FFC700>무기 터미널</color>: 무기를 잠금 해제하고 강화합니다.
UI_UPGRADE_COUNT_FMT,152141631115485184,+{Count}
UI_UPGRADE_EMPTY_SLOT,152531288336621568,빈 슬롯
UPGRADE_STATION,158017480964431872,업그레이드 스테이션
UI_CODEX_MUTATIONS_TAB,165154895239831552,돌연변이
UI_CODEX_MUTATIONS_FIRE_TITLE,165154895248220160,화염
UI_CODEX_MUTATIONS_ICE_TITLE,165154895248220161,얼음
UI_CODEX_MUTATIONS_SLIME_TITLE,165154895248220162,점액
UI_CODEX_MUTATIONS_ELECTRIC_TITLE,165154895248220163,전기
UI_CODEX_MUTATIONS_KINETIC_TITLE,165154895248220164,운동
UI_SAVEMGMT_SELECT_EMPLOYEE,165569668465025024,직원 선택
UI_SAVEMGMT_LAST_PLAYED,165571657299124224,마지막 플레이
UI_SAVEMGMT_RANGUS_FILES,165589631661760512,랭거스 파일:
UI_SAVEMGMT_EMPTY_SLOT_HEADER,164865773950459904,비어 있음
UI_OPTS_MARK_ALL_READ,165623256277049344,모두 읽음으로 표시
LE_EFrameLimit_TwoForty,169126859746828288,240Hz
PLAYER_DOWN_ANNOUNCEMENT,162770743492337664,{Player} 다운!
UI_ANNOUNCEMENT_BOSS_WARNING_EXECUVATOR,162681204534927360,헤어 포스 원이 행정 명령을 내린다!
UI_ANNOUNCEMENT_BOSS_WARNING_JUDGEMENTALITS,162681227154808832,크러다디 판사가 신청을 기각한다!
UI_ANNOUNCEMENT_BOSS_WARNING_LEGISMATOR,162681121139580928,포크 배럴 피트가 필리버스터 사용
UI_CINEMATIC_PROLOGUE_TEXT1,165560353607901184,"랭거스 고기 코퍼레이션은 한때 은하를 먹여 살렸다. 전성기에는 수십 개의 성계에서 수백만 명을 고용했다.<br><br>독자적인 '고기 과학'이 도를 넘자, 우주가 찢어지듯 포털이 열렸다. 그것에 닿은 모든 것은 죽거나 몸이 변형되었다.<br><br>칼 랭거스는 탈출했다. 대부분은 탈출하지 못했다."
UI_CINEMATIC_PROLOGUE_TEXT2,165560955771543552,"""여기 랭거스에선 고기만 수확하는 게 아냐.<br>영웅을 수확하지... 그게 바로 너야!""<br><br><br>–칼 랭거스, 창립자 겸 CEO<br>(복구된 채용 광고, 날짜 미상)"
UI_LEADERBOARD_NUKE_KILLS,163035281710112768,산업 재해 - 핵
UI_LEADERBOARD_RANK_SCORE,163032451393773568,점수
UI_SAVEMGMT_RANGUS_FILES_DATA,164863994869309440,{Found}/{Total}
UI_SYSTEMNAME_RANDOM,165564842473676800,무작위 행성계
UI_SYSTEMNAME_S2,165564616182587392,플럼터스 폴리
UI_SYSTEMNAME_S3,165564619336704000,옴니크론
UI_SYSTEMUNLOCK,165563304946688000,새 성계 잠금 해제
CELEBRATION_BANNER_FLAIR_DISPENSED,182655213074636800,재능 나왔다!
CELEBRATION_BANNER_FLAIR_HEADING_FMT,178255509733761024,{count}x {name} 재능
CELEBRATION_BANNER_FLAIR_SKIP_FMT,185871235538677760,{Button} 눌러서 건너뛰기
DEATHCERTIFICATE_CRITS,179093814876561411,치명타
DEATHCERTIFICATE_DAMAGE,179093814876561409,피해량
DEATHCERTIFICATE_DEAD_MEAT,179093814876561408,죽은 고기
DEATHCERTIFICATE_DPS,179093814876561412,DPS
DEATHCERTIFICATE_KILLED_BY_SPIDER,179093814876561416,<color=#FFC700>거미</color>에게 당함
DEATHCERTIFICATE_KILLS,179093814876561410,처치
DEATHCERTIFICATE_ON_THE_VERY_EVE_OF_HIS_4TH_BIRTHDAY,179093814876561417,네 번째 생일을 코앞에 두고
DEATHCERTIFICATE_RUN_FAILED,179093814868172800,런 실패!
DEATHCERTIFICATE_SIGNED_CARL_RANGUS_CEO,179093814876561415,"서명:<br><color=#FFFFFF>칼 랭거스, CEO</color>"
DEATHCERTIFICATE_THE_RANGUS_CORPORATION_HEREBY_ACKNOWLEDGES_THE_D,179093814876561413,랭거스 코퍼레이션은 이에 다음의 사망을 확인합니다:
DEATHCERTIFICATE_YOUR_CONTRIBUTIONS_TO_RANGUS_MEAT_CO_WILL_NEVER,179093814876561414,랭거스 미트 사에 대한 당신의 공헌은 결코 잊히지 않을 것입니다
END_STAGE_RUN_ABANDONED,178656993092820992,런 포기함
HUNTER_INCAPACITATED,169893516064841728,무력화됨
IA_ProfilerCapture,170595270909747200,ProfilerCapture
IB_Profiler Capture Chord,170595270913941504,Profiler Capture Chord
IB_modifier,170595270913941505,수정 키
LE_ECameraDistance_Far,174992531034988545,멀리
LE_ECameraDistance_Medium,174992531034988544,중간
LE_ECameraDistance_Near,174992531030794240,가까이
MODE_SELECT_CONTINUE_BTN,175310263911702528,계속하기
MODE_SELECT_LOAD_SAVE_BTN,175310282018512896,불러오기 / 새 게임
UI_FLAIRTERMINAL_INSERT_COIN,177509684464312320,"<sprite name=""CarlCoin""> 칼 코인 투입"
UI_FLAIRTERMINAL_INSERT_COST,182665081978347520,{count} {icon} {name} 투입
UI_FLAIRTERMINAL_REQUIRES_COIN,177529825763778560,"<color=#FF0000><sprite name=""CarlCoin""> 칼 코인 필요</color>"
UI_FLAIRTERMINAL_REQUIRES_COST,182665090496978944,<color=#FF0000>{count} {icon} {name} 필요</color>
UI_ITEM_ONADD_TRIGGER,176120503238385664,추가 시
UI_LOADOUT_COL_CONSUMABLES,182248566531547136,소모품
UI_LOADOUT_COL_WEAPONS,182248564694441984,무기
UI_LOADOUT_FLAIR_EMPTY_DESC,182260794391519232,플레어 터미널에서 재능을 잠금 해제해
UI_LOADOUT_SAVE_EXIT,182247692602171392,저장 후 종료
UI_LOCATION_CARD_DIFFICULTY_FMT,175384575272280064,난이도: {difficulty}
UI_LOCATION_CARD_HEADER,175386164208852992,위치
UI_LOCATION_CARD_SYSTEM_FMT,175384551528325120,S{index} | {system}
UI_MEATOFFERING_REQUIREMENT,176036607361478656,<color=red>장착된 고기 부위 필요</color>
UI_OPTS_VIDEO_BLOOM,182327216559874048,블룸
UI_OPTS_VIDEO_BLOOM_MESSAGE,182327251011887104,밝은 조명과 효과 주변의 블룸 광채를 켜고 끕니다. 눈부심과 눈의 피로를 줄이거나 밝은 장면이 색이 바래 보일 때 끄세요.
UI_OPTS_VIDEO_BLOOM_TITLE,182327234784124928,블룸
UI_OPTS_VIDEO_CAMERA_DISTANCE,174991015364517888,카메라 거리
UI_OPTS_VIDEO_CAMERA_DISTANCE_MESSAGE,174991034385686528,카메라가 캐릭터 뒤에서 얼마나 멀리 위치할지 조정합니다.
UI_OPTS_VIDEO_CAMERA_DISTANCE_TITLE,174991024080281600,카메라 거리
UI_REQUIREMENT_STAT_FLAIRPULLS_FMT,178238717753810944,재능 {count}개 수집
UI_SAVEMGMT_MSGBOX_ABANDON_RUN_CONFIRM,176120214003376128,런 포기
UI_SAVEMGMT_MSGBOX_ABANDON_RUN_MSG,176120210866036736,직원 {EmployeeNumber}의 진행 중인 런을 포기하시겠습니까?<br>로비에서 다시 시작합니다. 이 작업은 되돌릴 수 없습니다.
UI_SAVEMGMT_MSGBOX_ABANDON_RUN_TITLE,176120204733964288,런을 포기하시겠습니까?
UI_SAVEMGMT_RUN_IN_PROGRESS,175380214638960640,런 진행 중
MODE_SELECT_CREDITS_BTN,192915189290491904,크레딧
UI_OPTS_LOCALE_HELP_MESSAGE_MOD,193118195936124928,게임에서 표시되는 텍스트의 언어를 선택합니다.<br><br>{ModName}은(는) {Author} 님이 추가했습니다.
