Key,Id,Portuguese (Brazil)(pt-BR)
ITEM_NOTIFICATION_STACK_COUNT_FMT,42659474148679680,x{StackCount}
INTERACTION_PROMPT_TYPE_NONE_FMT,43126879249489920,{ActionText}
INTERACTION_PROMPT_TYPE_PRESS_FMT,43127706953441280,{BindingText} {ActionText}
INTERACTION_PROMPT_TYPE_HOLD_FMT,43127738511384576,Segure {BindingText} para {ActionText}
INTERACT_PROMPT_HEALTH_GAIN_FMT,43375595235565568,+{HealthGain}
EVENT_OBJECTIVE_TASKS_FMT,45737656791851008,<nobr>{NumDone}/{NumTodo}</nobr> {Detail}
EVENT_OBJECTIVE_DAMAGE_ANY_ENEMY_FMT,45684262786031616,Danificado <nobr>{NumDamaged}/{NumToDamage}</nobr>
COMPASS_DISTANCE_FMT,46402692690468864,{Distance} m
JOIN_GAME_PLAYERNAME_FMT,48095464992530432,Jogo de {PlayerName}
JOIN_GAME_PLAYERCOUNT_FMT,48096123611504640,{Current}/{Max}
MODE_SELECT_HOST_PUBLIC,214248185856,ANFITRIÃO - PÚBLICO
MODE_SELECT_HOST_FRIENDS_ONLY,278383288320,Anfitrião - Privado
MODE_SELECT_HOST_PRIVATE,327255318528,Um Jogador
CARL_TERMINAL_MISSING_MATERIALS,30366100192485376,Materiais Ausentes
CARL_TERMINAL_REQUIRED_MATERIALS_HEADER,30380913715044352,Materiais Necessários:
MAIN_MENU_SKIP_TUTORIAL,31076355092242432,Pular Tutorial
MAIN_MENU_DISCORD_SERVER_BUTTON,31076690544287744,Participe do Discord
MAIN_MENU_DEBUG_HEADER,31076998813048832,Depurador
MAIN_MENU_UPLOAD_LOGS,31077125934014464,Carregar Logs
MAIN_MENU_WISHLIST,31077254808199168,Adicione à Lista de Desejos no Steam
MAIN_MENU_MULTIPLAYER,31077375373467648,Multijogador
MAIN_MENU_OPTIONS,31077450753499136,Opções
MAIN_MENU_RESUME,31077530629824512,Continuar [InputAction:UI/Cancel]
MAIN_MENU_ABANDON_RUN,31077628587794432,Sair para o Saguão
MAIN_MENU_EXIT,31077710762598400,Sair do Jogo
MESSAGE_BOX_QUIT_TITLE,31098413507403776,Sair da Partida
MESSAGE_BOX_QUIT_MESSAGE,31098545544093696,Quer mesmo sair?
MESSAGE_BOX_FEEDBACK_TITLE,31099905689772032,Feedback
MESSAGE_BOX_FEEDBACK_MESSAGE,31100033314054144,Gostaria de participar de uma breve pesquisa para nos ajudar a melhorar o jogo?
MESSAGE_BOX_FEEDBACK_CONFIRM,31100327628365824,Sim!
MESSAGE_BOX_FEEDBACK_CANCEL_ON_EXIT,31100501750702080,"Não, tô de boa"
MESSAGE_BOX_FEEDBACK_CANCEL,31100557044211712,Talvez mais tarde
MESSAGE_BOX_JOIN_GAME_TITLE,31100726099828736,Entrar em Nova Partida
MESSAGE_BOX_JOIN_FRIEND_GAME_MESSAGE,31100789127634944,{FriendName} convidou você para participar de uma partida
MESSAGE_BOX_JOIN_FRIEND_CONFIRM,31104888199962624,Entrar na Partida
MESSAGE_BOX_JOIN_FRIEND_CANCEL,31104948069457920,"Não, tô de boa!"
MESSAGE_BOX_TUTORIAL_REQUIRED_TITLE,31119792659226624,Tutorial Necessário
MESSAGE_BOX_TUTORIAL_REQUIRED_MESSAGE,31119917020340224,"Para participar de uma partida multijogador, você precisa concluir o tutorial primeiro.<br>Iniciar o tutorial agora?"
MESSAGE_BOX_NETWORK_DISCONNECT_TITLE,31120107987001344,Anfitrião Desconectado
MESSAGE_BOX_NETWORK_DISCONNECT_MESSAGE,31120173598498816,O anfitrião desconectou.
MESSAGE_BOX_NETWORK_TIMEOUT_TITLE,31120286274281472,Erro: Tempo Limite da Rede
MESSAGE_BOX_NETWORK_TIMEOUT_MESSAGE,31120316263555072,Tempo limite de conexão do cliente atingido ao tentar se conectar ou enviar/receber dados
MESSAGE_BOX_VERSION_MISMATCH_TITLE,31120753725267968,Incompatibilidade de Versão
MESSAGE_BOX_VERSION_MISMATCH_MESSAGE,31120802169479168,Não é possível entrar na partida devido a uma diferença na versão do jogo. Você e o anfitrião talvez precisem reiniciar o jogo para instalar as atualizações mais recentes.
MESSAGE_BOX_NEW_BUILD_TITLE,31121109494521856,Nova Versão Disponível
MESSAGE_BOX_NEW_BUILD_MESSAGE,31121145544564736,Uma nova versão do jogo está disponível. Clique em OK para reiniciar e começar a baixar a atualização
MESSAGE_BOX_COMPUTER_OVERHEATING_TITLE,31121364780834816,Computador Superaquecido
MESSAGE_BOX_COMPUTER_OVERHEATING_MESSAGE,31121436348243968,Deseja reduzir a resolução e a taxa de quadros para esfriar o computador?
MESSAGE_BOX_COMPUTER_OVERHEATING_CONFIRM,31121455612682240,Faz ele esfriar a cabeça
MESSAGE_BOX_COMPUTER_OVERHEATING_CANCEL,31121502840545280,Deixa pegar fogo
MESSAGE_BOX_EXIT_GAME_TITLE,31121802745864192,Sair do Jogo
MESSAGE_BOX_EXIT_GAME_MESSAGE,31121844806344704,Quer mesmo abandonar seus amigos?
MESSAGE_BOX_EXIT_GAME_CONFIRM,31121881414230016,Sair para o Menu Principal
MESSAGE_BOX_EXIT_GAME_CANCEL,31121900481536000,Cancelar
MESSAGE_BOX_EXIT_GAME_SECONDARY,31121914842832896,Sair para a Área de Trabalho
MESSAGE_BOX_GAME_FULL_TITLE,31122293072584704,Partida Cheia
MESSAGE_BOX_GAME_FULL_MESSAGE,31122339318980608,"Infelizmente, a partida já está cheia. Clique em OK para voltar ao Menu Principal."
MESSAGE_BOX_BLOCK_PLAYER_TITLE,31122656211230720,Bloquear Jogador
MESSAGE_BOX_BLOCK_PLAYER_MESSAGE,31122703279710208,Jogadores bloqueados não podem participar de partidas criadas por você e são permanentemente silenciados caso vocês joguem em uma mesma partida.<br><br>Quer mesmo bloquear {PlayerName}?
MESSAGE_BOX_BLOCK_PLAYER_CONFIRM,31122718286929920,Bloquear
MESSAGE_BOX_BLOCK_PLAYER_CANCEL,31122765070196736,Cancelar
MESSAGE_BOX_RESET_RUN_TITLE,31141105490714624,Reiniciar Expedição
MESSAGE_BOX_RESET_RUN_MESSAGE,31141144124448768,Quer mesmo reiniciar a expedição?
MESSAGE_BOX_ABANDON_RUN_TITLE,31141752260780032,Abandonar A Expedição
MESSAGE_BOX_ABANDON_RUN_MESSAGE,31141795957039104,Quer mesmo abandonar sua expedição e voltar à ROX-1?
MESSAGE_BOX_ABANDON_RUN_CONFIRM,31141825619156992,Abandonar Expedição
MESSAGE_BOX_ABANDON_RUN_CANCEL,31141851095359488,Cancelar
MESSAGE_BOX_SKIP_TUTORIAL_TITLE,31142106562027520,Pular Tutorial
MESSAGE_BOX_SKIP_TUTORIAL_MESSAGE,31142143690006528,Quer mesmo pular o tutorial e retornar à nave?
MESSAGE_BOX_SKIP_TUTORIAL_CONFIRM,31142158563008512,Pular Tutorial
MESSAGE_BOX_SKIP_TUTORIAL_CANCEL,31142171938643968,Cancelar
MESSAGE_BOX_MISSING_ARTIFACT_MESSAGE,31142435298992128,Quer mesmo continuar sem selecionar uma Suprema?
MESSAGE_BOX_RESET_ACCOUNT_TITLE,31142628807401472,Redefinir Conta
MESSAGE_BOX_RESET_ACCOUNT_MESSAGE,31142661908848640,Quer mesmo redefinir sua conta?<br>Isso excluirá todo o progresso e conteúdo que você desbloqueou.
MESSAGE_BOX_RESET_ACCOUNT_CONFIRM,31142672679821312,Redefinir Conta
MESSAGE_BOX_RESET_ACCOUNT_CANCEL,31142685069795328,Cancelar
MESSAGE_BOX_VIDEO_SETTINGS_CHANGED_TITLE,31142952192434176,Configurações de Vídeo Alteradas
MESSAGE_BOX_VIDEO_SETTINGS_CHANGED_MESSAGE,31142986732527616,As configurações de vídeo foram alteradas. Aceitar?<br><br>As configurações serão revertidas automaticamente em 5 segundos
MESSAGE_BOX_VIDEO_SETTINGS_CHANGED_CONFIRM,31142998338166784,Aceitar Alterações
MESSAGE_BOX_VIDEO_SETTINGS_CHANGED_CANCEL,31143010442928128,Reverter Alterações
MESSAGE_BOX_DEFAULT_CONFIRM,31145012967235584,OK
MESSAGE_BOX_DEFAULT_CANCEL,31145042352529408,Cancelar
HUNTER_THREAT_DANGER,35125167033147392,PERIGO!
HUNTER_THREAT_BANISHED,35125235089924096,BANIDO!
HUNTER_THREAT_IMMINENT,35125348260634624,AMEAÇA IMINENTE!
HUNTER_THREAT_PANTS,35125431806976000,!! HORA DE BORRAR AS CALÇAS !!
HUNTER_THREAT_ENRAGED,35125494096584704,!! CAÇADORES ENFURECIDOS !!
EVENT_HEADER_PRIME,35806126556569600,Diretriz Principal
EVENT_HEADER_SECONDARY,35806182923821056,Diretriz Secundária
EVENT_COMPLETE_REWARDS,36526246664855552,Recompensas:
EVENT_BANNER_PRIME_DIRECTIVE,37577651529965568,Diretriz Principal Concluída!
EVENT_BANNER_COMPLETE,37577933345251328,Concluído!
EVENT_BANNER_SECONDARY_DIRECTIVE,37581156248444928,Diretriz Secundária Concluída!
WEAPON_SWITCH_CHARGED,37939439253577728,Carregado
LOADOUT_WEAPON_NONE_TITLE,38383410991849472,Nenhuma Arma
LOADOUT_WEAPON_NONE_DESC,38383462514679808,O que você está armando?
LOADOUT_ARTIFACT_NONE_TITLE,38383464444059648,Nenhum Artefato
LOADOUT_ARTIFACT_NONE_DESC,38383465480052736,Um espaço de equipamento tão vazio que dá dó.
LOADOUT_FLAIR_NONE_TITLE,38383466306330624,"Xiii, sem Brasão!"
LOADOUT_FLAIR_NONE_DESC,38383568223723520,"Você quer ou não quer se expressar, hein?"
ITEM_INSPECTION_PROMPT,42642500681195520,Inspecionar
ITEM_NOTIFICATION_NEW_ITEM,42646904150941696,Novo!
ITEM_RARITY_COMMON,42668023662764032,Comum
ITEM_RARITY_RARE,42668026103848960,Raro
ITEM_RARITY_EPIC,42668027727044608,Épico
ITEM_RARITY_LEGENDARY,42668029052444672,Lendário
ITEM_RARITY_UNCOMMON,42668357307064320,Incomum
INTERACT_PROMPT_PING,43136443831279616,[InputAction:Gameplay/MarkTarget] Ping
DAMAGE_TYPE_FIRE,43142553082519552,Fogo
DAMAGE_TYPE_ICE,43142575572377600,Gelo
DAMAGE_TYPE_SLIME,43142609625931776,Gosma
DAMAGE_TYPE_ELECTRIC,43142638340136960,Elétrico
DAMAGE_TYPE_KINETIC,43142700797517824,Cinético
INTERACTION_PROMPT_HOLD_SUCCESS,43183389103087616,Sucesso!
EMPLOYEE_RANK_TITLE,38764887885733888,RANQUE DE FUNCIONÁRIO
EMPLOYEE_RANK_RANKUP_FMT,38764977085997056,SUBIU DE RANQUE! +{Value}
EMPLOYEE_RANK_POINTS_FORMAT,38765036250849280,{Current}/{Total} PR
EVENT_HUNTER_TIMER_ADVANCED,43479223816413184,Chegada de Caçador Adiantada
EVENT_HUNTER_TIMER_DELAYED,43480205547790336,Chegada de Caçador Atrasada
EVENT_COMPLETE_NO_REWARDS,43499746143232000,Concluído!
MESSAGE_BOX_QUIT_TITLE_HOST,45269738467614720,Sair da sua própria partida?
MESSAGE_BOX_QUIT_MESSAGE_HOST,45269853613842432,"Quer mesmo sair da partida?<br>Como você criou a partida, todos os jogadores serão removidos ao sair."
WISHLIST_ON_STEAM,45665676281503744,Adicione à Lista de Desejos no<br><b>STEAM</b>
MODE_SELECT_TITLE,45666774727778304,Seleção de Modo
MODE_SELECT_JOIN_GAME_TITLE,45666886526951424,Entrar na Partida
EMERGENCY_TEXT_DEFAULT_TITLE,46144708803489792,Erro de inicialização do aplicativo
EMERGENCY_TEXT_DEFAULT_DESCRIPTION,46144714159616000,Um erro impediu que o aplicativo fosse inicializado corretamente. Reiniciar o computador pode ajudar.
EMERGENCY_TEXT_DEFAULT_FOOTER,46312787621638144,Fique à vontade para falar conosco no canal #create-bug-reports do servidor de Discord de SwapMeat caso precise de ajuda.<br>Este aplicativo será encerrado automaticamente em 30 segundos.
EMERGENCY_TEXT_IO_DESCRIPTION,46312933025574912,"Ocorreu um erro ao tentar ler um ou mais arquivos durante a inicialização. Isso costuma ocorrer devido a verificações incorretas de vírus ou a uma sessão anterior do jogo não encerrada corretamente.<br>Se o problema continuar, reinicie o computador para remover o bloqueio aos arquivos."
HARVESTER_CORE,46389181780320256,Núcleo da Colhedora
NODE_1,46389232518815744,Nódulo 1
NODE_2,46389312764239872,Nódulo 2
NODE_3,46389348839448576,Nódulo 3
NODE_4,46389350567501824,Nódulo 4
JUMP_PAD,46406064923467776,Plataforma de Pulo
MEAT_DISPENSER,46628101025685504,Distribuidor de Carne
COACH_DAN,46628101034074112,Treinador Dan
ALIEN_BULB,46628101419950080,Bulbo Alienígena
A_FRANKEN_TICKLER,46628101457698816,Um Franken Cosquento
INSECT_EGGS,46628101830991872,Ovos de Inseto
SMOKER_1_ACTIVATOR!,46628102149758976,Ativador de Macro-Ondas 1!
SMOKER_2_ACTIVATOR!,46628102149758977,Ativador de Macro-Ondas 2!
SMOKER_3_ACTIVATOR!,46628102149758978,Ativador de Macro-Ondas 3!
A_CAPTURED_SPIDER,46628102279782400,Uma Aranha Capturada
SENTRY_TURRET,46628102288171008,Torreta Sentinela
SPAWNING_POOL,46628102346891264,Área de Surgimento
JELLY_FORGE,46628102367862784,Forja de Geleia
MEAT_MUSH,46628103278026752,Bolo de Carne
TOXIC_SLIME,46628104666341376,Gosma Tóxica
EXHAUST_PORT,46628107665268736,Exaustor
TIBBLER'S_HEART,46628108311191552,Coração de Calipso
PAYLOAD,46628108462186496,Carga
BOLT_BURGER,46628108516712448,Rebimburguer
STEERING_PANEL,46628109204578304,Painel de Controle
GOAL!,46628109821140992,Objetivo!
OPEN_DOOR,46628110437703680,Abrir Porta
AN_ITEM_CAPSULE,46628112023150592,Uma Cápsula de Item
SECURE_THE_MEAT_CORE!,46628112652296192,Proteja o Núcleo de Carne!
A_HIVE_TENDRIL,46628112698433536,Um Broto Coletivo
MEAT_CORE_SITE,46628112702627840,Local do Núcleo de Carne
GOOBER_TURRET,46628113809924096,Torreta Bobona
HEALTH_STATION,46628116695605248,Posto de Vida
TIBBLER'S_KIDNEY,46628118494961664,Rim de Calipso
THE_MEAT_MARKET,46628120319483904,O Mercado de Carnes
MENACING_TENTACLE,46628121766518784,Tentáculo Ameaçador
SUPPLY_BOX,46628126061486080,Caixa de Suprimentos
RESEARCHER_POD,46628126124400640,Cápsula de Funcionário
UI_ITEM_DESC_FMT,50641214507048960,{attributes:list:|<br>}
UI_HITEFFECT_DESC_FMT,50658861504258048,{trigger}: {effect}
MESSAGE_BOX_REBIND_CONFLICT_MSG_FMT,52952037393887232,"O comando ""{InputPath}"" já está vinculado à ação ""{ActionName}"", que agora também precisará ser vinculada a um novo comando."
MESSAGE_BOX_REBIND_BANNED_MSG_FMT,52961862714585088,"O comando ""{InputPath}"" já está vinculado à ação global ""{ActionName}""."
HUNTER_ENRAGE_TIMER,53525888526966784,Fúria em:
UI_UPGRADEGRID_COST_FMT,54269938343337984,Custo: <b>{points}</b> Pontos
WEAPON_DAMAGE_FMT,58681057103306752,Dano: {MinDamage} - {MaxDamage}{ProjectileCount:| x{}}{DamageType: ({})|}
WEAPON_RATE_FMT,58682157948723200,{ShotsPerSecond:0.00} tiros/s
WEAPON_CRIT_CHANCE_FMT,58682730970341376,{CritChance:percent()}% / x{Damage:0.00} de Dano
WEAPON_EXPOSIVE_RADIUS_FMT,58683047074062336,Raio de Explosão: {Radius} m
WEAPON_HEAL_FMT,58683397642379264,Quantidade de Cura: {HealBase}
WEAPON_HEAL_RADIUS_FMT,58683398825172992,Raio de Cura: {Radius}
UI_UPGRADEGRID_PROGRESSCOUNT_FMT,59426037270831104,{current}/{total}
EVENT_DESCRIPTION_TIME_FMT,61552718882267136,{EventText} : {TimeoutText}
EVENT_DESCRIPTION_TIME_ONLY_FMT,61553051326996480,{TimeoutText}
TUTORIAL_SWAPMEAT,47859765294915584,[InputAction:Interact/Interact] trocar de carne
PIN_MARKER,46746956646510592,MARCAR!
Tutorial_LEGABILITY,47863131572002816,[InputAction:Gameplay/LegsAbility] habilidade de pernas
MODE_SELECT_FRIENDS_ONLY,47782185145458688,(Somente Amigos)
JOIN_GAME_SPECTATE,47816347118198784,Espectador
MENU_COMMON_BACK,47855835508891648,[InputAction:UI/Cancel] Voltar
JOIN_GAME_PROTOCOL_MISMATCH,48097039647498240,Incompatibilidade de Versão
CAVE_ENTRANCE,48527482492321792,Entrada da Caverna
MESSAGE_BOX_TUTORIAL_SINGLE_PLAYER_TITLE,51432847888605184,Aviso do Tutorial
MESSAGE_BOX_TUTORIAL_SINGLE_PLAYER_MESSAGE,51432919170801664,"Para repetir o tutorial, você precisa reiniciar o modo Um Jogador. <br>Gostaria de retornar ao menu principal para iniciar o jogo no modo Um Jogador?"
MESSAGE_BOX_REBIND_CONFLICT_TITLE,52952033853894656,Conflito ao Revincular Tecla
MESSAGE_BOX_REBIND_BANNED_TITLE,52961860839731200,Falha ao Revincular Tecla
UI_REQUIREMENT_NONE,52948800652697600,Sem Requisitos
UI_REQUIREMENT_PROGRESSFLAG_FMT,52948896446406656,Requer {flag}
UI_REQUIREMENT_STAT_RUNSFAILED_FMT,52949023231827968,Falhe em {count:plural:{} expedição|{} expedições}
UI_REQUIREMENT_STAT_PLANETSCOMPLETED_FMT,52949166408589312,Escape de {count:plural:{} planeta|{} planetas}
UI_REQUIREMENT_STAT_MEATSWAPPED_FMT,52949168367329280,Troque {count:plural:{} carne|{} carnes}
UI_REQUIREMENT_STAT_PLANETSVISITED_FMT,52949169457848320,Visite {count:plural:{} planeta|{} planetas}
UI_REQUIREMENT_SOLARSYSTEM_FMT,52949170154102784,Conclua {system} na dificuldade {difficulty}{ascension:cond:>0? A{}|}
UI_REQUIREMENT_PLANET_FMT,52949486878580736,Conclua {planet}
UI_REQUIREMENT_EMPLOYEERANK_FMT,52949564150243328,Ranque de Funcionário {rank}
UI_REQUIREMENT_WEAPONSTAT_OBJECTIVES_FMT,52949730919964672,Conclua {count} {count:plural: Diretriz Primária|Diretrizes Primárias} com {family}
UI_TERMINAL_WEAPONS_TITLE,53934907058020352,TERMINAL DE ARMAS
UI_TERMINAL_WEAPONS_BACK,53934967472775168,VOLTAR PARA SELEÇÃO DE ARMAS
UI_TERMINAL_EXIT,53935205264646144,SAIR DO TERMINAL
UI_UPGRADEGRID_POINTS_AVAIL,53958569882542080,PONTOS DISPONÍVEIS:
UI_UPGRADEGRID_RANK_UP,53960174602280960,SUBIU DE RANQUE
UI_UPGRADEGRID_WEAPONS,53981706342883328,RANQUE DA ARMA
UI_UPGRADEGRID_MAXRANK,54247495897702400,RANQUE MÁXIMO
UI_UPGRADEGRID_UNLOCK,54247498640777216,DESBLOQUEAR
UI_UPGRADEGRID_CHALLENGE_TITLE,54322765962928128,DESAFIO
UI_UPGRADEGRID_BLOCKED_DESC,54322889858473984,Desbloqueie o quadrado adjacente para revelar o desafio.
UI_UPGRADEGRID_UNLOCKS_TITLE,54323001598926848,Desbloqueia:
MESSAGE_BOX_LOAD_DEMO_PROGRESS_TITLE,55860577653682176,Migrar Progresso da Demonstração	
MESSAGE_BOX_LOAD_DEMO_MESSAGE,55860579570479104,Foi localizado o arquivo salvo da demonstração do SwapMeat. Deseja copiar o progresso de jogo da demonstração? Todos os dados salvos existentes serão substituídos.
MESSAGE_BOX_LOAD_DEMO_CONFIRM,56092048666587136,Sim
MESSAGE_BOX_LOAD_DEMO_SECONDARY,56092050369474560,"Não, mas me lembre da próxima vez"
MESSAGE_BOX_LOAD_DEMO_CANCEL,56092051975892992,"Não, e não pergunte mais"
UI_WEAPONTERMINAL_INSPECT,56189457739538432,INSPECIONAR ARMA
CURRENCY_TRADER_TITLE,58576102623272960,Comerciante Mike
CURRENCY_TRADER_DESCRIPTION,58576262912794624,// Converter Moedas e Recursos
COMMON_BACK,58577423170527232,Voltar
CARL_TERMINAL_TITLE,58588816691159040,Carl Rangus
CARL_TERMINAL_DESCRIPTION,58588929878646784,O melhor gerente desse lado da galáxia.
CARL_TERMINAL_ALL_COMPLETED_ENTRY,58590589204029440,"Você já fez tudo que tinha pra fazer! Mas quem sabe não acha mais coisas escondidas por aí, explorando aqueles planetas..."
COMMON_COMPLETED,58590894855544832,Concluído
TRADER_TERMINAL_EMPTY_ENTRY,58591398792781824,Nenhum recurso no inventário
TRADER_TERMINAL_ACTION_SELL,58596954802741248,Vender
TRADER_TERMINAL_ACTION_EXCHANGE,58597048063090688,Comprar
TRADER_TERMINAL_ACTION_UNAVAILABLE_NO_CURRENCY,58597098013057024,Moedas insuficientes
UI_REQUIREMENTS,58737776349143040,Requisitos:
ITEM_REWARD_NAME_FMT,63053428530601984,{ItemName}{ItemCount:| +{ItemCount}}
SUBTITLE_LINE_FMT,63797240152449024,<color=#{SpeakerNameColor}>{SpeakerName}:</color> {SpeakerText}
Drain Tunnel,64088669405609984,Túnel de Drenagem
Drain Tunnel 2,64091624674459648,Túnel de Drenagem 2
MAIN_MENU_UNSTUCK_BTN_TXT,61894851502731264,Tô preso!
UI_CARLTERMINAL_CLAIM_BTN_CLAIM,63752028576215040,RESGATAR
UI_CARLTERMINAL_CLAIM_BTN_CRAFT,63752026911076352,Comprar
UI_CARLTERMINAL_CLAIM_BTN_CURRENCY_LOCKED,63752030165856256,Moedas Insuficientes
UI_CARLTERMINAL_CLAIM_BTN_DEMO_LOCKED,63752024679706624,Demonstração Bloqueada
UI_GALAXYMAP_DEMO_LOCKED,65856258359357440,Demonstração Bloqueada
UI_TAG_EQUIPPED,63534599735599104,EQUIPADO
UI_TERMINAL_SMARTMEAT_TITLE,61538986663862272,TERMINAL DE BENEFÍCIOS DO FUNCIONÁRIO
UI_UGPRADEGRID_SMARTMEAT_SUBCATEGORY,61538997678104576,VOCÊ É A ARMA SUPREMA
UI_UPGRADEGRID_DESC,61619816316788736,Suba de ranque para obter Pontos de Melhoria.
UI_UPGRADEGRID_MAXDEMORANK,63774850287595520,Ranque Máximo da Demonstração
UI_UPGRADEGRID_SMARTMEAT,61538996168155136,CARNE INTELIGENTE
UI_UPGRADEGRID_WEAPONS_BACK,63713969943076864,VOLTAR PARA INSPEÇÃO DE ARMAS
UI_WEAPON_CRIT_CHANCE_TITLE,63446363281547264,CRÍTICO
UI_WEAPON_MAGAZINE_TITLE,63446478268391424,TAMANHO DO PENTE
UI_WEAPON_RANGE_FMT,63445941418450944,{Range:0.0} m
UI_WEAPON_RANGE_TITLE,63445794089328640,ALCANCE
UI_WEAPON_RATE_TITLE,63445951468003328,TAXA
UI_WEAPONINSPECT_BASEDAMGE_FMT,63374233634332672,DANO BASE: {MinDamage} - {MaxDamage}{ProjectileCount:| x{}}
UI_WEAPONINSPECT_RELOAD_BONUS,63529341047267328,BÔNUS DE RECARGA:
UI_WEAPONINSPECT_TEST_WEAPON,63534728131633152,TESTAR NO CAMPO DE TIRO
UI_WEAPONINSPECT_UNLOCK,63351818913046528,DESBLOQUEAR
UI_WEAPONINSPECT_UNLOCK_DESC,63364702686666752,A arma deve ser desbloqueada para progredir nos ranques.
UI_WEAPONINSPECT_UPGRADE_DESC,63364711805083648,Conclua desafios para desbloquear melhorias de armas.<br>Suba de ranque para ganhar pontos de melhoria para gastar.
UI_WEAPONINSPECT_UPGRADES,63351863464943616,MELHORIAS DE RANQUE
WEAPON_MAGAZINE_FMT,63446480793362432,{MaxCount}
HUNTERS_TIMER_FMT,68162259069689856,{SecondsRemaining:secondstotime()}
HUNTERS_TIMER_REWARD_FMT,68472376516403200,{Count:cond:<0?<color=#FF3667>{}s</color>|+{}s}
UI_OPTS_LAST_SAVE_TXT,68548738615799808,Último salvamento:<br>{0:timespan(less|minute)} atrás<br><br>{Tag}
EVENT_REWARD_FMT,68757372988809216,{Count}
UI_OPTS_OPTIONS,67081590919852032,Opções
UI_OPTS_MULTIPLAYER,67081471604486144,Multijogador
UI_OPTS_KEYBIND_BINDING,70421327982292992,Vinculação: {BindingName}
UI_OPTS_KEYBIND_ERROR_MSG,70421794263068672,Isso desvinculará outra ação: <br>{OtherActionName}<br>Tem certeza de que deseja continuar?
UI_OPTS_BUILD_INFO,71065577514266624,Plataforma: {PlatformName} | Versão: {BuildId} | Hash do protocolo: {ProtocolHash}
UI_GATHERNODE_REQUIREMENT,71029905968586752,<color=red>Requer {Requirement}</color>
UI_HEALTHPICKUP_INTERACT,71039570580332544,Recupera {percentage:percent()}% de Vida
DIAMOND,66974994580406272,Diamante
MESSAGE_BOX_LEAVE_CONFIRM,69161157897678848,Sair do Jogo
MESSAGE_BOX_LEAVE_HOST_TITLE,69160751356375040,Sair da sua própria partida?
MESSAGE_BOX_LEAVE_HOST_TXT,69160978603765760,"Quer mesmo sair da partida?<br>Como você criou a partida, todos os jogadores serão removidos ao sair."
MESSAGE_BOX_LEAVE_TITLE,69160074362155008,Sair do jogo?
MESSAGE_BOX_LEAVE_TXT,69160855006015488,Quer mesmo sair do jogo?
MESSAGE_BOX_RETURN_CONFIRM,69163340810612736,Abandonar Expedição
MESSAGE_BOX_RETURN_HOST_TXT,69163346871382016,"Tem certeza de que deseja abandonar sua Expedição?<br>Como você criou a partida, todos os outros jogadores retornarão com você."
MESSAGE_BOX_RETURN_TITLE,69163337862017024,Abandonar Expedição?
MESSAGE_BOX_RETURN_TXT,69163343302029312,Quer mesmo abandonar sua expedição?
MODE_SELECT_CREATE_FRIENDS_DESC,71007351351472128,Amigos podem encontrar e entrar no seu jogo.
MODE_SELECT_CREATE_FRIENDS_TITLE,71007349887660032,Amigos
MODE_SELECT_CREATE_PUBLIC_DESC,71007348780363776,Qualquer pessoa pode participar. Perfeito para transmissões!
MODE_SELECT_CREATE_PUBLIC_TITLE,71007346976813056,Público
MODE_SELECT_CREATE_SOLO_DESC,71007345391366144,Jogue sozinho ou convide colegas para participar.
MODE_SELECT_CREATE_SOLO_TITLE,71007343826890752,Privado
MODE_SELECT_FRIENDS_GAME,70420085428121600,Amigos
MODE_SELECT_FRIENDS_GAME_DESC,70420318446874624,Amigos podem encontrar e entrar no seu jogo.
MODE_SELECT_GAME_MODE_TITLE,71011334463877120,Modo de Jogo
MODE_SELECT_JOIN_BTN,70420672118976512,Entrar na Partida
MODE_SELECT_PLAY_BT,71007312436719616,Jogar
MODE_SELECT_PLAY_BTN,70420636043767808,Jogar
MODE_SELECT_PUBLIC_GAME,70420047901683712,Público
MODE_SELECT_PUBLIC_GAME_DESC,70420200670818304,Qualquer pessoa pode participar. Perfeito para transmissões!
MODE_SELECT_SOLO_GAME,70420012703084544,Privado
MODE_SELECT_SOLO_GAME_DESC,70420126205145088,Jogue sozinho ou convide colegas para participar.
Open Hatch,70668568375361536,Abrir Escotilha
OPTS_MULTIPLAYER_CURRENT_TEAM,69865368843120640,Equipe Atual
OPTS_MULTIPLAYER_ENABLE_OBSERVERS,69865544915808256,Habilitar Observadores
OPTS_MULTIPLAYER_MANAGE_BLOCKS,69865680991612928,Gerenciar Lista de Bloqueios...
PROTECTIVE_CRSYSTAL,66975109500141568,Cristal Protetor
SHIELD_GENERATOR,66975448525733888,Gerador de Escudo
UI_BLOCKLIST_TITLE,69854086446379008,Lista de Bloqueios
UI_BLOCKLIST_UNBLOCK_BTN,69854165966188544,Desbloquear
UI_COMPASS_E,68109962709032960,L
UI_COMPASS_N,68109857843044352,N
UI_COMPASS_NE,68109928332517376,NE
UI_COMPASS_NW,68110126031036416,NO
UI_COMPASS_S,68110021160853504,S
UI_COMPASS_SE,68109993440698368,SE
UI_COMPASS_SW,68110069386960896,SO
UI_COMPASS_W,68110099468509184,O
UI_MULTIPLAYER_BLOCKLIST_HELP_MESSAGE,70426187016368128,"Visualize e gerencie a lista de usuários inseridos na lista de contatos bloqueados.<br><br>Usuários bloqueados não poderão participar de jogos que você hospedar. Se você e o usuário bloqueado entrarem em um jogo hospedado por terceiros, o usuário bloqueado será automaticamente silenciado."
UI_MULTIPLAYER_BLOCKLIST_HELP_TITLE,70426179655364608,Gerenciar Lista de Bloqueios
UI_MULTIPLAYER_OBSERVER_HELP_MESSAGE,70426781500239872,"Habilita/Desabilita a função de um quarto jogador poder se conectar aos jogos que você hospeda no modo de observação. Observadores não podem participar do chat de voz, mas podem assistir ao jogo da perspectiva do anfitrião ou de qualquer jogador conectado."
UI_MULTIPLAYER_OBSERVER_HELP_TITLE,70426780619436032,Habilitar Observadores
UI_OPTS_ACCOUNT_RESET_BTN,70352075493404672,Redefinir Conta
UI_OPTS_ACCOUNT_RESET_MESSAGE,70434640048877568,<b>!! Cuidado !!</b><br><br>Redefine o progresso da conta para o estado inicial. Isso apagará todo o progresso do jogo e todo o conteúdo desbloqueado.
UI_OPTS_ACCOUNT_RESET_TITLE,70434638551511040,Redefinir Conta
UI_OPTS_ACCOUNT_TAB,68549317450723328,Conta
UI_OPTS_ACCOUNT_UNSTUCK_BTN,70352078584606720,Tô Preso!
UI_OPTS_ACCOUNT_UNSTUCK_MESSAGE,70434646139006976,Às vezes você cai e não consegue se levantar. Às vezes você fica preso entre a grelha e o espetinho. <br><br>Isso fará você reaparecer no último ponto de ressurgimento relevante.
UI_OPTS_ACCOUNT_UNSTUCK_TITLE,70434644754886656,Desprender
UI_OPTS_ACCOUNT_UPLOAD_LOGS_BTN,70352077099823104,Carregar Logs
UI_OPTS_ACCOUNT_UPLOAD_LOGS_MESSAGE,70434643219771392,Envia seus logs de jogo para a OMG para análise de depuração.
UI_OPTS_ACCOUNT_UPLOAD_LOGS_TITLE,70434641781125120,Carregar Logs de Depuração
UI_OPTS_ADVANCED_GROUP,70287955960197120,Avançado
UI_OPTS_AUDIO_DIALOGUE_VOL,70324071845261312,Volume de Diálogo
UI_OPTS_AUDIO_DIALOGUE_VOL_MESSAGE,70415465322573824,Controla o volume do diálogo que aparece em interações picture-in-picture durante o jogo. Também controla o volume do diálogo durante cenas cinematográficas.<br><br>Pressione [InputAction:UI/Interact] para tocar um som de teste.
UI_OPTS_AUDIO_DIALOGUE_VOL_TITLE,70415464353689600,Volume de Diálogo
UI_OPTS_AUDIO_ENEMIES_VOL,70324078786834432,Volume dos Inimigos
UI_OPTS_AUDIO_ENEMIES_VOL_MESSAGE,70417417343266816,Controla o volume dos efeitos sonoros vindos de inimigos.<br><br>Pressione [InputAction:UI/Interact] para tocar um som de teste.
UI_OPTS_AUDIO_ENEMIES_VOL_TITLE,70417416386965504,Volume dos Inimigos
UI_OPTS_AUDIO_ENVIRONMENT_VOL,70324083664809984,Volume do Som Ambiente
UI_OPTS_AUDIO_ENVIRONMENT_VOL_MESSAGE,70417712496439296,"Controla o volume dos sons do ambiente no jogo, como água, campos de força e bipes de máquinas.<br><br>Pressione [InputAction:UI/Interact] para tocar um som de teste."
UI_OPTS_AUDIO_ENVIRONMENT_VOL_TITLE,70417711691132928,Volume do Som Ambiente
UI_OPTS_AUDIO_MASTER_VOL,70324061531467776,Volume Principal
UI_OPTS_AUDIO_MASTER_VOL_MESSAGE,70415212070498304,Controla o volume geral de todo o áudio do jogo.
UI_OPTS_AUDIO_MASTER_VOL_TITLE,70415210757681152,Volume Principal
UI_OPTS_AUDIO_MUSIC_VOL,70324070058487808,Volume da Música
UI_OPTS_AUDIO_MUSIC_VOL_MESSAGE,70415382266966016,Controla o volume da música de fundo.
UI_OPTS_AUDIO_MUSIC_VOL_TITLE,70415381159669760,Volume da Música
UI_OPTS_AUDIO_PLAYER_VOL,70324081903202304,Volume do Personagem do Jogador
UI_OPTS_AUDIO_PLAYER_VOL_MESSAGE,70417544044802048,"Controla o volume dos efeitos sonoros vindos pelos personagens dos jogadores, incluindo sons de troca de carne e disparos de armas.<br><br>Pressione [InputAction:UI/Interact] para tocar um som de teste."
UI_OPTS_AUDIO_PLAYER_VOL_TITLE,70417543201746944,Volume do Personagem do Jogador
UI_OPTS_AUDIO_TAB,68549280075280384,Áudio
UI_OPTS_AUDIO_UI_VOL,70324085401251840,Volume da Interface de Usuário
UI_OPTS_AUDIO_UI_VOL_MESSAGE,70418003727937536,Controla o volume dos ruídos de interação da interface do usuário e dos efeitos sonoros.<br><br>Pressione [InputAction:UI/Interact] para tocar um som de teste.
UI_OPTS_AUDIO_UI_VOL_TITLE,70418002318651392,Volume da Interface de Usuário
UI_OPTS_AUDIO_VOIP_CHAT_MODE,70324073653006336,Modo de Chat de Voz
UI_OPTS_AUDIO_VOIP_CHAT_MODE_MESSAGE,70415803299590144,Determina como [InputAction:Global/PushToTalk] controla seu microfone quando estiver ativo para chat por voz no jogo.<br><br><b>Segurar para Falar</b><br>Segure [InputAction:Global/PushToTalk] enquanto conversa.<br><br><b>Alternar</b><br>Pressione [InputAction:Global/PushToTalk] uma vez para ativar o microfone. O microfone permanecerá ativo até que você pressione [InputAction:Global/PushToTalk] novamente para desligá-lo.<br><br><b>Microfone Aberto</b><br>Não é necessário pressionar nenhuma tecla. O microfone ficará sempre ativo.
UI_OPTS_AUDIO_VOIP_CHAT_MODE_TITLE,70415802246819840,Modo de Chat de Voz
UI_OPTS_AUDIO_VOIP_VOL,70324075414614016,Volume do Chat de Voz
UI_OPTS_AUDIO_VOIP_VOL_MESSAGE,70417228972879872,Controla o volume geral do chat de voz do jogo.<br><br>Pressione [InputAction:UI/Interact] para tocar um som de teste.
UI_OPTS_AUDIO_VOIP_VOL_TITLE,70417227920109568,Volume do Chat de Voz
UI_OPTS_BACK_INPUT,68857711046881280,[InputAction:UI/Cancel] Voltar
UI_OPTS_BLOCK_BTN,69867107889639424,Bloquear
UI_OPTS_BLOCK_PLAYER_MESSAGE,70418828219052032,- Bloqueia convites de jogos recebidos da pessoa<br>- Impede que a pessoa participe ou interaja com jogos em que você é anfitrião<br>- Silencia a pessoa em jogos em que você participa se ela estiver presente
UI_OPTS_BLOCK_PLAYER_TITLE,70418745436073984,Bloquear Jogador
UI_OPTS_BUTTON_LAYOUT_TITLE,70422436385845248,Layout dos Botões
UI_OPTS_BUTTONBINDINGS_GROUP,70738650857402368,Mapeamento dos botões
UI_OPTS_CONTROLLER_TAB,68549200207343616,Controle
UI_OPTS_DEFAULT_HELP_MESSAGE,70399200684077056,Texto de ajuda não implementado
UI_OPTS_DEFAULT_HELP_TITLE,70399197446074368,Título de ajuda não implementado
UI_OPTS_EXIT,67081951311228928,Sair do Jogo
UI_OPTS_FX_GROUP,70324077025226752,Efeitos Visuais
UI_OPTS_GAMEPAD_AIM_ASSIST_STRENGTH,70282068478586880,Intensidade da Assistência de Mira
UI_OPTS_GAMEPAD_AIM_ASSIST_STRENGTH_HELP_MESSAGE,70414381661220864,Define a intensidade com a qual o sistema de assistência puxará sua mira em direção ao alvo mais próximo. <br><br>A assistência de mira é ativada: entre recuos enquanto o gatilho é pressionado; e quando o gatilho é levemente pressionado.<br><br>Valores mais altos resultam em ajustes mais rápidos.
UI_OPTS_GAMEPAD_AIM_ASSIST_STRENGTH_HELP_TITLE,70414380562313216,Intensidade da Assistência de Mira
UI_OPTS_GAMEPAD_AIM_SENSITIVITY,70282066817642496,Sensibilidade da Mira
UI_OPTS_GAMEPAD_AIM_SENSITIVITY_HELP_MESSAGE,70414082783506432,Proporção da sensibilidade geral da mira do controle enquanto o gatilho está pressionado para disparar. <br><br>Diminua se quiser menos sensibilidade e um controle de mira mais preciso.
UI_OPTS_GAMEPAD_AIM_SENSITIVITY_HELP_TITLE,70414081336471552,Sensibilidade da Mira
UI_OPTS_GAMEPAD_INVERT_LOOK,70282043379871744,Inverter Eixo Y (Visão)
UI_OPTS_GAMEPAD_INVERT_LOOK_HELP_MESSAGE,70412802040197120,"Ativa/desativa a inversão visual ao usar um controle. <br><br>Quando ativado, seu personagem olhará para baixo quando o controle for movido para cima."
UI_OPTS_GAMEPAD_INVERT_LOOK_HELP_TITLE,70412800836431872,Inverter Eixo Y (Controle)
UI_OPTS_GAMEPAD_INVERT_MOVE,70282061679620096,Inverter Eixo Y (Movimentação)
UI_OPTS_GAMEPAD_INVERT_MOVE_HELP_MESSAGE,70412958634536960,"Ativa/desativa a inversão de movimento ao usar um controle. <br><br>Inverte o movimento dos personagens para frente/trás.<br><br>Raramente necessário, mas pode ser útil em controles mais antigos."
UI_OPTS_GAMEPAD_INVERT_MOVE_HELP_TITLE,70412957338497024,Inverter Eixo de Movimentação (Controle)
UI_OPTS_GAMEPAD_LOOK_SPEED_X,70282063558668288,Velocidade Horizontal do Controle
UI_OPTS_GAMEPAD_LOOK_SPEED_X_HELP_MESSAGE,70413633917480960,Sensibilidade da visão no eixo lateral ao usar um controle.
UI_OPTS_GAMEPAD_LOOK_SPEED_X_HELP_TITLE,70413632646606848,Velocidade Horizontal do Controle
UI_OPTS_GAMEPAD_LOOK_SPEED_Y,70282065131532288,Velocidade Vertical do Controle
UI_OPTS_GAMEPAD_LOOK_SPEED_Y_HELP_MESSAGE,70413813823762432,Sensibilidade da visão no eixo para cima e para baixo ao usar um controle.
UI_OPTS_GAMEPAD_LOOK_SPEED_Y_HELP_TITLE,70413812913598464,Velocidade Vertical do Controle
UI_OPTS_GAMEPLAY_TAB,68549116929437696,Jogabilidade
UI_OPTS_GENERAL_GROUP,70287948653719552,Geral
UI_OPTS_INPUT_GROUP,70279105097953280,Entrada
UI_OPTS_INVITE_PLAYERS_BTN,70418305227091968,Convidar jogador
UI_OPTS_KEYBIND_CANCEL_PROMPT,70421608761585664,[InputAction:UI/Cancel] para Cancelar
UI_OPTS_KEYBIND_ERROR_CANCEL,70422066154631168,Cancelar
UI_OPTS_KEYBIND_ERROR_CONFIRM,70422064200085504,Confirmar
UI_OPTS_KEYBIND_ERROR_TITLE,70421791478050816,Tecla Já Vinculada
UI_OPTS_KEYBIND_GROUP_COMMUNICATION,70420944467718144,Comunicação
UI_OPTS_KEYBIND_GROUP_MISC,70420950109057024,Diversos
UI_OPTS_KEYBIND_GROUP_MOVEMENT,70420842411913216,Movimento
UI_OPTS_KEYBIND_GROUP_WEAPONS,70420902256242688,Armas e Habilidades
UI_OPTS_KEYBIND_PROMPT,70421315709759488,Pressione qualquer tecla
UI_OPTS_KEYBIND_PROMPT_GAMEPAD,70422265480540160,Pressione qualquer botão
UI_OPTS_KEYBINDS_GROUP,70738498176348160,Atalhos de teclado
UI_OPTS_KEYBOARD_TAB,68549159149301760,Teclado
UI_OPTS_KICK_BTN,69867067745955840,Expulsar
UI_OPTS_KICK_PLAYER_MESSAGE,70418717061607424,- Expulsa o jogador do jogo atual<br>- O jogador pode tentar entrar novamente pelo menu principal
UI_OPTS_KICK_PLAYER_TITLE,70418437070843904,Expulsar Jogador
UI_OPTS_LOG_UPLOAD_COMPLETE_MSG,71062034984136704,Seus logs de depuração foram enviados para a OMG.<br>Agradecemos pelo relatório!
UI_OPTS_LOG_UPLOAD_COMPLETE_TITLE,71062033079922688,Upload de Log Concluído
UI_OPTS_MOUSE_INVERT_Y,70272412423221248,Inverter Eixo Y
UI_OPTS_MOUSE_INVERT_Y_HELP_MESSAGE,70412173477605376,"Ativa/desativa a inversão visual ao usar o mouse. <br><br>Quando ativado, seu personagem olhará para baixo quando o controle for movido para cima."
UI_OPTS_MOUSE_INVERT_Y_HELP_TITLE,70412171606945792,Inverter Eixo Y (Mouse)
UI_OPTS_MOUSE_SPEED_X,70272546573840384,Velocidade Horizontal do Mouse
UI_OPTS_MOUSE_SPEED_X_HELP_MESSAGE,70412460183449600,Sensibilidade do Mouse no eixo lateral.
UI_OPTS_MOUSE_SPEED_X_HELP_TITLE,70412458447007744,Velocidade Horizontal do Mouse
UI_OPTS_MOUSE_SPEED_Y,70272548553551872,Velocidade Vertical do Mouse
UI_OPTS_MOUSE_SPEED_Y_HELP_MESSAGE,70412693684547584,Sensibilidade do mouse no eixo de cima e de baixo.
UI_OPTS_MOUSE_SPEED_Y_HELP_TITLE,70412692216541184,Velocidade Vertical do Mouse
UI_OPTS_MULTIPLAYER_TITLE,69893490762248192,Multijogador
UI_OPTS_MUTE_BTN,69867030940938240,Silenciar
UI_OPTS_QUIT_TO_MAINMENU,67081878519083008,Sair para o Menu Principal
UI_OPTS_RANGUS_TITLE,68857709201387520,Menu Rangus
UI_OPTS_RESET_DEFAULT_CANCEL,70371653040664576,Cancelar
UI_OPTS_RESET_DEFAULT_CONFIRM,70371646627573760,Sim
UI_OPTS_RESET_DEFAULT_MSG,70371438707535872,Tem certeza de que deseja restaurar essas configurações para os valores padrão?
UI_OPTS_RESET_DEFAULT_TITLE,70371436950122496,Restaurar Padrões?
UI_OPTS_RESTORE_DEFAULTS_BTN,70244262565834752,Restaurar Padrões
UI_OPTS_RETURN_MOTHERSHIP,67081787087450112,Abandonar Expedição
UI_OPTS_SAVE_APPLY,71090571845758976,[InputAction:UI/Submit] Aplicar
UI_OPTS_SELECT_INPUT,68857825807233024,[InputAction:UI/Submit] Selecionar
UI_OPTS_TAB_LEFT,68548893402394624,[InputAction:UI/PreviousTab]
UI_OPTS_TAB_RIGHT,68549357606989824,[InputAction:UI/NextTab]
UI_OPTS_UNMUTE_BTN,69869271953371136,Ativar Som
UI_OPTS_VIDEO_QUALITY,70287954148257792,Qualidade
UI_OPTS_VIDEO_QUALITY_MESSAGE,70411523725389824,"Define o nível geral da qualidade dos gráficos. Varia de 0 a 5, com opções mais altas proporcionando maior detalhamento gráfico. <br><br>Essa opção influencia as configurações gráficas subjacentes como antisserrilhamento, tamanhos das texturas, distâncias de nível de detalhe (LOD) etc."
UI_OPTS_VIDEO_QUALITY_TITLE,70411522215440384,Nível de Qualidade
UI_OPTS_VIDEO_RESOLUTION,70318948783943680,Resolução
UI_OPTS_VIDEO_RESOLUTION_MESSAGE,70399271093858304,"Largura, altura e taxa de atualização da janela do jogo. <br><br>Esta configuração só está disponível no modo Tela Cheia ou no modo Janela."
UI_OPTS_VIDEO_RESOLUTION_TITLE,70399256933888000,Resolução da Tela
UI_OPTS_VIDEO_TAB,68549243832299520,Vídeo
UI_OPTS_VIDEO_WINDOW_MODE,70287952470536192,Modo de Tela
UI_OPTS_VIDEO_WINDOW_MODE_MESSAGE,70399243101073408,<b>Tela Cheia</b><br>Acesso dedicado em tela cheia para o motor do jogo.<br><br><b>Tela Cheia Sem Bordas</b><br>Uma janela sem bordas com a mesma resolução nativa da sua tela.<br><br><b>Modo Janela</b><br>Uma janela de jogo redimensionável com controles nativos para minimizar/maximizar/redimensionar.
UI_OPTS_VIDEO_WINDOW_MODE_TITLE,70399203120967680,Modo de Tela
DEATH_SCREEN_KILLED_BY_FMT,73552691249274880,<color=#FFC700>{CreatureName}</color> Matou Você
UI_ANNOUNCEMENT_LEVEL_UP_RESUME,74296320918020096,Retomando em {seconds} segundos
UI_ANNOUNCEMENT_DIFFICULTY_FMT,74296319433236480,{difficulty}{ascension:cond:>0? Ascension {}|}
UI_ANNOUNCEMENT_ENTER_PLANET_FMT,74296317638074368,Chegando em {planet}
UI_REQUIREMENT_CARLQUEST_FMT,74971176676352000,"Conclua a Missão: ""{quest}"""
UI_REQUIREMENT_SMARTMEAT_RANK,75676449292410880,Melhore sua Carne Inteligente para o Ranque {rank}
UI_REQUIREMENT_CAUGHTFISH,75676451393757184,Pegue {count} {count:p:peixe|peixes}
UI_REQUIREMENT_PROGRESS_FMT,75687597366566912,<color=#{color}>{count}</color>/{total}
UI_SAVEMGMT_EMPLOYEE_NAME,76455159420350464,Funcionário {EmployeeNumber}
UI_CHANGE_DIFFICULTY_TO_FMT,76472743611064320,Altere a Dificuldade do Jogo para {difficulty}
UI_SAVEMGMT_COMPLETION_SHORT,76455871910965248,{CompletionPercent}%
UI_SAVEMGMT_SYSTEM_STATUS_SHORT,76455956396830720,Sistema {CurrentSystem}/{SystemCount}
UI_SAVEMGMT_PLAYTIME_SHORT,76456085350707200,{Days:D2}:{Hours:D2}:{Minutes:D2}
UI_SAVEMGMT_GLIZZY_COUNT,76457598835945472,{GlizzyCount}
UI_SAVEMGMT_CARLCOIN_COUNT,76457673867849728,{CarlCoinCount}
UI_SAVEMGMT_DATAPOINT_COUNT,76457671896526848,{DataPointCount}
UI_SAVEMGMT_PLAYTIME_LONG,76458052697387008,Tempo jogado: {Days:D2}:{Hours:D2}:{Minutes:D2}
UI_SAVEMGMT_COMPLETION_LONG,76458159945740288,Conclusão: {CompletionPercent}%
UI_SAVEMGMT_BIRTHDAYS_DATA,76458893697282048,{BirthdayCount}
UI_SAVEMGMT_CAMPAIGN_PROGRESS_DATA,76459164905172992,Sistema {CurrentSystem}/{SystemCount}<br>{CurrentSystemName} // {CurentPlanetName}
UI_CHANGE_DIFFICULTY_CLIENT,76472751513133056,Desafie o Anfitrião a Mudar a Dificuldade do Jogo para {difficulty}
UI_SAVEMGMT_MSGBOX_DELETE_SAVE_MSG,76459477468901376,Tem certeza de que deseja excluir o salvamento do Funcionário {EmployeeNumber}?<br>Esta ação não pode ser desfeita.
UI_SAVEMGMT_MSGBOX_LOAD_SAVE_MSG,77150388238610432,Deseja carregar o salvamento do Funcionário {EmployeeNumber}?
UI_SAVEMGMT_DIFFICULTY_LONG,77171850999689216,Dificuldade: {Difficulty}
UI_SAVEMGMT_DIFFICULTY_SHORT,77171691624525824,{Difficulty}{Ascension:cond:>0? A{}|}
UI_SAVEMGMT_MSGBOX_CREATE_SAVE_MSG,77599484736892928,Criar Funcionário da Rangus {EmployeeNumber}
UI_GALAXYMAP_MODE_SCRIPTED,76942188812951552,Sistema {index}
COMMON_SIDEQUESTS,74560833584095232,Missões Secundárias
CONTROL_PANEL,71374858701537280,Painel de Controle
DEATH_FINAL_TITLE,74209383469277184,Virou Linguiça
DEATH_LAST_CHANCE,73578787034357760,Última Chance!
DEATH_RESPAWNING_TITLE,73560258369282048,Ressurgindo
HUD_CHECKPOINT_TOAST,71718200525385728,Ponto de progresso salvo!
UI_ANNOUNCEMENT_HOST_PAUSED,74296313619931136,O anfitrião pausou o jogo
UI_ANNOUNCEMENT_LEVEL_UP,74296314148413440,Os jogadores estão escolhendo recompensas por subir de nível
UI_BOLTBURGER_CONFIGURE,71287883359576064,Configuração de Funcionários
UI_BOLTBURGER_INTERACT,71029788435800064,<color=yellow>Fuja!</color>
UI_BOLTBURGER_NAME,71029706948861952,Rebimburguer
UI_CARLTERMINAL_CLAIM_BTN_REQUIREMENTS_LOCKED,74607019393277952,Requisitos Não Atendidos
UI_CARLTERMINAL_COMPLETED,73167992798568448,Concluído
UI_CARLTERMINAL_QUESTS,73167908547584000,Missões
UI_CARLTERMINAL_UPGRADES,73167953896398848,Melhorias
UI_DAMAGE_TEXT,71027131851726848,Dano
UI_ENDSTAGE_DATA,71871687346348032,Dados
UI_ENDSTAGE_LOADOUT,71871691788115968,Equipamento
UI_ENDSTAGE_REWARDS,71871690248806400,Recompensas
UI_ENDSTAGE_STATS,71871688839520256,Estatísticas
UI_HEALTHPICKUP_NAME,71039568562872320,Posto de Vida
UI_INFOTERMINAL_INTERACT,71029517936746496,Abrir
UI_INFOTERMINAL_NAME,71029479261069312,Códice
UI_INTERACT_PIN,71029310960427008,Marcar
UI_INTERACTION_MEAT,71029281604493312,Coletar
UI_LOADOUT_EQUIPPED_NONE,70975984860389376,Nada
UI_LOADOUT_SLOT_FLAIR,71008883575873536,Brasão
UI_LOADOUT_SLOT_MELEE,71006502045868032,Corpo a Corpo
UI_LOADOUT_SLOT_PRIMARY,71006497910284288,Primária
UI_LOADOUT_SLOT_SECONDARY,71006500313620480,Secundária
UI_LOADOUT_SLOT_ULTIMATE,71006503694229504,Carne Misteriosa
UI_LOBBY_TV_NAME,71282475156889600,A Tevê
UI_LOBBY_TV_OFF,71282478541692928,<color=yellow>Desligue essa porcaria</color>
UI_LOBBY_TV_ON,71282477010771968,<color=yellow>Assista à Orientação de Funcionários</color>
UI_MEAT_PART_HEAD,71029987690405888,Cabeça
UI_MEAT_PART_LEGS,71030042077945856,Pernas
UI_MEAT_PART_TORSO,71030010549362688,Torso
UI_MEATCORE_INTERACT,71029870979702784,Comece a Colheita
UI_MEATCORE_NAME,71029824678780928,Núcleo de Carne
UI_MEATLOCKER_BACK,74561067920846848,[InputAction:UI/Cancel] Voltar
UI_MEATLOCKER_EQUIP_BTN,74561255393652736,[InputAction:UI/Submit] Equipar
UI_MEATLOCKER_INTERACT_NAME,74562836717563904,Armário de Carnes
UI_MEATLOCKER_INTERACT_PROMPT,74562840249167872,Alterar Cosméticos
UI_MEATLOCKER_ROTATE,74561363761885184,Girar
UI_MEATLOCKER_SUBTITLE,74560978846412800,// Alterar Cosméticos
UI_MEATLOCKER_TITLE,74560976120115200,Armário de Carnes
UI_MEATNAME_MISSING,71030073136766976,Carne Faltando
UI_MODESELECT_DEMOPROGRESS,73195958265962496,O Progresso da Demonstração é Transferido para o Jogo Completo
UI_OPTS_GENERAL_TAB,75389016626622464,Geral
UI_OPTS_LOC_GROUP,75400145952239616,Localização
UI_OPTS_LOCALE,75400155171319808,Idioma
UI_OPTS_LOCALE_HELP_MESSAGE,75399913063510016,Selecione o idioma de sua preferência para visualizar o texto no jogo.
UI_OPTS_LOCALE_HELP_TITLE,75399909397688320,Idioma
UI_REQUIREMENT_CURRENCY,73516433013727232,Tenha {amount} {currency}
UI_REQUIREMENT_UNLOCK_ARTIFACT,73516434381070336,Desbloqueie {Count} {Count:plural:Habilidade|Habilidades} de Artefato
UI_REQUIREMENT_UNLOCK_FLAIR,73516449342152704,Desbloqueie {Count} {Count:plural:Peça|Peças} de Brasão
UI_REQUIREMENT_UNLOCK_WEAPON,73516435505143808,Desbloqueie {Count:plural:{} Arma|{} Armas}
UI_REQUIREMENT_WEAPONRANK_ANY,73516429897359360,Faça qualquer arma subir para o ranque {rank}
UI_REQUIREMENT_WEAPONRANK_SPECIFIC,73516431621218304,Faça a arma {family} subir para o ranque {rank}
UI_RESPAWN_HUNTER_COST_FMT,71029344326115328,[RESSURGIMENTO DO TEMPORIZADOR: {CostSeconds}s]
UI_SAVEMGMT_BIRTHDAYS_HEADER,76458631045771264,Aniversários:
UI_SAVEMGMT_CAMPAIGN_PROGRESS_HEADER,76458491664855040,Progresso da Campanha:
UI_SAVEMGMT_CREATE_EMPLOYEE_BTN,76458001149390848,+ Criar Novo Funcionário
UI_SAVEMGMT_CURRENT_LOCATION_HEADER,76458409695571968,Localização Atual:
UI_SAVEMGMT_DELETE_SAVE_BTN,76458682354692096,[InputAction:UI/Revert] Excluir Salvamento
UI_SAVEMGMT_MSGBOX_CONFIRM,76459568292360192,Excluir Salvamento
UI_SAVEMGMT_MSGBOX_DELETE_SAVE_TITLE,76459424876523520,Excluir Salvamento?
UI_SAVEMGMT_SAVE_BTN_DETAIL,76457884715511808,Alterar
UI_SAVEMGMT_SAVE_BTN_TITLE,76457842160103424,Salvar Arquivo
UI_SAVEMGMT_SAVE_DETAIL_TITLE,76458374538915840,Salvar Detalhes
UI_SAVEMGMT_TITLE_BAR,76459334883536896,Carregar Salvamento
UI_SMARTMEAT_NAME,71029965485760512,Carne Inteligente
UI_TRAVEL_LOBBY,71871682891997184,Voltar para
UI_TRAVEL_PLANET,71871685479882752,Planeta seguinte
UI_REQUIREMENT_LIFETIME_MATERIALS,81909229068214272,Colete {currency}
UI_REQUIREMENT_LIFETIME_FISH,81905413581168640,Pesque {currency}
UI_REQUIREMENT_LIFETIME_CURRENCY,81905411479822336,Ganhe {currency}
UI_TUTORIALPOPUP_PAGE_FMT,86949908160962560,{Current}/{Total}
MODE_SELECT_CONTINUE_BTN_FMT,88516393607032832,Sistema {SystemNum} - {PlanetName}
UI_REQUIREMENT_STAT_NONABANDONEDRUNS_FMT,88708929729585152,Conclua {count} {count:p:expedição|expedições}
UI_RUNINFO_PLANET_FMT,89160784477675520,> PLANETA {current}/{total}: {planet}
UI_OBSERVER_PLAYER,89551157478748160,Assistindo {PlayerName}
UI_OBSERVER_NEXT_PLAYER_BINDING,89551067078914048,Assistir ao próximo jogador ([InputAction:Observer/FollowNextPlayer])
DirtbagName,84665500557934592,Toupodre
TommyTank,84665130641293312,Tommy Tanque
UI_BOLTBURGER_IGNORE_CARL,89059781141061632,Ignorar Carl
UI_BOLTBURGER_TALK_TO_CARL_DESC,84438058676510720,Converse com o Carl antes de você sair por aí passeando pela galáxia.
UI_BOLTBURGER_TALK_TO_CARL_TITLE,84438056474501120,Fale com o Gerente
UI_BUYNOWONSTEAM,78930206331494400,Compre agora no Steam
UI_CRITS_TEXT,80878169194749952,Críticos
UI_DIFFICULTY_SELECT_TITLE,81165014893846528,Selecione a Sua Dificuldade
UI_DPS_TEXT,80878240179150848,Dps
UI_ENDSTAGE_CONSUMPTION,80927668453761024,Consumo do Planeta
UI_ENDSTAGE_GATHERING_DISCLAIMER,80901562480713728,*A coleta requer as licenças corretas
UI_ENDSTAGE_MATERIAL_FISHING,80927658316128256,Fendas de Pesca
UI_ENDSTAGE_MATERIAL_MINING,80927660262285312,Nódulos de Mineração
UI_ENDSTAGE_MATERIAL_TECH,80927662330077184,Tecnologia Antiga
UI_ENDSTAGE_NO_MATS_FOUND,80901560471642112,Nenhum material detectado!
UI_ENDSTAGE_PRIME_DIRECTIVES,80927664423034880,Diretrizes Principais
UI_ENDSTAGE_SECONDARY_EVENTS,80927666520186880,Eventos Secundários
UI_GALAXYMAP_ASCENSION_OFF,78047682533253120,Ascensão: Desligada
UI_GALAXYMAP_ASCENSION_ON,78047680209608704,Ascensão: Ligada
UI_GALAXYMAP_BOSS,77085141590073344,Chefe
UI_GALAXYMAP_DIFFICULTY,77085143997603840,Dificuldade
UI_GALAXYMAP_MODE_RANDOM,76942191665078272,Modo Aleatório
UI_GALAXYMAP_MODE_TUTORIAL,76942183263887360,Tutorial
UI_GALAXYMAP_MODIFIERS,77085146208002048,Modificadores
UI_GALAXYMAP_PLANETS,77085138289156096,Planetas
UI_GALAXYMAP_RANDOM_DESC,77848170049036288,"Todos os planetas, inimigos e encontros com chefes são aleatórios."
UI_GALAXYMAP_TUTORIAL_DESC,77848167003971584,Aprenda a mecânica e os conceitos básicos do jogo na dificuldade mais fácil.
UI_GALAXYMAP_UNKNOWN_BOSS,76942179224772608,???
UI_GALAXYMAP_UNKNOWN_PLANET,76942179686146048,???
UI_GALAXYSCREEN_ASCENSION_FMT,77181756770344960,Ascensão: {rank}
UI_GALAXYSCREEN_DIFFICULTY_FMT,77181621885722624,Dificuldade: {difficulty}
UI_GALAXYSCREEN_MODIFIERS_FMT,77181851947491328,Modificadores: {count}/{max}
UI_GALAXYSELECT_DESTINATION_CURRENT,83744947004497920,Indo para Cá
UI_GALAXYSELECT_DESTINATION_SET,83744951232356352,Definir Destino
UI_GALAXYSELECT_DIFFICULTY_NONE,83722034389966848,Não Concluída
UI_GALAXYSELECT_HARDEST_LABEL,83711659535753216,Dificuldade mais Difícil Concluída:
UI_INTERACTION_LOCKED,81878672011681792,Indisponível
UI_ITEMCONTAINER_INTERACT,86195284344823808,Resgatar Recompensas
UI_ITEMCONTAINER_NAME,86195272869208064,Contêiner de Itens
UI_KILLS_TEXT,80877989049393152,Abates
UI_MARKER_FREEMEAT,78544246305447936,Carne Grátis!
UI_MATERIALS_TITLE,80900142813667328,Materiais
UI_OBSERVER_INACTIVE,89551914265407488,Pressione <color=yellow>[InputAction:Observer/FollowNextPlayer]</color> para assistir aos seus amigos que deixaram você morrer
UI_OPTS_DEBUG_TAB,78987062803361792,Depurador
UI_RUNINFO_DIFFICULTY_TITLE,89147099684265984,Dificuldade:
UI_RUNINFO_MODE_TITLE,89160478117322752,Privacidade:
UI_RUNINFO_SYSTEM_TITLE,89160599483703296,Sistema:
UI_SAVEMGMT_DIFFICULTY_TITLE,77174107421995008,Dificuldade:
UI_SAVEMGMT_MSGBOX_CREATE_SAVE_TITLE,77599481565999104,Contratar um Novo Funcionário?
UI_SAVEMGMT_MSGBOX_LOAD_SAVE_TITLE,77150385709445120,Trocar de Funcionário?
UI_SAVEMGMT_NO_VALID_SAVES_MSG,77599802421866496,Não há salvamentos válidos. Um novo funcionário será criado automaticamente para você jogar.
UI_SAVEMGMT_NO_VALID_SAVES_TITLE,77599796109438976,Arquivos de Funcionários Inválidos
UI_TUTORIALPOPUP_CONFIRM,86931484559007744,Entendi!
UI_TUTORIALPOPUP_NEXT,86931490321981440,Continuar
UI_UPGRADEGRID_ACTIVE,78691822283513856,Ativa
UI_RUNINFO_PROGRESS_FMT,91309503138488320,{current}/{total}
UI_CODEX_VIEW_FULL_FILE,98555893498441728,[InputAction:UI/Interact] Ver Arquivo Completo
UI_SMART_GLASS_ASSENTION_FMT,99191309422551040,{rank}
UI_SMART_GLASS_SYSTEM_HEADER_FMT,99191769298624512,Sistema {num}:
UI_CODEX_EXIT_TERMINAL,94230730657165312,Sair do Terminal
UI_CODEX_FAQ_TAB,96055162325364736,Perguntas Mais Frequentes
UI_CODEX_ITEMS_RESOURCES_TAB,96055160647643136,Itens e Recursos
UI_CODEX_MEAT_PARTS_TAB,96055158953144320,Partes de Carne
UI_CODEX_RANGUS_FILES_TAB,96055117706358784,Arquivos da Rangus
UI_CODEX_TITLE_BAR,94228823121260544,Códice
UI_RUNINFO_MODE_CLIENT,89516919760084992,Cliente
UI_COMMON_CANCEL_BINDING,99596914248314880,[InputAction:UI/Cancel]
UI_BOSS_HEALTHBAR_ALIVE,106887418227974144,{current}/{max}{invulnerable: --invulnerable--|}
UI_TRADER_CURRENCY_COUNT_ONLY,107212082384986112,{count}
UI_TRADER_CURRENCY_COUNT_WITH_NAME,107212080807927808,{count} {name}{count:|s}
UI_LOADOUT_PLANET_INDEX,107215447810629632,Planeta {index}
UI_LOBBY_LAUNCH_FMT,107300806561095680,Lançamento em {seconds}...
UI_SKIP_BUTTON_COUNT_FMT,109114325996658688,{Current}/{Required}
UI_RANGUSTERMINAL_DIFFICULTY,109737168404996096,{Difficulty}{Ascension:cond:>0? A{}|}
MINION_COUNT_FMT,114031240531664896,{CurrentCount}/{MaxCount} {MinionName}
UI_INSPECT_STATS_VALUE,114477960383098880,{currentVal:0.##}
UI_INSPECT_ULTIMATE_ABILITY_BIND,114490554758131712,[InputAction:Gameplay/ArtifactAbility]
UI_INSPECT_TORSO_ABILITY_BIND,114490551952142336,[InputAction:Gameplay/TorsoAbility]
UI_INSPECT_LEGS_ABILITY_BIND,114490549532028928,[InputAction:Gameplay/LegsAbility]
UI_INSPECT_HEAD_ABILITY_BIND,114490544754716672,[InputAction:Gameplay/HeadAbility]
UI_FLAIR_SLOT_FMT,114059281903378432,{slot} de Brasão
UI_INTERACTION_ARTIFACT_CHEST_TEXT,114805155298271232,Coletar
UI_INSPECT_PASSIVE_DETAIL,116378994684653568,PASSIVA: {PassiveDetails}
UI_INSPECT_WEAPON_DAMAGE_BASE,116695500194770944,{Min} - {Max}
UI_INSPECT_SINGLE_BONUS_FMT,116695504263245824,{Bonus:0.00}
UI_INSPECT_TWO_BONUS_FMT,116695511330648064,{Bonus1:0.00}% / {Bonus2:0.00}
UI_INSPECT_WEAPON_RANGE_BASE,116695512668631040,{Range} m
UI_INSPECT_WEAPON_RATE_BASE,116695514245689344,{ShotsPerSecond:0.00} tiros/s
UI_INSPECT_WEAPON_CRIT_BASE,116695515885662208,{CritChance:0.00}% / x{Damage:0.00} de Dano
UI_INSPECT_WEAPON_STAGGER_CHANCE,116705071831379968,{StaggerChancePct}% de chance de Cambaleamento ao acertar
ARTIFACT_TOOLTIP_TITLE,116738349727735808,Carne Misteriosa
UI_INSPECT_DURABILITY_VAL,116767905265152000,{DurabilityPct}%
UI_INSPECT_ABILITY_COOLDOWN,116778133167730688,RECARGA: {CooldownVal}s
UI_HEALTHBAR_CURRENT_FMT,118824193619910656,{current:cond:>0?{}|{deadString}}
UI_MULTIPLAYER_PLAYER_FMT,118839206027976704,Jogador: {name} ({status})
UI_MULTIPLAYER_OBSERVER_FMT,118840737917820928,Observador: {name}
UI_REWARD_WEAPON,119210461054885888,+ Desbloquear Arma: {name}
UI_REWARD_PROGRESS_FLAG,119210458588635136,+ {name}
UI_REWARD_CURRENCY,119210456084635648,"+ <sprite name=""{icon}""> {count} {name}"
UI_TRADER_CURRENCY_COUNT_AND_QUANTITY,119577683216556032,{count} ({HaveQuantity})
SHRINE_REWARD_ANNOUNCEMENT_ITEM_FOR_PLANET,121420383809167360,<color={RewardColor}>{ItemDescription}</color> pela duração do planeta
UI_UPGRADEGRID_REFUND_FMT,121792385816453120,[InputAction:UI/Submit] Pontos de Reembolso ({points})
SHRINE_REWARD_LIST,124328309829918720,{rewards:list:|<br>}
SHRINE_REWARD_ANNOUNCEMENT_ITEM_SECONDS,124636897391665152,<color={RewardColor}>{ItemDescription}</color> por {Seconds}s
SHRINE_REWARD_ANNOUNCEMENT_CURRENCY,124707854831575040,Ganhou <color={RewardColor}>{Amount} {CurrencyName}{Amount:|s}</color>
SHRINE_REWARD_ANNOUNCEMENT_HUNTER_TIMER_SECONDS,124705097009586176,Chegada de Caçador Adiantada em <color={RewardColor}>{Seconds}s</color>
SHRINE_REWARD_ANNOUNCEMENT_ITEM_REMOVED,124941545432408064,<color={RewardColor}>Item aleatório removido do inventário</color>
SHRINE_REWARD_ANNOUNCEMENT_ITEM_PERMANENT,124968189224280064,<color={RewardColor}>{ItemDescription}</color>
UI_CURRENCY_COST,124979449743532032,<color=#{costColor}>{cost}</color> {currency} ({have})
UI_REQUIREMENT_LIFETIME_SHRINES_COMPLETED_TOTAL,126780333691494400,Concluiu {Count} eventos do santuário
UI_REQUIREMENT_LIFETIME_SHRINES_COMPLETED_UNIQUE,126780373466079232,Concluiu {Count} eventos do santuário de {Type}
CURRENCY_CHANGE_POSITIVE_FMT,127527940227325952,+{Count}
CURRENCY_CHANGE_NEGATIVE_FMT,127527981511860224,-{Count}
CURRENCY_TRADER_HEADER_QUANTITY,119475354060447744,Quantidade
CURRENCY_TRADER_HEADER_TOTAL_COST,119475407915311104,Custo Total
CURRENCY_TRADER_HEADER_TOTAL_EARNINGS,119582439590846464,Ganhos totais
CURRENCY_TRADER_QUANTITY_MAX,119524614583869440,Máx.
CURRENCY_TRADER_QUANTITY_MIN,119524518509142016,Min.
CURRENCY_TRADER_TAB_BUY,118945952767664128,Comprar
CURRENCY_TRADER_TAB_SELL,118945985441292288,Vender
EVENT_HEADER_DESTINATION,99368552669110272,Destino
EVENT_HEADER_LOBBY_SYSTEM_TITLE_FMT,99368598223446016,Sistema {Num}: {SystemName}
EVENT_OBJECTIVE_LOBBY_PLANETS_COMPLETED_FMT,99368869179678720,{Completed}/{ToComplete} Planetas Concluídos
HARVESTER_BOLT_BURGER_ANNOUNCEMENT,121386134288719872,Os Rebimburgueres estão chegando!
HARVESTER_CORE_EXPOSED_ANNOUNCEMENT,121364263652548608,Núcleo da Colhedora Rompido!
LOADOUT_SELECTION_LOCKED_MESSAGE,99312892363399168,**Não é possível trocar de arma durante a expedição.**
LOCKED_DIFFICULTY_DESCRIPTION,99261101428957184,Não é possível alterar a dificuldade durante a expedição.
MESSAGE_BOX_TITLE_QUEST_RESOURCE,120315727867535360,Recurso de Missão
MESSAGE_BOX_INCOMPLETE_LOADOUT_TITLE,106487339029618688,Espaços de Equipamento Vazios
MESSAGE_BOX_MESSAGE_QUEST_RESOURCE,120315782422847488,Isto é necessário para uma missão ativa.<br>Quer mesmo vender?
MESSAGE_BOX_MISSING_FLAIR_MESSAGE,106487341151936512,Você tem espaços de brasão vazios. Tem certeza de que deseja continuar?
MESSAGE_BOX_MISSING_MULTIPLE_MESSAGE,106487707394367488,Você tem espaços de brasão e suprema vazios. Tem certeza de que deseja continuar?
MINION_TYPE_LARGE,114031893689655296,Lacaio Grande
MINION_TYPE_MEDIUM,114031848902877184,Lacaio Médio
MINION_TYPE_SMALL,114031782632873984,Lacaio Pequeno
PLAYER_DISCONNECTED_BANNER,111602280011128832,Desconectou
PLAYER_JOINED_GAME_BANNER,111593060477952000,Entrou no jogo!
RUN_IN_PROGRESS_BANNER,99252636694339584,Expedição em Andamento
TRADER_TERMINAL_ACTION_UNAVAILABLE_NO_SPACE,122837464526086144,Limite de moedas atingido
UI_BOLTBUGER_READY,107296736416882688,Pronto
UI_BOLTBUGER_UNREADY,107296734231650304,Ainda Não
UI_BOLTBURGER_DESC,107295177230508032,Alterar Equipamento e Iniciar Expedição
UI_BOLTBURGER_REVERT_CHANGES,107296001297997824,Reverter Alterações
UI_BOLTBURGER_SELECT_PRIMARY,114874435154993152,Selecionando Primária
UI_BOLTBURGER_SELECT_SECONDARY,114874437474443264,Selecionando Secundária
UI_BOSS_HEALTHBAR_DEFEATED,106887389748649984,Derrotado
UI_BOSS_HEALTHBAR_FRANKENBEANS_ENRAGED,106898677560238080,Enfurecido
UI_BOSS_HEALTHBAR_FRANKENBEANS_STUNNED,106898673873444864,Atordoado
UI_BOSS_HEALTHBAR_FRANKENBEANS_VULNERABLE,106898679623835648,Vulnerável
UI_BOSS_HEALTHBAR_MUTANT_PINHIM,106898681771319296,Imobilize ele!
UI_CINEMATIC_SKIP_FMT,107277861499428864,Segure {Button} para pular
UI_CODEX_ABILITY,97612639328202752,Habilidade
UI_CODEX_ARTIFACTS_TITLE,117343438825840640,Artefatos
UI_CODEX_CHAINSAWING_TITLE,97078979487264768,Usando a Motosserra
UI_CODEX_CLOSE_BTN,98649606463614976,Fechar
UI_CODEX_CURRENCY_TITLE,97079007689764864,Moeda
UI_CODEX_EFFECTS,97578193359138816,Efeitos
UI_CODEX_FAQ_TITLE,97079108843794432,Perguntas Frequentes (Tutoriais)
UI_CODEX_FISHING_TITLE,97078902005886976,Pesca
UI_CODEX_HEADS_TITLE,97078659881299968,Cabeças
UI_CODEX_ITEMS_TITLE,97078839842107392,Itens
UI_CODEX_LEGS_TITLE,97078776701054976,Pernas
UI_CODEX_MINING_TITLE,97078943839875072,Mineração
UI_CODEX_MISCELLANEOUS_TITLE,97079047565012992,Variado
UI_CODEX_TORSOS_TITLE,97078734208561152,Torsos
UI_FLAIR_EQUIP,114460600094941184,Equipar Brasão
UI_FLAIRTERMINAL_MAXRANK,124021102433263616,Ranque Máximo
UI_FLAIRTERMINAL_NEXT_RANK,125050191940149248,Próximo Ranque
UI_FLAIRTERMINAL_TITLE,124008353355522048,Brasão:
UI_FLAIRTERMINAL_UNLOCK,124021058997051392,Comprar aleatório
UI_FLAIRTERMINAL_UPGRADE,126464563497394176,Melhorias
UI_HEALTHBAR_DEAD,118818718572601344,Abatido
UI_HEALTHBAR_DEFEATED,118818721361813504,Derrota
UI_HEALTHBAR_DESTROYED,118818725145075712,Destruição
UI_HEALTHBAR_SLOWED,118818723131809792,Lentidão
UI_INSPECT_ABILITYDMG_STAT,114482030208544768,Dano de Habilidade
UI_INSPECT_ANCIENT_TECH_CATEGORY,114512142534635520,Tecnologia Antiga
UI_INSPECT_ANCIENT_TECH_REQUIREMENTS,114514052285132800,Requer licença para operar motosserra
UI_INSPECT_FISH_CATEGORY,114512145520979968,Peixe
UI_INSPECT_FISH_REQUIREMENTS,114514054252261376,Requer licença de pesca
UI_INSPECT_FLAIR_SUBTITLE,114482711002804224,Brasão
UI_INSPECT_HEALTH_STAT,119964566292459520,Vida
UI_INSPECT_INSPECT_TAB,114475370446516224,Inspecionar
UI_INSPECT_ITEMS_SUBTITLE,114516146895384576,Itens
UI_INSPECT_ITEMS_TAB,114475474943406080,Itens
UI_INSPECT_LUCK_STAT,114481908443705344,Sorte
UI_INSPECT_MEAT_TAB,114475404315521024,Carne
UI_INSPECT_MEATDURABILITY_STAT,114482023036284928,Durabilidade da Carne
UI_INSPECT_MELEE_WEAPON,114492699859415040,Corpo a Corpo
UI_INSPECT_MELEEDMG_STAT,114482025334763520,Dano Corpo a Corpo
UI_INSPECT_MINERALS_CATEGORY,114512139007225856,Minerais
UI_INSPECT_MINERALS_REQUIREMENTS,114514049730801664,Requer licença de mineração
UI_INSPECT_MOVESPEED_STAT,114482017218785280,Velocidade de Movimento
UI_INSPECT_NO_FLAIR_MSG,119689766609285120,Estou sentindo falta de um brasão
UI_INSPECT_NO_FLAIR_TITLE,119689764675710976,Vazio
UI_INSPECT_NO_MUTATION_SELECTED,114488744207118336,Nenhuma mutação selecionada
UI_INSPECT_PRIMARY_WEAPON,114492653919203328,Primária
UI_INSPECT_RESOURCES_TAB,114475499987595264,Recursos
UI_INSPECT_SECONDARY_WEAPON,114492696814350336,Secundária
UI_INSPECT_STATS_SUBTITLE,114477124743524352,Estatísticas
UI_INSPECT_TOOL_CHAINSAW,114511098043887616,Motosserra
UI_INSPECT_TOOL_FISHINGROD,114511098949857280,Vara de Pesca
UI_INSPECT_TOOL_PICKAXE,114511065781301248,Picareta
UI_INSPECT_TOOLS_TAB,114510960764317696,Ferramentas
UI_INSPECT_WEAPON_BONUS_HELP,120347674015625216,Bônus de Ranques de Armas e Melhorias de Armas
UI_INSPECT_WEAPONS_TAB,114475433012948992,Armas
UI_INTERACTION_ARTIFACT_CHEST_NAME,114805101426630656,Carne Misteriosa
UI_LABEL_COMING_SOON,107282489863561216,Em Breve!
UI_LEVELUP_TEXT,107284333193060352,Subiu de Nível!
UI_LOADOUT_INVITE,107300099988643840,Convidar para o Jogo
UI_LOADOUT_PLANET_DROP_ZONE,107215449786146816,Zona de Pouso
UI_LOADOUT_SELECT_FLAIR,113831482676469760,Selecione o Brasão
UI_LOADOUT_SELECT_WEAPON,113831348626513920,Selecionar Arma
UI_LOADOUT_SOLAR_SYTEM_NO_SELECTION,107214113107599360,Nenhum Sistema Solar Escolhido
UI_LOADOUT_SOLAR_SYTEM_TITLE,107214111144665088,Sistema Solar:
UI_MEATLOCKER_BOBBLES,118868896717463552,Enfeites de Antena
UI_MEATLOCKER_HEADS,118868894116995072,Cabeças
UI_MEATLOCKER_MELEE,118868898902695936,Corpo a Corpo
UI_MESSAGE_BOX_ABANDON_RUN_MESSAGE,99213506199412736,Você está no meio de uma expedição. Trocar de sistema ativo encerrará a expedição atual. Tem certeza de que deseja continuar?
UI_MULTIPLAYER_PLAYER_LABEL_CONNECTED,118863542965231616,Conectado
UI_MULTIPLAYER_PLAYER_LABEL_DISCONNECTED,118839841028825088,Desconectou
UI_MULTIPLAYER_PLAYER_LABEL_RESERVED,118839838944256000,Reservado
UI_OPTS_VIDEO_AA,125319516908351488,MSAA
UI_OPTS_VIDEO_AA_MESSAGE,125319518418300928,"Suaviza linhas e bordas. Um valor mais alto proporciona linhas muito mais suaves, mas reduz o desempenho.<br><br>Valores válidos: desligado (0), 2x, 4x e 8x."
UI_OPTS_VIDEO_AA_TITLE,125319517587828736,Nível de Multiamostragem de Antisserrilhamento (MSAA)
UI_OPTS_VIDEO_AF,125319437740863488,AF
UI_OPTS_VIDEO_AF_MESSAGE,125319441167609856,"Ativar/Desativar Filtragem Anisotrópica. Ativar esta opção melhora a qualidade visual das texturas em superfícies grandes e com pouco ângulo de visão, como pisos."
UI_OPTS_VIDEO_AF_TITLE,125319439431168000,Filtragem Anisotrópica (AF)
UI_OPTS_VIDEO_LOD_BIAS,125319601973030912,Viés de Nível de Detalhe (LOD)
UI_OPTS_VIDEO_LOD_BIAS_MESSAGE,125319668360474624,"Determina a que distâncias o jogo alternará para modelos com menos detalhes. ""Perto"" significa que o jogo alternará para modelos com poucos detalhes em distâncias mais curtas. ""Longe"" manterá os modelos com alto nível de detalhes visíveis a distâncias maiores.<br><br>Valores válidos: Perto, Médio, Longe."
UI_OPTS_VIDEO_LOD_BIAS_TITLE,125319602748977152,Intensidade de Viés de Nível de Detalhe (LOD)
UI_OPTS_VIDEO_MAX_FRAMERATE,125319872685993984,Taxa de Quadros Alvo
UI_OPTS_VIDEO_MAX_FRAMERATE_MESSAGE,125319874451795968,A taxa de quadros alvo para renderização. O jogo será limitado a essa taxa máxima de quadros se o Vsync estiver desativado.
UI_OPTS_VIDEO_MAX_FRAMERATE_TITLE,125319873696821248,Taxa de Quadros Alvo
UI_OPTS_VIDEO_MIP_LEVEL,125319559472148480,Detalhe da Textura
UI_OPTS_VIDEO_MIP_LEVEL_MESSAGE,125319561854513152,"Influencia a resolução máxima da textura que será exibida para objetos quando você se aproximar deles.<br><br>Valores válidos: Baixo, Médio, Alto."
UI_OPTS_VIDEO_MIP_LEVEL_TITLE,125319560499752960,Detalhe da Textura
UI_OPTS_VIDEO_PARTICLES,126920735510687744,Efeitos de Partículas
UI_OPTS_VIDEO_PARTICLES_MESSAGE,126920738727718912,"Define o limite para simulação de efeitos de partículas. Valores válidos: Muito Baixo, Baixo, Médio, Alto, Muito Alto, Ultra."
UI_OPTS_VIDEO_PARTICLES_TITLE,126920737293266944,Qualidade de Efeitos de Partículas
UI_OPTS_VIDEO_REFLECTION_PROBES,126920473559625728,Sondas de Reflexão
UI_OPTS_VIDEO_REFLECTION_PROBES_MESSAGE,126920477464522752,Ativa/Desativa a maioria dos reflexos em objetos brilhantes.
UI_OPTS_VIDEO_REFLECTION_PROBES_TITLE,126920475723886592,Sondas de Reflexão
UI_OPTS_VIDEO_RENDER_SCALE,125319683069898752,Escala de Renderização
UI_OPTS_VIDEO_RENDER_SCALE_MESSAGE,125319687503278080,"Resolução fracionária usada para renderizar o jogo. Renderizar com metade da resolução usando técnicas avançadas de ampliação, como o FSR, pode melhorar o desempenho em um hardware de menor capacidade."
UI_OPTS_VIDEO_RENDER_SCALE_TITLE,125319685288685568,Renderização/Dimensionamento de Resolução
UI_OPTS_VIDEO_SHADOW_DIST,125319774736412672,Distância de Sombra
UI_OPTS_VIDEO_SHADOW_DIST_MESSAGE,125319779064934400,Distância máxima (em metros) em que as sombras devem ser renderizadas.
UI_OPTS_VIDEO_SHADOW_DIST_TITLE,125319776976171008,Distância de Sombra
UI_OPTS_VIDEO_UPSCALE,125319726942318592,Modo de Ampliação
UI_OPTS_VIDEO_UPSCALE_MESSAGE,125319730742358016,"O algoritmo de ampliação usado quando a Escala de Renderização é menor que a escala máxima.<br><br>Valores válidos: Automático, Linear, Ponto, FSR."
UI_OPTS_VIDEO_UPSCALE_TITLE,125319728750063616,Modo de Ampliação
UI_OPTS_VIDEO_VSYNC,125319825374244864,Sincronização Vertical (Vsync)
UI_OPTS_VIDEO_VSYNC_MESSAGE,125319828494807040,Ative a Vsync para sincronizar a taxa de quadros do jogo com a do seu monitor.
UI_OPTS_VIDEO_VSYNC_TITLE,125319826980663296,Sincronização Vertical (Vsync)
UI_PLAYERHEALTH_DEAD_TAG,99604842866995200,Abatido
UI_PLAYERHEALTH_EVAC_TAG,99604906628804608,Evacuou
UI_PLAYERHEALTH_READY_TAG,99604904921722880,Pronto
UI_REQUIREMENT_SOLARSYSTEM_ANY_FMT,98651080823398400,Conclua qualquer sistema no modo {difficulty}{ascension:cond:>0? A{}|}
UI_RESPAWN_DISABLED_ENRAGE,107174836495704064,[Não é possível ressurgir quando os caçadores estiverem enfurecidos]
UI_REWARDS_TITLE,119244486947627008,Recompensas:
UI_SCIENCE_TERMINAL_FLAIR,106878078557347840,Brasão
UI_SCIENCE_TERMINAL_MUTATIONS,106880718389370880,Mutações
UI_SCIENCE_TERMINAL_OUT_OF_ORDER,106876639986573312,Fora de Serviço
UI_SCIENCE_TERMINAL_ULTIMATES,106877299511517184,Supremas
UI_SHRINE,120241898113720320,Santuário
UI_TRADER_HEADER_INVENTORY,107210341685911552,Inventário
UI_TRADER_HEADER_STOCK,107210343497850880,Estoque
UI_UPGRADE_GRID_PRICE,107303458900533248,Preço:
UI_UPGRADEGRID_ACTIVATE,121792391482957824,[InputAction:UI/Submit] Ativar
UI_XPBAR_MAX_LEVEL,107284882940485632,Nível Máximo
UI_XPBAR_TEAM_LEVEL,107284703369748480,Nível de Equipe
ANNOUNCE_VOLCANO_APPEASED,131660659371732992,O sacrifício de {PlayerName} acalmou o vulcão... por enquanto
UI_INPUT_BINDING,139486680678592512,{ActionTxt}
UI_REQUIREMENT_GATHER_FISH,136973330114666496,Use sua vara de pesca para coletar {Count} Peixes
UI_INPUT_ACTIONBINDING,139496731506044928,{ActionTxt} {BindingTxt}
UI_MODE_SELECT_CONTINUE_RUN_LBL,140158990804774912,Continuar Expedição
UI_REQUIREMENT_GATHER_TECH,136973328260784128,Use sua motosserra para coletar {Count} Tecnologia Antiga
UI_REQUIREMENT_SELL_TO_MIKE,136944070914203648,Venda {Count} {Category} para o Comerciante Mike
UI_REQUIREMENT_GATHER_MINERALS,136944068905132032,Use sua picareta para coletar {Count:p:{} Mineral|{} Minerais}
UI_REQUIREMENT_COMPLETE_EVENT,136597483742552064,Conclua {Event} {Count} vezes.
UI_REQUIREMENT_KILL_ENEMIES_SHINY,136597477987966976,Abata {Count} Inimigos Brilhantes
UI_REQUIREMENT_KILL_ENEMIES,136597475844677632,Abata {Count} Inimigos
UI_REQUIREMENT_EQUIP_FLAIR,140282578621947904,Equipe {Count} {Count:p:peça|peças} de Brasão
UI_REQUIREMENT_COLLECT_CURRENCY,140348598019678208,Colete {Count} Amostras
UI_REQUIREMENT_EQUIP_ARTIFACT,140351594451427328,Colete {Count} Artefatos de Carne Misteriosa
END_STAGE_STAT_PERCENT_FMT,142124716963913728,{Value}%
END_STAGE_STAT_INTEGER_FMT,142124898896044032,{Value:N0}
UI_REWARD_ARTIFACT,142336906761330688,+ Desbloquear Artefato: {name}
UI_REWARD_FLAIR,142336905540788224,+ {count}x Brasão {name}
UI_REWARD_ITEM,142336904211193856,+ Desbloquear Item: {name}
UI_REWARD_MUTATION,142336902256648192,+ Desbloquear Mutação: {name}
UI_ATTRIBUTE_FORMAT_ADD,145644464880214016,{value:+#.##;-#.##;+0} {name}
UI_ATTRIBUTE_FORMAT_MODIFY,145644467124166656,{value:+#.##;-#.##;+0}% {name}
UI_ATTRIBUTE_FORMAT_MULTIPLY,145644469351342080,{value:0.##}x {name}
END_STAGE_BANKED_TIME,141631395652952064,Tempo Acumulado
END_STAGE_COLLECTED,139159828419305472,Coletado
END_STAGE_CONTINUE,140249455477645312,Continuar
END_STAGE_CURRENCY_FMT,140231091493527552,<color=#{ColorStr}>{Have}/{Total}</color>
END_STAGE_EMPLOYEE_PAYCHECK,139153944297332736,Contracheque de Funcionário
END_STAGE_FAILURE,140219057079050240,Fracasso!
END_STAGE_HEADER_DETAILS,142119018918043648,Detalhes
END_STAGE_HEADER_OVERVIEW,141982115854016512,Visão Geral
END_STAGE_PLANET_CONSUMPTION,139154114636406784,Consumo do Planeta
END_STAGE_RANGUS_EFFORT_HEADER,139484643088916480,Total de Pontos de Esforço Rangus Ganhos
END_STAGE_RANGUS_MEAT_CORP,139165149061701632,Corporação Carnes Rangus
END_STAGE_ROX_1,139165587479715840,ROX-1
END_STAGE_RUN_FAILED,142733138839199744,A Expedição Falhou!
END_STAGE_RUN_FAILED_HARVESTER,142745765409710080,Colhedora Destruída
END_STAGE_STAT_ACCURACY,142123586842255360,Precisão
END_STAGE_STAT_DAMAGE_RECV,142123785182502912,Dano Sofrido
END_STAGE_STAT_DEATHS,142123911540105216,Mortes
END_STAGE_STAT_HEALING_RECV,142123835145052160,Cura Recebida
END_STAGE_STAT_RESOURCES,142123729591197696,Recursos Coletados
END_STAGE_STAT_WEAKPOINT,142123643654103040,Acertos em Ponto Fraco
END_STAGE_SUCCESS,140216425350422528,Sucesso!
END_STAGE_TAB_DATA,141691025213087744,Dados
END_STAGE_TAB_STATS,141691065801367552,Estatísticas
END_STAGE_TIME_FMT,141631639568506880,<color=#80FF00>{SecondsRemaining:secondstotime()}</color>
END_STAGE_WAITING,142327585608556544,Aguardando o anfitrião...
IA_AddQuantity,139445879147786264,Adicionar Quantidade
IA_Adjust,139445879147786267,Ajustar
IA_ArtifactAbility,139445879143591945,Usar Artefato
IA_BugShot,139445879147786245,BugShot
IA_CameraMovement,139445879143591937,Movimento de Câmera
IA_CameraRotation,139445879147786265,Rotação de Câmera
IA_Cancel,139445879147786248,Cancelar
IA_CharacterMovement,139445879047122944,Movimento do Personagem
IA_Click,139445879147786250,Clique
IA_ElevationMovement,139445879147786270,Movimento de Elevação
IA_ExitScreen,139445879147786274,Sair da Tela
IA_FollowNextPlayer,139445879147786271,Seguir Próximo Jogador
IA_HeadAbility,139445879143591941,Habilidade de Cabeça
IA_Interact,139445879147786257,Interagir
IA_ItemRewardInit,139445879143591943,Iniciar Seleção de Recompensa
IA_ItemRewardSelect1,139445879147786275,Selecionar Recompensa 1
IA_ItemRewardSelect2,139445879147786276,Selecionar Recompensa 2
IA_ItemRewardSelect3,139445879147786277,Selecionar Recompensa 3
IA_ItemRewardSelect4,139445879147786278,Selecionar Recompensa 4
IA_ItemRewardSelect5,139445879147786279,Selecionar Recompensa 5
IA_ItemRewardSelect6,139445879147786280,Selecionar Recompensa 6
IA_Jump,139445879143591936,Pular
IA_LegsAbility,139445879143591942,Habilidade de Pernas
IA_MarkTarget,139445879143591944,Marcar Alvo
IA_MaxQuantity,139445879147786262,Quantidade Máxima
IA_MeleeFire,139445879143591939,Corpo a Corpo
IA_MiddleClick,139445879147786252,Clique do Meio
IA_MinQuantity,139445879147786261,Quantidade Mínima
IA_Modify,139445879147786268,Modificar
IA_Navigate,139445879147786246,Navegar
IA_NextSubTab,139445879147786260,Próxima Aba Secundária
IA_NextTab,139445879147786256,Próxima Aba
IA_Point,139445879147786249,Apontar
IA_PreviousSubTab,139445879147786259,Aba Secundária Anterior
IA_PreviousTab,139445879147786255,Aba Anterior
IA_PrimaryAimAssist,139445879143591946,Assistência de Mira
IA_ProfilerMode,139445879147786242,Modo de Análise
IA_ProfilerToggle,139445879147786241,Alternar Análise
IA_PushToTalk,139445879147786244,Pressionar para Falar
IA_RangedFire,139445879143591938,Atirar
IA_Revert,139445879147786254,Reverter
IA_RightClick,139445879147786253,Clique Direito
IA_ScrollWheel,139445879147786251,Roda de Rolagem
IA_ShowHelp,139445879147786272,Mostrar Ajuda
IA_SkipCinematic,139445879147786281,Pular Cinemática
IA_StopFollow,139445879147786273,Parar de Seguir
IA_SubActionThingOnController,139445879147786258,Ação Secundária
IA_Submit,139445879147786247,Confirmar
IA_SubtractQuantity,139445879147786263,Subtrair Quantidade
IA_Toggle Console,139445879147786240,Alternar Console
IA_ToggleInspectionOverlay,139445879147786283,Alternar Sobreposição de Inspeção
IA_ToggleMeatControls,139445879147786282,Alternar Controles de Carne
IA_ToggleOptionsMenu,139445879147786243,Alternar Menu de Opções
IA_ToggleZoom,139445879147786269,Alternar Zoom
IA_TorsoAbility,139445879143591940,Habilidade de Torso
IA_WarpSpeed,139445879147786266,Velocidade de Distorção
IA_WeaponSelectPrimary,139445879143591948,Selecionar Arma (Principal)
IA_WeaponSelectSecondary,139445879143591949,Selecionar Arma (Secundária)
IA_WeaponSwitch,139445879143591947,Trocar Arma
IB_down,139484177383747585,Baixo
IB_left,139484177383747586,Esquerda
IB_right,139484177383747587,Direita
IB_up,139484177383747584,Cima
LE_AnisotropicFiltering_Disable,139512957397561344,Desativar
LE_AnisotropicFiltering_Enable,139512957397561345,Ativar
LE_AnisotropicFiltering_ForceEnable,139512957397561346,Forçar Ativação
LE_EFrameLimit_OneTwenty,139459172264505370,120 Hz
LE_EFrameLimit_Sixty,139459172264505369,60 Hz
LE_EFrameLimit_Thirty,139459172264505368,30 Hz
LE_ELODBias_Close,139459172264505348,Próximo
LE_ELODBias_Far,139459172264505350,Distante
LE_ELODBias_Medium,139459172264505349,Médio
LE_EMSAALevel_MSAA2,139459172264505345,MSAAx2
LE_EMSAALevel_MSAA4,139459172264505346,MSAAx4
LE_EMSAALevel_MSAA8,139459172264505347,MSAAx8
LE_EMSAALevel_Off,139459172264505344,Desativado
LE_EMipDetailLevel_High,139459172264505358,Alto
LE_EMipDetailLevel_Low,139459172264505356,Baixo
LE_EMipDetailLevel_Medium,139459172264505357,Médio
LE_EParticlesQuality_High,139459172264505362,Alta
LE_EParticlesQuality_Low,139459172264505360,Baixa
LE_EParticlesQuality_Medium,139459172264505361,Média
LE_EParticlesQuality_Ultra,139459172264505364,Ultra
LE_EParticlesQuality_VeryHigh,139459172264505363,Muito Alta
LE_EParticlesQuality_VeryLow,139459172264505359,Muito Baixa
LE_ERenderScale_Half,139459172264505354,Média
LE_ERenderScale_Normal,139459172264505355,Normal
LE_EShadowDistance_Close,139459172264505351,Próximo
LE_EShadowDistance_Far,139459172264505353,Distante
LE_EShadowDistance_Medium,139459172264505352,Média
LE_EVoiceChatActivationType_OpenMic,139509073585303554,Microfone Aberto
LE_EVoiceChatActivationType_PushToTalk,139509073585303552,Pressionar para Falar
LE_EVoiceChatActivationType_Toggle,139509073585303553,Alternar
LE_EWindowStyle_FullScreen,139459172264505365,Tela Cheia
LE_EWindowStyle_FullScreenWindowed,139459172264505366,Tela Cheia (Janela)
LE_EWindowStyle_Windowed,139459172264505367,Janela
LE_UpscalingFilterSelection_Auto,139512957397561347,Automático
LE_UpscalingFilterSelection_FSR,139512957397561350,FSR
LE_UpscalingFilterSelection_Linear,139512957397561348,Linear
LE_UpscalingFilterSelection_Point,139512957397561349,Ponto
QUESTS_COMPLETED_TOAST_DESCRIPTION,135081248315924480,Fale com Carl para resgatar suas recompensas
QUEST_COMPLETED_NOTIFICATION_TITLE,135081004761079808,Missões Concluídas!
RANGUS_FILE_CONSUMED_PROMPT,129670008638791680,Arquivo Rangus Já Descoberto
RANGUS_FILE_MARKER_CLAIMED_TEXT_FMT,131574576540803072,Arquivo Rangus: {TextName}<br>(Já Descoberto)
RANGUS_FILE_MARKER_TEXT_FMT,130476658312339456,Arquivo Rangus: {TextName}
RAW_TEXT_FMT,130499560646631424,{Text}
UI_CARLTERMINAL_CHALLENGES,139166315988377600,Desafios
UI_CARLTERMINAL_CLAIM_BTN_CLAIMED,142385861473853440,Resgatado
UI_CARLTERMINAL_CLAIM_BTN_LOCKED,142385863298375680,Bloqueado
UI_CODEX_ENEMIES_TAB,135116477412704256,Criaturas
UI_False,139510450587889664,Falso
UI_INSPECT_MUTATION_SUBTITLE,132645578322468864,Mutações
UI_INTERACTION_MUTATION,133755069285785600,Reivindicar Mutação:<color={RewardColor}>{TextName}</color><br><br>{Description}
UI_INTERACTION_WEAPON,131103886683398144,Reivindicar Arma: {Text}
UI_INTERACTION_WEAPON_TITLE,131105138871885824,Arma
UI_OBJECTIVES_TITLE,141649218399887360,Objetivos:
UI_RUNINFO_ENEMY_HEALTH_FMT,127528200000000000,> Vida dos Inimigos: +{percent}%
UI_RUNINFO_TIME_FMT,127528100000000000,Tempo no sistema: {time}
UI_True,139510449321209856,Verdadeiro
UI_MAX_STACKS_FMT,150353972479123456,Acúmulos Máximos: {count}
CELEBRATION_BANNER_MUTATION_UNLOCKED,157196339714711552,Mutação Desbloqueada!
CELEBRATION_BANNER_ITEM_UNLOCKED,157196341396627456,Item Desbloqueado!
CELEBRATION_BANNER_FLAIR_UNLOCKED,157196345850978304,Brasão Desbloqueado!
CELEBRATION_BANNER_ARTIFACT_UNLOCKED,157204905355894784,Artefato Desbloqueado!
MAIN_MENU_DISCORD_REPORT_BUG_BUTTON,160623538572615680,Reportar um bug
UI_MAIN_MENU_REPORT_BUG_MESSAGE,160864087942619136,Quer reportar um bug ou dar uma sugestão sobre o jogo? Venha ao nosso Discord!
OPTS_MULTIPLAYER_HOST_MODE,160914647022559232,Visibilidade do Lobby
OPTS_HOST_MODE_PUBLIC,160920542238466048,Público
OPTS_HOST_MODE_FRIENDS,160920542238466049,Somente Amigos
OPTS_HOST_MODE_PRIVATE,160920542238466050,Privado
UI_MULTIPLAYER_HOST_MODE_HELP_TITLE,160920542238466051,Visibilidade do Lobby
UI_MULTIPLAYER_HOST_MODE_HELP_MESSAGE,160920542238466052,Define quem pode entrar na sua partida. Público: qualquer um pode entrar pela lista de lobbies. Somente Amigos: apenas seus amigos do Steam podem ver e entrar no seu lobby. Privado: sua partida não vai aparecer na lista de lobbies.
UI_NEWSAVE_TITLE,161300188696141824,Configuração de Novo Funcionário
UI_NEWSAVE_PLAY_TUTORIAL,161300196812120064,Jogar o Tutorial
UI_NEWSAVE_TUTORIAL,161325451916075008,Tutorial
UI_NEWSAVE_SUBTITLE,161325468882034688,Isso pode ser alterado antes de qualquer expedição ajustando as configurações de expedição.
UI_NEWSAVE_SCREENTITLE,161550229604130816,Selecione sua dificuldade inicial
UI_CODEX_TIER_UNDISCOVERED,163840130551836672,???
UI_CARLTERMINAL_MAINLINE_PROGRESS,164591723147681792,{Current} PRINCIPAL(IS) DE {Total}:
CELEBRATION_BANNER_CODEX_HINT,157204904043077632,Entrada adicionada ao códice
CELEBRATION_BANNER_CONFIRM,157229979689541632,Confirmar
CELEBRATION_BANNER_FLAIR_EQUIP_HINT,157204896069705728,*Equipe no Rebimburguer
CELEBRATION_BANNER_NEW_QUESTLINE_UNLOCKED,157204890768105472,Nova Linha de Missões Desbloqueada: {name}
CELEBRATION_BANNER_QUEST_COMPLETE,157196335902089216,Missão Concluída!
CELEBRATION_BANNER_RANK_HEADING,157240833617158144,Ranque de Funcionário {rank}
CELEBRATION_BANNER_RANK_INCREASED,157196347440619520,Ranque de Funcionário Aumentado!
CELEBRATION_BANNER_REWARDS_EARNED,157243622590242816,Recompensas Recebidas
CELEBRATION_BANNER_RP_TO_NEXT_RANK,157204893980942336,PR para o Próximo Ranque: {amount}
CELEBRATION_BANNER_WEAPON_EQUIP_HINT,157204901467774976,*Equipe no Armário de Carnes
CELEBRATION_BANNER_WEAPON_UNLOCKED,157238824793006080,Arma Desbloqueada!
CODEX_TOAST_HEADER_ARTIFACT,158291413488664576,Novo Artefato!
CODEX_TOAST_HEADER_CREATURE,158291454114693120,Nova Criatura!
CODEX_TOAST_HEADER_CURRENCY,158291422971985920,Novo Recurso!
CODEX_TOAST_HEADER_GENERIC,158291396984078336,Novas Entradas!
CODEX_TOAST_HEADER_ITEM,158291406320599040,Novo Item!
CODEX_TOAST_HEADER_MEAT,158291431851327488,Carne Nova!
CODEX_TOAST_HEADER_RANGUS_FILE,158291467289001984,Novo Arquivo Rangus!
CODEX_TOAST_SUBHEADER,158291475207847936,Adicionado ao Códice
END_STAGE_HEADER_PLANET_STATS,144853505636556800,Estatísticas do Planeta
END_STAGE_MEAT_CORE_SECURED,144127700346331136,Núcleo de carne garantido
IA_SurpriseMe,145669286033088512,Me Surpreenda
INFORMATION_TERMINAL_TITLE,159254944652492800,Códice
LEVEL_UP_AUTO_SELECT_FMT,160182415509151744,Seleção automática em: <color=#FF0080>{Seconds}</color>s
LEVEL_UP_EXIT,146737720124760064,[InputAction:Cancel] Sair da Seleção de Melhorias
LEVEL_UP_IN_SECONDS_FMT,160177751237582848,Pausando em <color=#FF0080>{Seconds:0.0}</color>
LEVEL_UP_STILL_SELECTING_TITLE,160189906225717248,Os Cientistas da Carne ainda estão pensando...
LE_EDrawDistance_Close,155444035605950464,Perto
LE_EDrawDistance_Far,155444035631116289,Distante
LE_EDrawDistance_Medium,155444035631116288,Média
TUTORIAL_COMPLETE_TITLE,158105394041839616,Certificado de Conclusão
TUTORIAL_COMPLETION_CARL_NAME,158106223612256256,"Carl Rangus, CEO"
TUTORIAL_COMPLETION_SIGNED,158106159250661376,Assinado:
TUTORIAL_COMPLETION_SQUISHIE_NAME,158105683281043456,Coxão Mole
TUTORIAL_COMPLETION_SUBTITLE_01,158105588380721152,Certificamos que
TUTORIAL_COMPLETION_SUBTITLE_02,158105801833046016,passou com sucesso no <color=#FFC700>Programa de Orientação de Funcionários</color>!<br>Parabéns por se tornar um membro oficial da equipe Rangus!<br><br>Agora vamos lá: <color=#FFC700>colha Carne</color> e <color=#FFC700>alimente a Galáxia</color>!
UI_ATTRIBUTE_ADD_FMT,153254426577985536,{value:+#.##;-#.##;+0}
UI_ATTRIBUTE_MODIFY_FMT,153254478088232960,{value:+#.##;-#.##;+0}%
UI_ATTRIBUTE_MULTIPLY_FMT,153254480353157120,{value:0.##}x
UI_BEING_REVIVED_BY,160196323477282816,{Name} está te revivendo
UI_BENEFITS_PERKS_TITLE,157261430313181184,Vantagens
UI_BENEFITS_TERMINAL,155021233676607488,Terminal de Benefícios
UI_INTERACTION_REVIVE,159415565250715648,Reviver
UI_INTERACTION_REVIVE_TARGET,160116078837489664,{Name}
UI_LEADERBOARD_RANK_EMPTY,152933015493795840,O RH não está disponível no momento.
UI_LEADERBOARD_RANK_NAME,152933011416932352,Nome
UI_LEADERBOARD_RANK_RANK,152933013824462848,Ranque
UI_LEADERBOARD_RANK_TITLE,152933007226822656,Funcionários do Mês
UI_OPTS_KEYWORD_POPUPS,152564154714021888,Pop-ups de Palavras-chave
UI_OPTS_KEYWORD_POPUPS_HELP_MESSAGE,152564183084294144,Mostra descrições em pop-up para palavras-chave mencionadas nas descrições.
UI_OPTS_KEYWORD_POPUPS_HELP_TITLE,152564181515624448,Pop-ups de Palavras-chave	
UI_OPTS_VIDEO_DRAW_DIST,155444200114941952,Distância de Renderização
UI_OPTS_VIDEO_DRAW_DIST_MESSAGE,155444247250530304,"A que distância o jogo renderiza geometria e objetos distantes. Configurações mais baixas reduzem o custo de GPU e CPU — recomendado em hardware mais modesto, como o Steam Deck. Configurações mais altas mostram mais do mundo ao custo de desempenho."
UI_OPTS_VIDEO_DRAW_DIST_TITLE,155444221707218944,Distância de Renderização
UI_PLAYERHEALTH_DOWNED_TAG,159415579876253696,CAÍDO
UI_REQUIREMENT_FULL_VERSION,145016599318880256,Requer a Versão Completa
UI_REQUIREMENT_PERKRANK,157717392333463552,Desbloqueie uma Vantagem
UI_REQUIREMENT_PERKTRACK_RANK,155367902129676288,{track} Ranque {rank:roman()}
UI_REWARD_UI_SURPRISE_ME,145620353626861568,Me Surpreenda
UI_REWARD_UI_SURPRISE_ME_KEY,145639277600894976,[InputAction:LevelUpScreen/SurpriseMe]
UI_SELECT_UPGRADE_COUNT_FMT,152555780165328896,Selecionar Melhoria +{Count}
UI_SHIP_TOUR_BOLT_BURGERS,154378478273159168,<color=#FFC700>Rebimburgueres</color>: escolha seu equipamento e comece uma expedição aqui.
UI_SHIP_TOUR_EMPLOYEE_HANDBOOK,154378456194342912,"<color=#FFC700>Códice</color>: veja inimigos, itens e a história."
UI_SHIP_TOUR_FLAIR_TERMINAL,154378473181274112,<color=#FFC700>Terminal de Brasões</color>: desbloqueie e melhore brasões para bônus passivos.
UI_SHIP_TOUR_JUKEBOX,154378475714633728,<color=#FFC700>Jukebox</color>: mude a música da nave.
UI_SHIP_TOUR_MEAT_LOCKERS,154378383981010944,<color=#FFC700>Armários de Carnes</color>: escolha sua carne cosmética aqui.
UI_SHIP_TOUR_MEAT_MARKET,154378474439565312,<color=#FFC700>Mercado de Carnes</color>: veja uma seleção de carnes aleatórias.
UI_SHIP_TOUR_NAVIGATION_TERMINAL,154378479544033280,<color=#FFC700>Terminal de Navegação</color>: escolha seu próximo destino e a dificuldade.
UI_SHIP_TOUR_SHOOTING_RANGE,154378477010673664,<color=#FFC700>Campo de Tiro</color>: treine suas armas antes de uma expedição.
UI_SHIP_TOUR_SMART_MEAT_TERMINAL,154378470564028416,<color=#FFC700>Terminal de Benefícios do Funcionário</color>: desbloqueie e melhore seus benefícios de funcionário.
UI_SHIP_TOUR_WEAPON_TERMINAL,154378471918788608,<color=#FFC700>Terminal de Armas</color>: desbloqueie e melhore armas.
UI_UPGRADE_COUNT_FMT,152141631115485184,+{Count}
UI_UPGRADE_EMPTY_SLOT,152531288336621568,Espaço Vazio
UPGRADE_STATION,158017480964431872,Estação de Melhorias
UI_CODEX_MUTATIONS_TAB,165154895239831552,Mutações
UI_CODEX_MUTATIONS_FIRE_TITLE,165154895248220160,Fogo
UI_CODEX_MUTATIONS_ICE_TITLE,165154895248220161,Gelo
UI_CODEX_MUTATIONS_SLIME_TITLE,165154895248220162,Gosma
UI_CODEX_MUTATIONS_ELECTRIC_TITLE,165154895248220163,Elétrico
UI_CODEX_MUTATIONS_KINETIC_TITLE,165154895248220164,Cinético
UI_CARLTERMINAL_COMPLETE_ALL_TO_EARN,164593566355546112,Conclua todas as missões para ganhar:
UI_SAVEMGMT_SELECT_EMPLOYEE,165569668465025024,Selecionar funcionário
UI_SAVEMGMT_LAST_PLAYED,165571657299124224,Última partida
UI_SAVEMGMT_RANGUS_FILES,165589631661760512,Arquivos da Rangus:
UI_SAVEMGMT_EMPTY_SLOT_HEADER,164865773950459904,VAZIO
UI_OPTS_MARK_ALL_READ,165623256277049344,Marcar tudo como lido
LE_EFrameLimit_TwoForty,169126859746828288,240 Hz
PLAYER_DOWN_ANNOUNCEMENT,162770743492337664,Derrubaram {Player}!
UI_ANNOUNCEMENT_BOSS_WARNING_EXECUVATOR,162681204534927360,Aeroperuca emite ORDENS EXECUTIVAS!
UI_ANNOUNCEMENT_BOSS_WARNING_JUDGEMENTALITS,162681227154808832,Juiz Lagostim NEGA SUA MOÇÃO!
UI_ANNOUNCEMENT_BOSS_WARNING_LEGISMATOR,162681121139580928,Pete do Partido Porcalhão usa A OBSTRUÇÃO
UI_CINEMATIC_PROLOGUE_TEXT1,165560353607901184,"A Corporação Carnes Rangus já alimentou a galáxia. No seu auge, empregava milhões em dezenas de sistemas estelares.<br><br>Quando sua ""ciência da carne"" exclusiva foi longe demais, um portal se rompeu no universo. Tudo o que a empresa tocou foi morto ou transformado.<br><br>Carl Rangus escapou. A maioria não."
UI_CINEMATIC_PROLOGUE_TEXT2,165560955771543552,"""Aqui na Rangus, não colhemos só carne,<br>colhemos heróis... que nem você!""<br><br><br>–Carl Rangus, Fundador e CEO<br>(anúncio de recrutamento recuperado, data desconhecida)"
UI_LEADERBOARD_NUKE_KILLS,163035281710112768,Incidentes de Trabalho - Nuclear
UI_LEADERBOARD_RANK_SCORE,163032451393773568,Pontuação
UI_SAVEMGMT_RANGUS_FILES_DATA,164863994869309440,{Found}/{Total}
UI_SYSTEMNAME_RANDOM,165564842473676800,Sistema Aleatório
UI_SYSTEMNAME_S2,165564616182587392,Encanadoideira
UI_SYSTEMNAME_S3,165564619336704000,Omnikron
UI_SYSTEMUNLOCK,165563304946688000,novo sistema desbloqueado
CELEBRATION_BANNER_FLAIR_DISPENSED,182655213074636800,Brasão liberado!
CELEBRATION_BANNER_FLAIR_HEADING_FMT,178255509733761024,{count}x Brasão {name}
CELEBRATION_BANNER_FLAIR_SKIP_FMT,185871235538677760,Aperte {Button} para pular
DEATHCERTIFICATE_CRITS,179093814876561411,CRÍTICOS
DEATHCERTIFICATE_DAMAGE,179093814876561409,DANO
DEATHCERTIFICATE_DEAD_MEAT,179093814876561408,VIROU LINGUIÇA
DEATHCERTIFICATE_DPS,179093814876561412,DPS
DEATHCERTIFICATE_KILLED_BY_SPIDER,179093814876561416,MORTO POR <color=#FFC700>ARANHA</color>
DEATHCERTIFICATE_KILLS,179093814876561410,ABATES
DEATHCERTIFICATE_ON_THE_VERY_EVE_OF_HIS_4TH_BIRTHDAY,179093814876561417,BEM NA VÉSPERA DO SEU 4º ANIVERSÁRIO
DEATHCERTIFICATE_RUN_FAILED,179093814868172800,PARTIDA FRACASSOU!
DEATHCERTIFICATE_SIGNED_CARL_RANGUS_CEO,179093814876561415,"Assinado:<br><color=#FFFFFF>Carl Rangus, CEO</color>"
DEATHCERTIFICATE_THE_RANGUS_CORPORATION_HEREBY_ACKNOWLEDGES_THE_D,179093814876561413,A Corporação Rangus reconhece por meio deste o falecimento de
DEATHCERTIFICATE_YOUR_CONTRIBUTIONS_TO_RANGUS_MEAT_CO_WILL_NEVER,179093814876561414,Suas contribuições para a Rangus Meat Co jamais serão esquecidas
END_STAGE_RUN_ABANDONED,178656993092820992,Partida abandonada
HUNTER_INCAPACITATED,169893516064841728,Incapacitado
IA_ProfilerCapture,170595270909747200,ProfilerCapture
IB_Profiler Capture Chord,170595270913941504,Profiler Capture Chord
IB_modifier,170595270913941505,modificador
LE_ECameraDistance_Far,174992531034988545,Longe
LE_ECameraDistance_Medium,174992531034988544,Médio
LE_ECameraDistance_Near,174992531030794240,Perto
MODE_SELECT_CONTINUE_BTN,175310263911702528,Continuar
MODE_SELECT_LOAD_SAVE_BTN,175310282018512896,Carregar / Nova partida
UI_FLAIRTERMINAL_INSERT_COIN,177509684464312320,"Insira <sprite name=""CarlCoin""> Moedas Carl"
UI_FLAIRTERMINAL_INSERT_COST,182665081978347520,Insira {count} {icon} {name}
UI_FLAIRTERMINAL_REQUIRES_COIN,177529825763778560,"<color=#FF0000>Requer <sprite name=""CarlCoin""> Carl Coin</color>"
UI_FLAIRTERMINAL_REQUIRES_COST,182665090496978944,<color=#FF0000>Requer {count} {icon} {name}</color>
UI_ITEM_ONADD_TRIGGER,176120503238385664,Ao adicionar
UI_LOADOUT_COL_CONSUMABLES,182248566531547136,Consumíveis
UI_LOADOUT_COL_WEAPONS,182248564694441984,Armas
UI_LOADOUT_FLAIR_EMPTY_DESC,182260794391519232,Desbloqueie Brasão no Terminal de Brasão
UI_LOADOUT_SAVE_EXIT,182247692602171392,Salvar e Sair
UI_LOCATION_CARD_DIFFICULTY_FMT,175384575272280064,Dificuldade: {difficulty}
UI_LOCATION_CARD_HEADER,175386164208852992,Local
UI_LOCATION_CARD_SYSTEM_FMT,175384551528325120,S{index} | {system}
UI_MEATOFFERING_REQUIREMENT,176036607361478656,<color=red>Requer partes de carne equipadas</color>
UI_OPTS_VIDEO_BLOOM,182327216559874048,Bloom
UI_OPTS_VIDEO_BLOOM_MESSAGE,182327251011887104,"Ativa o brilho de bloom ao redor de luzes e efeitos intensos. Desative para reduzir o ofuscamento e o cansaço visual, ou se as cenas claras parecerem desbotadas."
UI_OPTS_VIDEO_BLOOM_TITLE,182327234784124928,Bloom
UI_OPTS_VIDEO_CAMERA_DISTANCE,174991015364517888,Distância da Câmera
UI_OPTS_VIDEO_CAMERA_DISTANCE_MESSAGE,174991034385686528,Ajusta a que distância a câmera fica atrás do seu personagem.
UI_OPTS_VIDEO_CAMERA_DISTANCE_TITLE,174991024080281600,Distância da Câmera
UI_REQUIREMENT_STAT_FLAIRPULLS_FMT,178238717753810944,Colete {count} Brasão
UI_SAVEMGMT_MSGBOX_ABANDON_RUN_CONFIRM,176120214003376128,Abandonar partida
UI_SAVEMGMT_MSGBOX_ABANDON_RUN_MSG,176120210866036736,Abandonar a partida em andamento do Funcionário {EmployeeNumber}?<br>Você voltará ao saguão. Isso não pode ser desfeito.
UI_SAVEMGMT_MSGBOX_ABANDON_RUN_TITLE,176120204733964288,Abandonar partida?
UI_SAVEMGMT_RUN_IN_PROGRESS,175380214638960640,Partida em andamento
MODE_SELECT_CREDITS_BTN,192915189290491904,Créditos
UI_OPTS_LOCALE_HELP_MESSAGE_MOD,193118195936124928,Selecione o idioma de sua preferência para visualizar o texto no jogo.<br><br>{ModName} foi adicionado por {Author}.
