Key,Id,Chinese (Simplified)(zh-Hans)
A_CAPTURED_SPIDER,46628102279782400,一只被捕获的蜘蛛
A_FRANKEN_TICKLER,46628101457698816,一个弗兰肯咯吱怪
A_HIVE_TENDRIL,46628112698433536,一个蜂巢触须
ALIEN_BULB,46628101419950080,外星灯泡
AN_ITEM_CAPSULE,46628112023150592,一个物品胶囊
BOLT_BURGER,46628108516712448,电光飞堡
CARL_TERMINAL_ALL_COMPLETED_ENTRY,58590589204029440,你已经完成了所有任务！或许在探索那些星球的过程中，你还能发现更多...
CARL_TERMINAL_DESCRIPTION,58588929878646784,银河系这边最棒的经理
CARL_TERMINAL_MISSING_MATERIALS,30366100192485376,缺失材料
CARL_TERMINAL_REQUIRED_MATERIALS_HEADER,30380913715044352,所需材料：
CARL_TERMINAL_TITLE,58588816691159040,卡尔·兰格斯
CAVE_ENTRANCE,48527482492321792,洞穴入口
COACH_DAN,46628101034074112,丹教练
COMMON_BACK,58577423170527232,返回
COMMON_COMPLETED,58590894855544832,已完成
COMMON_SIDEQUESTS,74560833584095232,支线任务
COMPASS_DISTANCE_FMT,46402692690468864,{Distance} 米
CONTROL_PANEL,71374858701537280,控制面板
CURRENCY_TRADER_DESCRIPTION,58576262912794624,// 转换货币和资源
CURRENCY_TRADER_TITLE,58576102623272960,交易员迈克
DAMAGE_TYPE_ELECTRIC,43142638340136960,电击
DAMAGE_TYPE_FIRE,43142553082519552,火焰
DAMAGE_TYPE_ICE,43142575572377600,冰霜
DAMAGE_TYPE_KINETIC,43142700797517824,动能
DAMAGE_TYPE_SLIME,43142609625931776,黏液
DEATH_FINAL_TITLE,74209383469277184,死肉
DEATH_LAST_CHANCE,73578787034357760,最后机会！
DEATH_RESPAWNING_TITLE,73560258369282048,正在重生
DEATH_SCREEN_KILLED_BY_FMT,73552691249274880,死于<color=#FFC700>{CreatureName}</color>
DIAMOND,66974994580406272,钻石
DirtbagName,84665500557934592,土包子
Drain Tunnel,64088669405609984,排放隧道
Drain Tunnel 2,64091624674459648,排放隧道 2
EMERGENCY_TEXT_DEFAULT_DESCRIPTION,46144714159616000,应用程序启动时出现错误，导致启动失败。重启计算机或许可以解决问题。
EMERGENCY_TEXT_DEFAULT_FOOTER,46312787621638144,您随时可以通过 SwapMeat Discord 服务器的 #create-bug-reports 频道联系我们以寻求帮助。<br>此应用程序将在 30 秒后自动关闭。
EMERGENCY_TEXT_DEFAULT_TITLE,46144708803489792,应用程序启动错误
EMERGENCY_TEXT_IO_DESCRIPTION,46312933025574912,启动过程中读取一个或多个文件时出错。这通常是由于杀毒软件过度拦截，或上一次游戏运行未完全关闭导致的。<br>如果问题仍然存在，重启电脑应该可以清除文件锁定。
EMPLOYEE_RANK_POINTS_FORMAT,38765036250849280,{Current}/{Total} 等级点数
EMPLOYEE_RANK_RANKUP_FMT,38764977085997056,等级提升！+{Value}
EMPLOYEE_RANK_TITLE,38764887885733888,员工等级
EVENT_BANNER_COMPLETE,37577933345251328,完成！
EVENT_BANNER_PRIME_DIRECTIVE,37577651529965568,首要目标已完成！
EVENT_BANNER_SECONDARY_DIRECTIVE,37581156248444928,次要目标已完成！
EVENT_COMPLETE_NO_REWARDS,43499746143232000,完成！
EVENT_COMPLETE_REWARDS,36526246664855552,奖励：
EVENT_DESCRIPTION_TIME_FMT,61552718882267136,{EventText}：{TimeoutText}
EVENT_DESCRIPTION_TIME_ONLY_FMT,61553051326996480,{TimeoutText}
EVENT_HEADER_PRIME,35806126556569600,首要目标
EVENT_HEADER_SECONDARY,35806182923821056,次要目标
EVENT_HUNTER_TIMER_ADVANCED,43479223816413184,猎人提前来袭
EVENT_HUNTER_TIMER_DELAYED,43480205547790336,猎人推迟来袭
EVENT_OBJECTIVE_DAMAGE_ANY_ENEMY_FMT,45684262786031616,已伤害 <nobr>{NumDamaged}/{NumToDamage}</nobr>
EVENT_OBJECTIVE_TASKS_FMT,45737656791851008,<nobr>{NumDone}/{NumTodo}</nobr> {Detail}
EVENT_REWARD_FMT,68757372988809216,{Count}
EXHAUST_PORT,46628107665268736,排气口
GOAL!,46628109821140992,目标！
GOOBER_TURRET,46628113809924096,肉呆子炮塔
HARVESTER_CORE,46389181780320256,收割者核心
HEALTH_STATION,46628116695605248,治疗站
HUD_CHECKPOINT_TOAST,71718200525385728,检查点已保存！
HUNTER_ENRAGE_TIMER,53525888526966784,愤怒倒计时：
HUNTER_THREAT_BANISHED,35125235089924096,已放逐！
HUNTER_THREAT_DANGER,35125167033147392,危险！
HUNTER_THREAT_ENRAGED,35125494096584704,！！猎人们愤怒了！
HUNTER_THREAT_IMMINENT,35125348260634624,威胁迫在眉睫！！
HUNTER_THREAT_PANTS,35125431806976000,！！吓尿预警！！
HUNTERS_TIMER_FMT,68162259069689856,{SecondsRemaining:secondstotime()}
HUNTERS_TIMER_REWARD_FMT,68472376516403200,{Count:cond:<0?<color=#FF3667>{}s</color>|+{}s}
INSECT_EGGS,46628101830991872,虫卵
INTERACT_PROMPT_HEALTH_GAIN_FMT,43375595235565568,+{HealthGain}
INTERACT_PROMPT_PING,43136443831279616,[InputAction:Gameplay/MarkTarget] 标记
INTERACTION_PROMPT_HOLD_SUCCESS,43183389103087616,成功！
INTERACTION_PROMPT_TYPE_HOLD_FMT,43127738511384576,长按 {BindingText} {ActionText}
INTERACTION_PROMPT_TYPE_NONE_FMT,43126879249489920,{ActionText}
INTERACTION_PROMPT_TYPE_PRESS_FMT,43127706953441280,{BindingText} {ActionText}
ITEM_INSPECTION_PROMPT,42642500681195520,查看
ITEM_NOTIFICATION_NEW_ITEM,42646904150941696,新！
ITEM_NOTIFICATION_STACK_COUNT_FMT,42659474148679680,x{StackCount}
ITEM_RARITY_COMMON,42668023662764032,普通
ITEM_RARITY_EPIC,42668027727044608,史诗
ITEM_RARITY_LEGENDARY,42668029052444672,传奇
ITEM_RARITY_RARE,42668026103848960,稀有
ITEM_RARITY_UNCOMMON,42668357307064320,罕见
ITEM_REWARD_NAME_FMT,63053428530601984,{ItemName}{ItemCount:| +{ItemCount}}
JELLY_FORGE,46628102367862784,凝胶锻造炉
JOIN_GAME_PLAYERCOUNT_FMT,48096123611504640,{Current}/{Max}
JOIN_GAME_PLAYERNAME_FMT,48095464992530432,{PlayerName}的游戏
JOIN_GAME_PROTOCOL_MISMATCH,48097039647498240,版本不匹配
JOIN_GAME_SPECTATE,47816347118198784,观战
JUMP_PAD,46406064923467776,弹跳板
LOADOUT_ARTIFACT_NONE_DESC,38383465480052736,一个空虚寂寞冷的装备槽。
LOADOUT_ARTIFACT_NONE_TITLE,38383464444059648,无终极能力
LOADOUT_FLAIR_NONE_DESC,38383568223723520,你肯定想有自己的风格，对吧？
LOADOUT_FLAIR_NONE_TITLE,38383466306330624,嘿，未装备装扮！
LOADOUT_WEAPON_NONE_DESC,38383462514679808,哎呀，糟糕。
LOADOUT_WEAPON_NONE_TITLE,38383410991849472,未装备武器
MAIN_MENU_ABANDON_RUN,31077628587794432,返回大厅
MAIN_MENU_DEBUG_HEADER,31076998813048832,调试
MAIN_MENU_DISCORD_SERVER_BUTTON,31076690544287744,Discord 鲜肉集结
MAIN_MENU_EXIT,31077710762598400,退出游戏
MAIN_MENU_MULTIPLAYER,31077375373467648,多人游戏
MAIN_MENU_OPTIONS,31077450753499136,设置
MAIN_MENU_RESUME,31077530629824512,继续游戏 [InputAction:UI/Cancel]
MAIN_MENU_SKIP_TUTORIAL,31076355092242432,跳过教程
MAIN_MENU_UNSTUCK_BTN_TXT,61894851502731264,我卡住了！
MAIN_MENU_UPLOAD_LOGS,31077125934014464,上传日志
MAIN_MENU_WISHLIST,31077254808199168,加入 Steam 愿望单
MEAT_CORE_SITE,46628112702627840,肉核据点
MEAT_MUSH,46628103278026752,肉糜
MENACING_TENTACLE,46628121766518784,危险触须
MENU_COMMON_BACK,47855835508891648,[InputAction:UI/Cancel] 返回
MESSAGE_BOX_ABANDON_RUN_CANCEL,31141851095359488,取消
MESSAGE_BOX_ABANDON_RUN_CONFIRM,31141825619156992,放弃本局游戏
MESSAGE_BOX_ABANDON_RUN_MESSAGE,31141795957039104,你确定要放弃这局游戏，并返回 ROX-1 吗？
MESSAGE_BOX_ABANDON_RUN_TITLE,31141752260780032,放弃这局游戏
MESSAGE_BOX_BLOCK_PLAYER_CANCEL,31122765070196736,取消
MESSAGE_BOX_BLOCK_PLAYER_CONFIRM,31122718286929920,屏蔽
MESSAGE_BOX_BLOCK_PLAYER_MESSAGE,31122703279710208,被屏蔽的玩家无法加入您创建的游戏，如果他们碰巧出现在您已加入的游戏中，则会被永久禁言。<br><br>您确定要屏蔽 {PlayerName} 吗？
MESSAGE_BOX_BLOCK_PLAYER_TITLE,31122656211230720,屏蔽玩家
MESSAGE_BOX_COMPUTER_OVERHEATING_CANCEL,31121502840545280,让主机燃烧吧
MESSAGE_BOX_COMPUTER_OVERHEATING_CONFIRM,31121455612682240,给主机降降温
MESSAGE_BOX_COMPUTER_OVERHEATING_MESSAGE,31121436348243968,降低分辨率和帧率来帮主机降降温？
MESSAGE_BOX_COMPUTER_OVERHEATING_TITLE,31121364780834816,主机过热
MESSAGE_BOX_DEFAULT_CANCEL,31145042352529408,取消
MESSAGE_BOX_DEFAULT_CONFIRM,31145012967235584,确定
MESSAGE_BOX_EXIT_GAME_CANCEL,31121900481536000,取消
MESSAGE_BOX_EXIT_GAME_CONFIRM,31121881414230016,返回主菜单
MESSAGE_BOX_EXIT_GAME_MESSAGE,31121844806344704,你确定要抛弃你的队友吗？
MESSAGE_BOX_EXIT_GAME_SECONDARY,31121914842832896,退出到桌面
MESSAGE_BOX_EXIT_GAME_TITLE,31121802745864192,退出游戏
MESSAGE_BOX_FEEDBACK_CANCEL,31100557044211712,以后再说
MESSAGE_BOX_FEEDBACK_CANCEL_ON_EXIT,31100501750702080,不了，没兴趣
MESSAGE_BOX_FEEDBACK_CONFIRM,31100327628365824,好啊！
MESSAGE_BOX_FEEDBACK_MESSAGE,31100033314054144,您能否抽出一点时间填写一份简短的调查问卷，帮助我们改进游戏？
MESSAGE_BOX_FEEDBACK_TITLE,31099905689772032,反馈
MESSAGE_BOX_GAME_FULL_MESSAGE,31122339318980608,抱歉，该房间已满。点击“确定”返回主菜单。
MESSAGE_BOX_GAME_FULL_TITLE,31122293072584704,房间已满
MESSAGE_BOX_JOIN_FRIEND_CANCEL,31104948069457920,不了，我这儿就挺好！
MESSAGE_BOX_JOIN_FRIEND_CONFIRM,31104888199962624,加入游戏
MESSAGE_BOX_JOIN_FRIEND_GAME_MESSAGE,31100789127634944,您受邀加入 {FriendName} 的游戏
MESSAGE_BOX_JOIN_GAME_TITLE,31100726099828736,加入新游戏
MESSAGE_BOX_LEAVE_CONFIRM,69161157897678848,离开游戏
MESSAGE_BOX_LEAVE_HOST_TITLE,69160751356375040,解散创建的游戏？
MESSAGE_BOX_LEAVE_HOST_TXT,69160978603765760,您确定要离开游戏吗？<br>您是房主，离开将导致房间解散，所有玩家被踢。
MESSAGE_BOX_LEAVE_TITLE,69160074362155008,离开游戏？
MESSAGE_BOX_LEAVE_TXT,69160855006015488,您确定要离开游戏吗？
MESSAGE_BOX_LOAD_DEMO_CANCEL,56092051975892992,否，且不再询问
MESSAGE_BOX_LOAD_DEMO_CONFIRM,56092048666587136,是
MESSAGE_BOX_LOAD_DEMO_MESSAGE,55860579570479104,检测到《SwapMeat》试玩版存档。您是否要继续试玩版进度？现有的存档数据将被覆盖。
MESSAGE_BOX_LOAD_DEMO_PROGRESS_TITLE,55860577653682176,迁移试玩版进度	
MESSAGE_BOX_LOAD_DEMO_SECONDARY,56092050369474560,否，下次提醒我
MESSAGE_BOX_MISSING_ARTIFACT_MESSAGE,31142435298992128,您确定要在未选择终极技能的情况下继续吗？
MESSAGE_BOX_NETWORK_DISCONNECT_MESSAGE,31120173598498816,房主已断开连接。
MESSAGE_BOX_NETWORK_DISCONNECT_TITLE,31120107987001344,房主已断开
MESSAGE_BOX_NETWORK_TIMEOUT_MESSAGE,31120316263555072,客户端连接超时，尝试连接或发送/接收数据失败
MESSAGE_BOX_NETWORK_TIMEOUT_TITLE,31120286274281472,错误：网络超时
MESSAGE_BOX_NEW_BUILD_MESSAGE,31121145544564736,检测到游戏新版本。点击“确定”重启并开始下载更新
MESSAGE_BOX_NEW_BUILD_TITLE,31121109494521856,新版本可用
MESSAGE_BOX_QUIT_MESSAGE,31098545544093696,您确定要退出吗？
MESSAGE_BOX_QUIT_MESSAGE_HOST,45269853613842432,您确定要离开游戏吗？<br>您是房主，离开将导致房间解散，所有玩家被踢。
MESSAGE_BOX_QUIT_TITLE,31098413507403776,退出游戏
MESSAGE_BOX_QUIT_TITLE_HOST,45269738467614720,解散创建的游戏？
MESSAGE_BOX_REBIND_BANNED_MSG_FMT,52961862714585088,按键 {InputPath} 已绑定至全局动作 {ActionName}。
MESSAGE_BOX_REBIND_BANNED_TITLE,52961860839731200,改键失败
MESSAGE_BOX_REBIND_CONFLICT_MSG_FMT,52952037393887232,按键 {InputPath} 已被绑定至 {ActionName}，该动作现需重新绑定其他按键。
MESSAGE_BOX_REBIND_CONFLICT_TITLE,52952033853894656,改键冲突
MESSAGE_BOX_RESET_ACCOUNT_CANCEL,31142685069795328,取消
MESSAGE_BOX_RESET_ACCOUNT_CONFIRM,31142672679821312,重置账号
MESSAGE_BOX_RESET_ACCOUNT_MESSAGE,31142661908848640,您确定要重置账号吗？<br>这将删除所有进度和解锁内容。
MESSAGE_BOX_RESET_ACCOUNT_TITLE,31142628807401472,重置账号
MESSAGE_BOX_RESET_RUN_MESSAGE,31141144124448768,您确定要重置本局游戏吗？
MESSAGE_BOX_RESET_RUN_TITLE,31141105490714624,重置本局游戏
MESSAGE_BOX_RETURN_CONFIRM,69163340810612736,放弃本局游戏
MESSAGE_BOX_RETURN_HOST_TXT,69163346871382016,您确定要放弃本局游戏吗？<br>您是房主，放弃后所有其他玩家都将随您一同返回。
MESSAGE_BOX_RETURN_TITLE,69163337862017024,放弃本局游戏？
MESSAGE_BOX_RETURN_TXT,69163343302029312,您确定要放弃本局游戏吗？
MESSAGE_BOX_SKIP_TUTORIAL_CANCEL,31142171938643968,取消
MESSAGE_BOX_SKIP_TUTORIAL_CONFIRM,31142158563008512,跳过教程
MESSAGE_BOX_SKIP_TUTORIAL_MESSAGE,31142143690006528,您确定要跳过教程并返回飞船吗？
MESSAGE_BOX_SKIP_TUTORIAL_TITLE,31142106562027520,跳过教程
MESSAGE_BOX_TUTORIAL_REQUIRED_MESSAGE,31119917020340224,您必须先完成新手教程才能加入多人游戏。<br>是否立即开始教程？
MESSAGE_BOX_TUTORIAL_REQUIRED_TITLE,31119792659226624,需完成新手教程
MESSAGE_BOX_TUTORIAL_SINGLE_PLAYER_MESSAGE,51432919170801664,重玩教程需在单人模式下进行。<br>是否返回主菜单开始单人游戏？
MESSAGE_BOX_TUTORIAL_SINGLE_PLAYER_TITLE,51432847888605184,教程提示
MESSAGE_BOX_VERSION_MISMATCH_MESSAGE,31120802169479168,由于版本不匹配，无法加入游戏。您和房主可能均需重启游戏以获取更新。
MESSAGE_BOX_VERSION_MISMATCH_TITLE,31120753725267968,版本不匹配
MESSAGE_BOX_VIDEO_SETTINGS_CHANGED_CANCEL,31143010442928128,还原更改
MESSAGE_BOX_VIDEO_SETTINGS_CHANGED_CONFIRM,31142998338166784,应用更改
MESSAGE_BOX_VIDEO_SETTINGS_CHANGED_MESSAGE,31142986732527616,视频设置已更改。是否保留？<br><br>设置将在 5 秒后自动还原。
MESSAGE_BOX_VIDEO_SETTINGS_CHANGED_TITLE,31142952192434176,视频设置已更改
MODE_SELECT_CONTINUE_BTN_FMT,88516393607032832,星系 {SystemNum}-{PlanetName}
MODE_SELECT_CREATE_FRIENDS_DESC,71007351351472128,您的好友可以找到并加入您的游戏
MODE_SELECT_CREATE_FRIENDS_TITLE,71007349887660032,好友
MODE_SELECT_CREATE_PUBLIC_DESC,71007348780363776,任何人都可以加入，非常适合直播！
MODE_SELECT_CREATE_PUBLIC_TITLE,71007346976813056,公开
MODE_SELECT_CREATE_SOLO_DESC,71007345391366144,独自游玩，或邀请他人加入
MODE_SELECT_CREATE_SOLO_TITLE,71007343826890752,私密
MODE_SELECT_FRIENDS_GAME,70420085428121600,好友
MODE_SELECT_FRIENDS_GAME_DESC,70420318446874624,您的好友可以找到并加入您的游戏
MODE_SELECT_FRIENDS_ONLY,47782185145458688,(仅限好友)
MODE_SELECT_GAME_MODE_TITLE,71011334463877120,游戏模式
MODE_SELECT_HOST_FRIENDS_ONLY,278383288320,创建私密游戏
MODE_SELECT_HOST_PRIVATE,327255318528,单人模式
MODE_SELECT_HOST_PUBLIC,214248185856,创建公开游戏
MODE_SELECT_JOIN_BTN,70420672118976512,加入游戏
MODE_SELECT_JOIN_GAME_TITLE,45666886526951424,加入游戏
MODE_SELECT_PLAY_BT,71007312436719616,开始游戏
MODE_SELECT_PLAY_BTN,70420636043767808,开始游戏
MODE_SELECT_PUBLIC_GAME,70420047901683712,公开
MODE_SELECT_PUBLIC_GAME_DESC,70420200670818304,任何人都可以加入，非常适合直播！
MODE_SELECT_SOLO_GAME,70420012703084544,私密
MODE_SELECT_SOLO_GAME_DESC,70420126205145088,独自游玩，或邀请他人加入
MODE_SELECT_TITLE,45666774727778304,模式选择
MEAT_DISPENSER,46628101025685504,肉类分配器
NODE_1,46389232518815744,节点 1
NODE_2,46389312764239872,节点 2
NODE_3,46389348839448576,节点 3
NODE_4,46389350567501824,节点 4
Open Hatch,70668568375361536,打开舱门
OPEN_DOOR,46628110437703680,打开门
OPTS_MULTIPLAYER_CURRENT_TEAM,69865368843120640,当前队伍
OPTS_MULTIPLAYER_ENABLE_OBSERVERS,69865544915808256,开启观战位
OPTS_MULTIPLAYER_MANAGE_BLOCKS,69865680991612928,管理屏蔽列表...
PAYLOAD,46628108462186496,运载目标
PIN_MARKER,46746956646510592,压制！
PROTECTIVE_CRSYSTAL,66975109500141568,防御水晶
RESEARCHER_POD,46628126124400640,员工舱
SECURE_THE_MEAT_CORE!,46628112652296192,确保肉核安全！
SENTRY_TURRET,46628102288171008,哨兵炮塔
SHIELD_GENERATOR,66975448525733888,护盾发生器
SMOKER_1_ACTIVATOR!,46628102149758976,核爆炉 1 激活器
SMOKER_2_ACTIVATOR!,46628102149758977,核爆炉 2 激活器
SMOKER_3_ACTIVATOR!,46628102149758978,核爆炉 3 激活器
SPAWNING_POOL,46628102346891264,孵化池
STEERING_PANEL,46628109204578304,控制面板
SUBTITLE_LINE_FMT,63797240152449024,<color=#{SpeakerNameColor}>{SpeakerName}：</color>{SpeakerText}
SUPPLY_BOX,46628126061486080,物资箱
THE_MEAT_MARKET,46628120319483904,肉市
TIBBLER'S_HEART,46628108311191552,卡吕普索的心
TIBBLER'S_KIDNEY,46628118494961664,卡吕普索的肾
TommyTank,84665130641293312,暴击机器人
TOXIC_SLIME,46628104666341376,有毒黏液
TRADER_TERMINAL_ACTION_EXCHANGE,58597048063090688,购买
TRADER_TERMINAL_ACTION_SELL,58596954802741248,出售
TRADER_TERMINAL_ACTION_UNAVAILABLE_NO_CURRENCY,58597098013057024,货币不足
TRADER_TERMINAL_EMPTY_ENTRY,58591398792781824,物品栏中没有资源
Tutorial_LEGABILITY,47863131572002816,[InputAction:Gameplay/LegsAbility] 腿部技能
TUTORIAL_SWAPMEAT,47859765294915584,[InputAction:Interact/Interact] 换肉
UI_ANNOUNCEMENT_DIFFICULTY_FMT,74296319433236480,{difficulty}{ascension:cond:>0? Ascension {}|}
UI_ANNOUNCEMENT_ENTER_PLANET_FMT,74296317638074368,正在进入 {planet}
UI_ANNOUNCEMENT_HOST_PAUSED,74296313619931136,房主已暂停游戏
UI_ANNOUNCEMENT_LEVEL_UP,74296314148413440,玩家正在选择升级奖励
UI_ANNOUNCEMENT_LEVEL_UP_RESUME,74296320918020096,{seconds} 秒后继续
UI_BLOCKLIST_TITLE,69854086446379008,屏蔽列表
UI_BLOCKLIST_UNBLOCK_BTN,69854165966188544,解除屏蔽
UI_BOLTBURGER_CONFIGURE,71287883359576064,员工配置
UI_BOLTBURGER_IGNORE_CARL,89059781141061632,忽略卡尔
UI_BOLTBURGER_INTERACT,71029788435800064,<color=yellow>逃离！</color>
UI_BOLTBURGER_NAME,71029706948861952,电光飞堡
UI_BOLTBURGER_TALK_TO_CARL_DESC,84438058676510720,在你去银河系流浪之前，卡尔有话要跟你说。
UI_BOLTBURGER_TALK_TO_CARL_TITLE,84438056474501120,找经理谈谈
UI_BUYNOWONSTEAM,78930206331494400,立即前往 Steam 购买
UI_CARLTERMINAL_CLAIM_BTN_CLAIM,63752028576215040,领取
UI_CARLTERMINAL_CLAIM_BTN_CRAFT,63752026911076352,购买
UI_CARLTERMINAL_CLAIM_BTN_CURRENCY_LOCKED,63752030165856256,货币不足
UI_CARLTERMINAL_CLAIM_BTN_DEMO_LOCKED,63752024679706624,试玩版已锁定
UI_CARLTERMINAL_CLAIM_BTN_REQUIREMENTS_LOCKED,74607019393277952,未满足要求
UI_CARLTERMINAL_COMPLETED,73167992798568448,已完成
UI_CARLTERMINAL_QUESTS,73167908547584000,任务
UI_CARLTERMINAL_UPGRADES,73167953896398848,升级
UI_CHANGE_DIFFICULTY_CLIENT,76472751513133056,怂恿房主将游戏难度改为 {difficulty}
UI_CHANGE_DIFFICULTY_TO_FMT,76472743611064320,将游戏难度更改为 {difficulty}
UI_COMPASS_E,68109962709032960,东
UI_COMPASS_N,68109857843044352,北
UI_COMPASS_NE,68109928332517376,东北
UI_COMPASS_NW,68110126031036416,西北
UI_COMPASS_S,68110021160853504,南
UI_COMPASS_SE,68109993440698368,东南
UI_COMPASS_SW,68110069386960896,西南
UI_COMPASS_W,68110099468509184,西
UI_CRITS_TEXT,80878169194749952,暴击
UI_DAMAGE_TEXT,71027131851726848,伤害
UI_DIFFICULTY_SELECT_TITLE,81165014893846528,选择难度
UI_DPS_TEXT,80878240179150848,秒伤
UI_ENDSTAGE_CONSUMPTION,80927668453761024,星球消耗量
UI_ENDSTAGE_DATA,71871687346348032,数据
UI_ENDSTAGE_GATHERING_DISCLAIMER,80901562480713728,*采集需具备相应许可证
UI_ENDSTAGE_LOADOUT,71871691788115968,配装
UI_ENDSTAGE_MATERIAL_FISHING,80927658316128256,捕鱼裂隙
UI_ENDSTAGE_MATERIAL_MINING,80927660262285312,采矿节点
UI_ENDSTAGE_MATERIAL_TECH,80927662330077184,古代科技
UI_ENDSTAGE_NO_MATS_FOUND,80901560471642112,未检测到材料！
UI_ENDSTAGE_PRIME_DIRECTIVES,80927664423034880,首要目标
UI_ENDSTAGE_REWARDS,71871690248806400,奖励
UI_ENDSTAGE_SECONDARY_EVENTS,80927666520186880,支线事件
UI_ENDSTAGE_STATS,71871688839520256,统计
UI_GALAXYMAP_ASCENSION_OFF,78047682533253120,进阶：关闭
UI_GALAXYMAP_ASCENSION_ON,78047680209608704,进阶：开启
UI_GALAXYMAP_BOSS,77085141590073344,Boss
UI_GALAXYMAP_DEMO_LOCKED,65856258359357440,试玩版已锁定
UI_GALAXYMAP_DIFFICULTY,77085143997603840,难度模式
UI_GALAXYMAP_MODE_RANDOM,76942191665078272,随机
UI_GALAXYMAP_MODE_SCRIPTED,76942188812951552,星系 {index}
UI_GALAXYMAP_MODE_TUTORIAL,76942183263887360,教程
UI_GALAXYMAP_MODIFIERS,77085146208002048,修改器
UI_GALAXYMAP_PLANETS,77085138289156096,星球
UI_GALAXYMAP_RANDOM_DESC,77848170049036288,所有星球、敌人和 Boss 战均随机生成。
UI_GALAXYMAP_TUTORIAL_DESC,77848167003971584,在最简单的难度下学习游戏机制和基础知识。
UI_GALAXYMAP_UNKNOWN_BOSS,76942179224772608,？？？
UI_GALAXYMAP_UNKNOWN_PLANET,76942179686146048,？？？
UI_GALAXYSCREEN_ASCENSION_FMT,77181756770344960,进阶：{rank}
UI_GALAXYSCREEN_DIFFICULTY_FMT,77181621885722624,难度：{difficulty}
UI_GALAXYSCREEN_MODIFIERS_FMT,77181851947491328,修改器：{count}/{max}
UI_GALAXYSELECT_DESTINATION_CURRENT,83744947004497920,正前往此处
UI_GALAXYSELECT_DESTINATION_SET,83744951232356352,设为目的地
UI_GALAXYSELECT_DIFFICULTY_NONE,83722034389966848,未完成
UI_GALAXYSELECT_HARDEST_LABEL,83711659535753216,最高通关难度：
UI_GATHERNODE_REQUIREMENT,71029905968586752,<color=red>需达成 {Requirement}</color>
UI_HEALTHPICKUP_INTERACT,71039570580332544,恢复 {percentage:percent()}% 生命值
UI_HEALTHPICKUP_NAME,71039568562872320,治疗站
UI_HITEFFECT_DESC_FMT,50658861504258048,{trigger}：{effect}
UI_INFOTERMINAL_INTERACT,71029517936746496,打开
UI_INFOTERMINAL_NAME,71029479261069312,图鉴
UI_INTERACT_PIN,71029310960427008,标记
UI_INTERACTION_LOCKED,81878672011681792,已锁定
UI_INTERACTION_MEAT,71029281604493312,拾取
UI_ITEM_DESC_FMT,50641214507048960,{attributes:list:|<br>}
UI_ITEMCONTAINER_INTERACT,86195284344823808,领取物品奖励
UI_ITEMCONTAINER_NAME,86195272869208064,物品箱
UI_KILLS_TEXT,80877989049393152,击杀数
UI_LOADOUT_EQUIPPED_NONE,70975984860389376,无
UI_LOADOUT_SLOT_FLAIR,71008883575873536,装扮
UI_LOADOUT_SLOT_MELEE,71006502045868032,近战
UI_LOADOUT_SLOT_PRIMARY,71006497910284288,主武器
UI_LOADOUT_SLOT_SECONDARY,71006500313620480,副武器
UI_LOADOUT_SLOT_ULTIMATE,71006503694229504,神秘肉
UI_LOBBY_TV_NAME,71282475156889600,电视
UI_LOBBY_TV_OFF,71282478541692928,<color=yellow>把这破烂东西关了</color>
UI_LOBBY_TV_ON,71282477010771968,<color=yellow>观看员工入职指南</color>
UI_MARKER_FREEMEAT,78544246305447936,免费鲜肉！
UI_MATERIALS_TITLE,80900142813667328,材料
UI_MEAT_PART_HEAD,71029987690405888,头
UI_MEAT_PART_LEGS,71030042077945856,腿
UI_MEAT_PART_TORSO,71030010549362688,躯干
UI_MEATCORE_INTERACT,71029870979702784,开始收割
UI_MEATCORE_NAME,71029824678780928,肉核
UI_MEATLOCKER_BACK,74561067920846848,[InputAction:UI/Cancel] 返回
UI_MEATLOCKER_EQUIP_BTN,74561255393652736,[InputAction:UI/Submit] 装备
UI_MEATLOCKER_INTERACT_NAME,74562836717563904,储肉间
UI_MEATLOCKER_INTERACT_PROMPT,74562840249167872,调整外观
UI_MEATLOCKER_ROTATE,74561363761885184,旋转
UI_MEATLOCKER_SUBTITLE,74560978846412800,// 调整外观
UI_MEATLOCKER_TITLE,74560976120115200,储肉间
UI_MEATNAME_MISSING,71030073136766976,肉块丢失
UI_MODESELECT_DEMOPROGRESS,73195958265962496,试玩版进度可迁移至完整版游戏
UI_MULTIPLAYER_BLOCKLIST_HELP_MESSAGE,70426187016368128,查看并管理您的屏蔽列表。<br><br>被屏蔽的用户无法加入您创建的游戏。若您与被屏蔽用户同时进入第三方房间，该用户将自动对您静音。
UI_MULTIPLAYER_BLOCKLIST_HELP_TITLE,70426179655364608,管理屏蔽列表
UI_MULTIPLAYER_OBSERVER_HELP_MESSAGE,70426781500239872,设置是否允许第四名玩家以纯观战模式连接您创建的游戏。观战玩家无法语音聊天，但可以跟随房主或任意玩家视角观战。
UI_MULTIPLAYER_OBSERVER_HELP_TITLE,70426780619436032,开启观战位
UI_OBSERVER_INACTIVE,89551914265407488,按 <color=yellow>[InputAction:Observer/FollowNextPlayer]</color> 围观那些见死不救的队友
UI_OBSERVER_NEXT_PLAYER_BINDING,89551067078914048,观战下一位玩家 ([InputAction:Observer/FollowNextPlayer])
UI_OBSERVER_PLAYER,89551157478748160,观战 {PlayerName}
UI_OPTS_ACCOUNT_RESET_BTN,70352075493404672,重置账号
UI_OPTS_ACCOUNT_RESET_MESSAGE,70434640048877568,<b>！！警告！！</b><br><br>将账号进度重置为初始状态。这将清除所有游戏进度和解锁内容。
UI_OPTS_ACCOUNT_RESET_TITLE,70434638551511040,重置账号
UI_OPTS_ACCOUNT_TAB,68549317450723328,账号
UI_OPTS_ACCOUNT_UNSTUCK_BTN,70352078584606720,我卡住了！
UI_OPTS_ACCOUNT_UNSTUCK_MESSAGE,70434646139006976,有时您跌倒了爬不起来。有时您会卡在乱石和死硬的冻肉之间进退两难。<br><br>此功能将使您在上一个有效重生点复活。
UI_OPTS_ACCOUNT_UNSTUCK_TITLE,70434644754886656,脱离卡死
UI_OPTS_ACCOUNT_UPLOAD_LOGS_BTN,70352077099823104,上传日志
UI_OPTS_ACCOUNT_UPLOAD_LOGS_MESSAGE,70434643219771392,将游戏日志上传至 OMG 以供调试分析。
UI_OPTS_ACCOUNT_UPLOAD_LOGS_TITLE,70434641781125120,上传调试日志
UI_OPTS_ADVANCED_GROUP,70287955960197120,高级
UI_OPTS_AUDIO_DIALOGUE_VOL,70324071845261312,对话音量
UI_OPTS_AUDIO_DIALOGUE_VOL_MESSAGE,70415465322573824,调节游戏中画中画互动的语音音量。同时控制过场动画的对话音量。<br><br>按 [InputAction:UI/Interact] 播放测试音效
UI_OPTS_AUDIO_DIALOGUE_VOL_TITLE,70415464353689600,对话音量
UI_OPTS_AUDIO_ENEMIES_VOL,70324078786834432,敌人音量
UI_OPTS_AUDIO_ENEMIES_VOL_MESSAGE,70417417343266816,调节源自敌人的音效音量。<br><br>按 [InputAction:UI/Interact] 播放测试音效
UI_OPTS_AUDIO_ENEMIES_VOL_TITLE,70417416386965504,敌人音量
UI_OPTS_AUDIO_ENVIRONMENT_VOL,70324083664809984,环境音量
UI_OPTS_AUDIO_ENVIRONMENT_VOL_MESSAGE,70417712496439296,调节环境音效音量，如流水声、力场声以及各种“哔哔啵啵”的机械声。<br><br>按 [InputAction:UI/Interact] 播放测试音效
UI_OPTS_AUDIO_ENVIRONMENT_VOL_TITLE,70417711691132928,环境音量
UI_OPTS_AUDIO_MASTER_VOL,70324061531467776,主音量
UI_OPTS_AUDIO_MASTER_VOL_MESSAGE,70415212070498304,调节游戏全局总体音量。
UI_OPTS_AUDIO_MASTER_VOL_TITLE,70415210757681152,主音量
UI_OPTS_AUDIO_MUSIC_VOL,70324070058487808,音乐音量
UI_OPTS_AUDIO_MUSIC_VOL_MESSAGE,70415382266966016,调节背景音乐音量。
UI_OPTS_AUDIO_MUSIC_VOL_TITLE,70415381159669760,音乐音量
UI_OPTS_AUDIO_PLAYER_VOL,70324081903202304,角色音量
UI_OPTS_AUDIO_PLAYER_VOL_MESSAGE,70417544044802048,调节源自玩家角色的音效音量，包括换肉声和武器开火声等。<br><br>按 [InputAction:UI/Interact] 播放测试音效
UI_OPTS_AUDIO_PLAYER_VOL_TITLE,70417543201746944,角色音量
UI_OPTS_AUDIO_TAB,68549280075280384,音频
UI_OPTS_AUDIO_UI_VOL,70324085401251840,界面音量
UI_OPTS_AUDIO_UI_VOL_MESSAGE,70418003727937536,调节界面交互提示音及音效的音量。<br><br>按 [InputAction:UI/Interact] 播放测试音效
UI_OPTS_AUDIO_UI_VOL_TITLE,70418002318651392,界面音量
UI_OPTS_AUDIO_VOIP_CHAT_MODE,70324073653006336,语音模式
UI_OPTS_AUDIO_VOIP_CHAT_MODE_MESSAGE,70415803299590144,设置 [InputAction:Global/PushToTalk] 控制游戏内语音聊天的麦克风启用方式。<br><br><b>按键通话</b><br>说话时需按住 [InputAction:Global/PushToTalk]。<br><br><b>切换开关</b><br>按一下 [InputAction:Global/PushToTalk] 开启麦克风。麦克风将保持开启，直到再次按下 [InputAction:Global/PushToTalk] 关闭。<br><br><b>自由麦</b><br>无需按键，麦克风始终开启。
UI_OPTS_AUDIO_VOIP_CHAT_MODE_TITLE,70415802246819840,语音模式
UI_OPTS_AUDIO_VOIP_VOL,70324075414614016,语音音量
UI_OPTS_AUDIO_VOIP_VOL_MESSAGE,70417228972879872,调节游戏内语音聊天的总体音量。<br><br>按 [InputAction:UI/Interact] 播放测试音效
UI_OPTS_AUDIO_VOIP_VOL_TITLE,70417227920109568,语音音量
UI_OPTS_BACK_INPUT,68857711046881280,[InputAction:UI/Cancel] 返回
UI_OPTS_BLOCK_BTN,69867107889639424,屏蔽
UI_OPTS_BLOCK_PLAYER_MESSAGE,70418828219052032,- 屏蔽来自该玩家的游戏邀请<br>- 禁止该玩家加入或与您创建的游戏互动<br>- 若您加入的游戏中有该玩家，自动对其静音
UI_OPTS_BLOCK_PLAYER_TITLE,70418745436073984,屏蔽玩家
UI_OPTS_BUILD_INFO,71065577514266624,平台：{PlatformName}    |    版本：{BuildId} |    协议哈希：{ProtocolHash}
UI_OPTS_BUTTON_LAYOUT_TITLE,70422436385845248,按键布局
UI_OPTS_BUTTONBINDINGS_GROUP,70738650857402368,按键绑定
UI_OPTS_CONTROLLER_TAB,68549200207343616,控制器
UI_OPTS_DEBUG_TAB,78987062803361792,调试
UI_OPTS_DEFAULT_HELP_MESSAGE,70399200684077056,帮助文本未实装
UI_OPTS_DEFAULT_HELP_TITLE,70399197446074368,帮助标题未实装
UI_OPTS_EXIT,67081951311228928,退出游戏
UI_OPTS_FX_GROUP,70324077025226752,特效
UI_OPTS_GAMEPAD_AIM_ASSIST_STRENGTH,70282068478586880,辅助瞄准强度
UI_OPTS_GAMEPAD_AIM_ASSIST_STRENGTH_HELP_MESSAGE,70414381661220864,调节辅助瞄准系统将准星吸附至最近目标的力度。<br><br>生效时机：a) 按住扳机控制后坐力时；b) 轻扣扳机时。<br><br>数值越高，锁定目标的速度越快。
UI_OPTS_GAMEPAD_AIM_ASSIST_STRENGTH_HELP_TITLE,70414380562313216,辅助瞄准强度
UI_OPTS_GAMEPAD_AIM_SENSITIVITY,70282066817642496,瞄准灵敏度
UI_OPTS_GAMEPAD_AIM_SENSITIVITY_HELP_MESSAGE,70414082783506432,按住扳机射击时的手柄视角灵敏度倍率。<br><br>若希望在射击时降低灵敏度以获得更精准的瞄准控制，请调低此值。
UI_OPTS_GAMEPAD_AIM_SENSITIVITY_HELP_TITLE,70414081336471552,瞄准灵敏度
UI_OPTS_GAMEPAD_INVERT_LOOK,70282043379871744,反转 Y 轴 (视角)
UI_OPTS_GAMEPAD_INVERT_LOOK_HELP_MESSAGE,70412802040197120,开启/关闭手柄的视角反转功能。<br><br>开启后，向上推摇杆时角色将向下看。
UI_OPTS_GAMEPAD_INVERT_LOOK_HELP_TITLE,70412800836431872,反转 Y 轴 (手柄)
UI_OPTS_GAMEPAD_INVERT_MOVE,70282061679620096,反转 Y 轴 (移动)
UI_OPTS_GAMEPAD_INVERT_MOVE_HELP_MESSAGE,70412958634536960,开启/关闭手柄的移动反转功能。<br><br>反转角色的前/后移动方向。<br><br>极少使用，但在某些旧款手柄上可能有用。
UI_OPTS_GAMEPAD_INVERT_MOVE_HELP_TITLE,70412957338497024,反转移动轴 (手柄)
UI_OPTS_GAMEPAD_LOOK_SPEED_X,70282063558668288,手柄水平视角速度
UI_OPTS_GAMEPAD_LOOK_SPEED_X_HELP_MESSAGE,70413633917480960,手柄在水平方向上的视角灵敏度。
UI_OPTS_GAMEPAD_LOOK_SPEED_X_HELP_TITLE,70413632646606848,手柄水平视角速度
UI_OPTS_GAMEPAD_LOOK_SPEED_Y,70282065131532288,手柄垂直视角速度
UI_OPTS_GAMEPAD_LOOK_SPEED_Y_HELP_MESSAGE,70413813823762432,手柄在垂直方向上的视角灵敏度。
UI_OPTS_GAMEPAD_LOOK_SPEED_Y_HELP_TITLE,70413812913598464,手柄垂直视角速度
UI_OPTS_GAMEPLAY_TAB,68549116929437696,游戏玩法
UI_OPTS_GENERAL_GROUP,70287948653719552,常规
UI_OPTS_GENERAL_TAB,75389016626622464,常规
UI_OPTS_INPUT_GROUP,70279105097953280,输入
UI_OPTS_INVITE_PLAYERS_BTN,70418305227091968,邀请玩家
UI_OPTS_KEYBIND_BINDING,70421327982292992,绑定：{BindingName}
UI_OPTS_KEYBIND_CANCEL_PROMPT,70421608761585664,按 [InputAction:UI/Cancel] 取消
UI_OPTS_KEYBIND_ERROR_CANCEL,70422066154631168,取消
UI_OPTS_KEYBIND_ERROR_CONFIRM,70422064200085504,确认
UI_OPTS_KEYBIND_ERROR_MSG,70421794263068672,这将解绑另一操作：<br>{OtherActionName}<br>您确定要继续吗？
UI_OPTS_KEYBIND_ERROR_TITLE,70421791478050816,按键已绑定
UI_OPTS_KEYBIND_GROUP_COMMUNICATION,70420944467718144,通讯
UI_OPTS_KEYBIND_GROUP_MISC,70420950109057024,杂项
UI_OPTS_KEYBIND_GROUP_MOVEMENT,70420842411913216,移动
UI_OPTS_KEYBIND_GROUP_WEAPONS,70420902256242688,武器与技能
UI_OPTS_KEYBIND_PROMPT,70421315709759488,按任意键
UI_OPTS_KEYBIND_PROMPT_GAMEPAD,70422265480540160,按任意按钮
UI_OPTS_KEYBINDS_GROUP,70738498176348160,按键绑定
UI_OPTS_KEYBOARD_TAB,68549159149301760,键盘
UI_OPTS_KICK_BTN,69867067745955840,踢出
UI_OPTS_KICK_PLAYER_MESSAGE,70418717061607424,- 将玩家踢出当前游戏<br>- 玩家可尝试从主菜单重新加入
UI_OPTS_KICK_PLAYER_TITLE,70418437070843904,踢出玩家
UI_OPTS_LAST_SAVE_TXT,68548738615799808,上次保存：<br>{0:timespan(less|minute)} 前<br><br>{Tag}
UI_OPTS_LOC_GROUP,75400145952239616,本地化
UI_OPTS_LOCALE,75400155171319808,语言
UI_OPTS_LOCALE_HELP_MESSAGE,75399913063510016,选择游戏文本的显示语言。
UI_OPTS_LOCALE_HELP_TITLE,75399909397688320,语言
UI_OPTS_LOG_UPLOAD_COMPLETE_MSG,71062034984136704,您的调试日志已上传至 OMG。<br>感谢您的反馈！
UI_OPTS_LOG_UPLOAD_COMPLETE_TITLE,71062033079922688,日志上传完成
UI_OPTS_MOUSE_INVERT_Y,70272412423221248,反转 Y 轴
UI_OPTS_MOUSE_INVERT_Y_HELP_MESSAGE,70412173477605376,开启/关闭鼠标的视角反转功能。<br><br>开启后，向上移动鼠标时角色将向下看。
UI_OPTS_MOUSE_INVERT_Y_HELP_TITLE,70412171606945792,反转 Y 轴 (鼠标)
UI_OPTS_MOUSE_SPEED_X,70272546573840384,鼠标水平视角速度
UI_OPTS_MOUSE_SPEED_X_HELP_MESSAGE,70412460183449600,鼠标在水平方向上的视角灵敏度。
UI_OPTS_MOUSE_SPEED_X_HELP_TITLE,70412458447007744,鼠标水平视角速度
UI_OPTS_MOUSE_SPEED_Y,70272548553551872,鼠标垂直视角速度
UI_OPTS_MOUSE_SPEED_Y_HELP_MESSAGE,70412693684547584,鼠标在垂直方向上的视角灵敏度。
UI_OPTS_MOUSE_SPEED_Y_HELP_TITLE,70412692216541184,鼠标垂直视角速度
UI_OPTS_MULTIPLAYER,67081471604486144,多人游戏
UI_OPTS_MULTIPLAYER_TITLE,69893490762248192,多人游戏
UI_OPTS_MUTE_BTN,69867030940938240,静音
UI_OPTS_OPTIONS,67081590919852032,设置
UI_OPTS_QUIT_TO_MAINMENU,67081878519083008,返回主菜单
UI_OPTS_RANGUS_TITLE,68857709201387520,兰格斯菜单
UI_OPTS_RESET_DEFAULT_CANCEL,70371653040664576,取消
UI_OPTS_RESET_DEFAULT_CONFIRM,70371646627573760,是
UI_OPTS_RESET_DEFAULT_MSG,70371438707535872,您确定要恢复默认设置吗？
UI_OPTS_RESET_DEFAULT_TITLE,70371436950122496,恢复默认设置？
UI_OPTS_RESTORE_DEFAULTS_BTN,70244262565834752,恢复默认设置
UI_OPTS_RETURN_MOTHERSHIP,67081787087450112,放弃本局游戏
UI_OPTS_SAVE_APPLY,71090571845758976,[InputAction:UI/Submit] 应用
UI_OPTS_SELECT_INPUT,68857825807233024,[InputAction:UI/Submit] 选择
UI_OPTS_TAB_LEFT,68548893402394624,[InputAction:UI/PreviousTab]
UI_OPTS_TAB_RIGHT,68549357606989824,[InputAction:UI/NextTab]
UI_OPTS_UNMUTE_BTN,69869271953371136,取消静音
UI_OPTS_VIDEO_QUALITY,70287954148257792,画质
UI_OPTS_VIDEO_QUALITY_MESSAGE,70411523725389824,游戏整体画面质量等级。范围 0-5，数值越高细节越丰富。<br><br>该选项会影响抗锯齿、纹理尺寸、细节层次 (LOD) 距离等底层参数。
UI_OPTS_VIDEO_QUALITY_TITLE,70411522215440384,画质等级
UI_OPTS_VIDEO_RESOLUTION,70318948783943680,分辨率
UI_OPTS_VIDEO_RESOLUTION_MESSAGE,70399271093858304,游戏画面的宽度、高度及刷新率。<br><br>仅在全屏或窗口模式下可用。
UI_OPTS_VIDEO_RESOLUTION_TITLE,70399256933888000,屏幕分辨率
UI_OPTS_VIDEO_TAB,68549243832299520,视频
UI_OPTS_VIDEO_WINDOW_MODE,70287952470536192,显示模式
UI_OPTS_VIDEO_WINDOW_MODE_MESSAGE,70399243101073408,<b>全屏</b><br>游戏引擎独占全屏访问权限。<br><br><b>无边框窗口</b><br>设置为屏幕原生分辨率的无边框窗口。<br><br><b>窗口模式</b><br>可自由调整大小的游戏窗口，支持系统原生的最小化/最大化/缩放控件。
UI_OPTS_VIDEO_WINDOW_MODE_TITLE,70399203120967680,显示模式
UI_REQUIREMENT_CARLQUEST_FMT,74971176676352000,完成任务：{quest}
UI_REQUIREMENT_CAUGHTFISH,75676451393757184,捕获 {count} 条鱼
UI_REQUIREMENT_CURRENCY,73516433013727232,拥有 {amount}{currency}
UI_REQUIREMENT_EMPLOYEERANK_FMT,52949564150243328,员工等级 {rank}
UI_REQUIREMENT_LIFETIME_CURRENCY,81905411479822336,赚取 {currency}
UI_REQUIREMENT_LIFETIME_FISH,81905413581168640,捕获 {currency}
UI_REQUIREMENT_LIFETIME_MATERIALS,81909229068214272,采集 {currency}
UI_REQUIREMENT_NONE,52948800652697600,无要求
UI_REQUIREMENT_PLANET_FMT,52949486878580736,通关 {planet}
UI_REQUIREMENT_PROGRESS_FMT,75687597366566912,<color=#{color}>{count}</color>/{total}
UI_REQUIREMENT_PROGRESSFLAG_FMT,52948896446406656,需达成 {flag}
UI_REQUIREMENT_SMARTMEAT_RANK,75676449292410880,将智能肉升级至等级 {rank}
UI_REQUIREMENT_SOLARSYSTEM_FMT,52949170154102784,在{difficulty}{ascension:cond:>0? A{}|}难度下通关 {system}
UI_REQUIREMENT_STAT_MEATSWAPPED_FMT,52949168367329280,换肉 {count:plural:{} 次|{} 次}
UI_REQUIREMENT_STAT_NONABANDONEDRUNS_FMT,88708929729585152,完成 {count} 局游戏
UI_REQUIREMENT_STAT_PLANETSCOMPLETED_FMT,52949166408589312,撤离 {count:plural:{} 颗星球|{} 颗星球}
UI_REQUIREMENT_STAT_PLANETSVISITED_FMT,52949169457848320,造访 {count:plural:{} 颗星球|{} 颗星球}
UI_REQUIREMENT_STAT_RUNSFAILED_FMT,52949023231827968,失败 {count:plural:{} 局游戏|{} 局游戏}
UI_REQUIREMENT_UNLOCK_ARTIFACT,73516434381070336,解锁 {Count} 个终极{Count:plural:能力|能力}
UI_REQUIREMENT_UNLOCK_FLAIR,73516449342152704,解锁 {Count}{Count:plural:件|件} 装扮
UI_REQUIREMENT_UNLOCK_WEAPON,73516435505143808,解锁 {Count:plural:{} 件武器|{} 件武器}
UI_REQUIREMENT_WEAPONRANK_ANY,73516429897359360,将任意武器升级至等级 {rank}
UI_REQUIREMENT_WEAPONRANK_SPECIFIC,73516431621218304,升级 {family} 至等级 {rank}
UI_REQUIREMENT_WEAPONSTAT_OBJECTIVES_FMT,52949730919964672,使用 {family} 完成 {count} 个首要{count:plural:目标|目标}
UI_REQUIREMENTS,58737776349143040,要求：
UI_RESPAWN_HUNTER_COST_FMT,71029344326115328,[计时器重生：{CostSeconds} 秒]
UI_RUNINFO_DIFFICULTY_TITLE,89147099684265984,难度：
UI_RUNINFO_MODE_TITLE,89160478117322752,隐私设置：
UI_RUNINFO_PLANET_FMT,89160784477675520,>星球 {current}/{total}：{planet}
UI_RUNINFO_SYSTEM_TITLE,89160599483703296,星系：
UI_SAVEMGMT_BIRTHDAYS_DATA,76458893697282048,{BirthdayCount}
UI_SAVEMGMT_BIRTHDAYS_HEADER,76458631045771264,生日：
UI_SAVEMGMT_CAMPAIGN_PROGRESS_DATA,76459164905172992,星系 {CurrentSystem}/{SystemCount}<br>{CurrentSystemName} //{CurentPlanetName}
UI_SAVEMGMT_CAMPAIGN_PROGRESS_HEADER,76458491664855040,战役进度：
UI_SAVEMGMT_CARLCOIN_COUNT,76457673867849728,{CarlCoinCount}
UI_SAVEMGMT_COMPLETION_LONG,76458159945740288,完成度：{CompletionPercent}%
UI_SAVEMGMT_COMPLETION_SHORT,76455871910965248,{CompletionPercent}%
UI_SAVEMGMT_CREATE_EMPLOYEE_BTN,76458001149390848,+ 创建新员工
UI_SAVEMGMT_CURRENT_LOCATION_HEADER,76458409695571968,当前位置：
UI_SAVEMGMT_DATAPOINT_COUNT,76457671896526848,{DataPointCount}
UI_SAVEMGMT_DELETE_SAVE_BTN,76458682354692096,[InputAction:UI/Revert] 删除存档
UI_SAVEMGMT_DIFFICULTY_LONG,77171850999689216,难度：{Difficulty}
UI_SAVEMGMT_DIFFICULTY_SHORT,77171691624525824,{Difficulty}{Ascension:cond:>0? A{}|}
UI_SAVEMGMT_DIFFICULTY_TITLE,77174107421995008,难度：
UI_SAVEMGMT_EMPLOYEE_NAME,76455159420350464,员工 {EmployeeNumber}
UI_SAVEMGMT_GLIZZY_COUNT,76457598835945472,{GlizzyCount}
UI_SAVEMGMT_MSGBOX_CONFIRM,76459568292360192,删除存档
UI_SAVEMGMT_MSGBOX_CREATE_SAVE_MSG,77599484736892928,创建兰格斯员工 {EmployeeNumber}
UI_SAVEMGMT_MSGBOX_CREATE_SAVE_TITLE,77599481565999104,招聘新员工？
UI_SAVEMGMT_MSGBOX_DELETE_SAVE_MSG,76459477468901376,您确定要删除员工 {EmployeeNumber} 的存档文件吗？<br>此操作无法撤销。
UI_SAVEMGMT_MSGBOX_DELETE_SAVE_TITLE,76459424876523520,删除存档？
UI_SAVEMGMT_MSGBOX_LOAD_SAVE_MSG,77150388238610432,您确定要读取员工 {EmployeeNumber} 的存档吗？
UI_SAVEMGMT_MSGBOX_LOAD_SAVE_TITLE,77150385709445120,切换员工？
UI_SAVEMGMT_NO_VALID_SAVES_MSG,77599802421866496,没有有效存档。系统将自动为您创建一个新员工。
UI_SAVEMGMT_NO_VALID_SAVES_TITLE,77599796109438976,没有有效员工档案
UI_SAVEMGMT_PLAYTIME_LONG,76458052697387008,游戏时长：{Days:D2}:{Hours:D2}:{Minutes:D2}
UI_SAVEMGMT_PLAYTIME_SHORT,76456085350707200,{Days:D2}:{Hours:D2}:{Minutes:D2}
UI_SAVEMGMT_SAVE_BTN_DETAIL,76457884715511808,更换
UI_SAVEMGMT_SAVE_BTN_TITLE,76457842160103424,存档文件
UI_SAVEMGMT_SAVE_DETAIL_TITLE,76458374538915840,存档详情
UI_SAVEMGMT_SYSTEM_STATUS_SHORT,76455956396830720,星系 {CurrentSystem}/{SystemCount}
UI_SAVEMGMT_TITLE_BAR,76459334883536896,读取存档
UI_SMARTMEAT_NAME,71029965485760512,智能肉
UI_TAG_EQUIPPED,63534599735599104,已装备
UI_TERMINAL_EXIT,53935205264646144,退出终端
UI_TERMINAL_SMARTMEAT_TITLE,61538986663862272,员工福利终端
UI_TERMINAL_WEAPONS_BACK,53934967472775168,返回武器选择
UI_TERMINAL_WEAPONS_TITLE,53934907058020352,武器终端
UI_TRAVEL_LOBBY,71871682891997184,返回至
UI_TRAVEL_PLANET,71871685479882752,下一个星球
UI_TUTORIALPOPUP_CONFIRM,86931484559007744,知道了！
UI_TUTORIALPOPUP_NEXT,86931490321981440,下一页
UI_TUTORIALPOPUP_PAGE_FMT,86949908160962560,{Current}/{Total}
UI_UGPRADEGRID_SMARTMEAT_SUBCATEGORY,61538997678104576,你就是终极武器
UI_UPGRADEGRID_ACTIVE,78691822283513856,已激活
UI_UPGRADEGRID_BLOCKED_DESC,54322889858473984,解锁相邻方格以揭示挑战
UI_UPGRADEGRID_CHALLENGE_TITLE,54322765962928128,挑战
UI_UPGRADEGRID_COST_FMT,54269938343337984,消耗：<b>{points}</b> 点数
UI_UPGRADEGRID_DESC,61619816316788736,提升等级以获取升级点数。
UI_UPGRADEGRID_MAXDEMORANK,63774850287595520,试玩版等级上限
UI_UPGRADEGRID_MAXRANK,54247495897702400,最高等级
UI_UPGRADEGRID_POINTS_AVAIL,53958569882542080,可用点数：
UI_UPGRADEGRID_PROGRESSCOUNT_FMT,59426037270831104,{current}/{total}
UI_UPGRADEGRID_RANK_UP,53960174602280960,等级提升
UI_UPGRADEGRID_SMARTMEAT,61538996168155136,智能肉
UI_UPGRADEGRID_UNLOCK,54247498640777216,解锁
UI_UPGRADEGRID_UNLOCKS_TITLE,54323001598926848,解锁：
UI_UPGRADEGRID_WEAPONS,53981706342883328,武器等级
UI_UPGRADEGRID_WEAPONS_BACK,63713969943076864,返回查看武器
UI_WEAPON_CRIT_CHANCE_TITLE,63446363281547264,暴击
UI_WEAPON_MAGAZINE_TITLE,63446478268391424,弹匣容量
UI_WEAPON_RANGE_FMT,63445941418450944,{Range:0.0} 米
UI_WEAPON_RANGE_TITLE,63445794089328640,射程
UI_WEAPON_RATE_TITLE,63445951468003328,速度
UI_WEAPONINSPECT_BASEDAMGE_FMT,63374233634332672,基础伤害：{MinDamage} - {MaxDamage}{ProjectileCount:| x{}}
UI_WEAPONINSPECT_RELOAD_BONUS,63529341047267328,装填奖励：
UI_WEAPONINSPECT_TEST_WEAPON,63534728131633152,靶场测试
UI_WEAPONINSPECT_UNLOCK,63351818913046528,解锁
UI_WEAPONINSPECT_UNLOCK_DESC,63364702686666752,要提升武器等级必须先解锁武器。
UI_WEAPONINSPECT_UPGRADE_DESC,63364711805083648,完成挑战以解锁武器升级。<br>提升等级以获取升级点数用于游戏内消费。
UI_WEAPONINSPECT_UPGRADES,63351863464943616,等级强化
UI_WEAPONTERMINAL_INSPECT,56189457739538432,查看武器
WEAPON_CRIT_CHANCE_FMT,58682730970341376,{CritChance:percent()}% / x{Damage:0.00} 伤害
WEAPON_DAMAGE_FMT,58681057103306752,伤害：{MinDamage} - {MaxDamage}{ProjectileCount:| x{}}{DamageType: ({})|}
WEAPON_EXPOSIVE_RADIUS_FMT,58683047074062336,爆炸半径：{Radius} 米
WEAPON_HEAL_FMT,58683397642379264,治疗量：{HealBase}
WEAPON_HEAL_RADIUS_FMT,58683398825172992,治疗半径：{Radius}
WEAPON_MAGAZINE_FMT,63446480793362432,{MaxCount}
WEAPON_RATE_FMT,58682157948723200,{ShotsPerSecond:0.00} 发/秒
WEAPON_SWITCH_CHARGED,37939439253577728,已充能
WISHLIST_ON_STEAM,45665676281503744,加入<br><b>Steam 愿望单</b>
UI_CODEX_VIEW_FULL_FILE,98555893498441728,按 [InputAction:UI/Interact] 查看完整档案
UI_SMART_GLASS_ASSENTION_FMT,99191309422551040,A{rank}
UI_SMART_GLASS_SYSTEM_HEADER_FMT,99191769298624512,星系 {num}：
UI_CODEX_EXIT_TERMINAL,94230730657165312,退出终端
UI_CODEX_FAQ_TAB,96055162325364736,常见问题
UI_CODEX_ITEMS_RESOURCES_TAB,96055160647643136,物品与资源
UI_CODEX_MEAT_PARTS_TAB,96055158953144320,肉体部件
UI_CODEX_RANGUS_FILES_TAB,96055117706358784,兰格斯档案
UI_CODEX_TITLE_BAR,94228823121260544,图鉴
UI_RUNINFO_MODE_CLIENT,89516919760084992,客户端
UI_RUNINFO_PROGRESS_FMT,91309503138488320,{current}/{total}
UI_COMMON_CANCEL_BINDING,99596914248314880,[InputAction:UI/Cancel]
UI_BOSS_HEALTHBAR_ALIVE,106887418227974144,{current}/{max}{invulnerable: --invulnerable--|}
UI_TRADER_CURRENCY_COUNT_ONLY,107212082384986112,{count}
UI_TRADER_CURRENCY_COUNT_WITH_NAME,107212080807927808,{count} {name}{count:|s}
UI_LOADOUT_PLANET_INDEX,107215447810629632,星球 {index}
UI_LOBBY_LAUNCH_FMT,107300806561095680,将于 {seconds} 秒后发射...
UI_SKIP_BUTTON_COUNT_FMT,109114325996658688,{Current}/{Required}
UI_RANGUSTERMINAL_DIFFICULTY,109737168404996096,{Difficulty}{Ascension:cond:>0? A{}|}
MINION_COUNT_FMT,114031240531664896,{CurrentCount}/{MaxCount} {MinionName}
UI_INSPECT_STATS_VALUE,114477960383098880,{currentVal:0.##}
UI_INSPECT_ULTIMATE_ABILITY_BIND,114490554758131712,[InputAction:Gameplay/ArtifactAbility]
UI_INSPECT_TORSO_ABILITY_BIND,114490551952142336,[InputAction:Gameplay/TorsoAbility]
UI_INSPECT_LEGS_ABILITY_BIND,114490549532028928,[InputAction:Gameplay/LegsAbility]
UI_INSPECT_HEAD_ABILITY_BIND,114490544754716672,[InputAction:Gameplay/HeadAbility]
UI_FLAIR_SLOT_FMT,114059281903378432,装扮 {slot}
UI_INTERACTION_ARTIFACT_CHEST_TEXT,114805155298271232,拾取
UI_INSPECT_PASSIVE_DETAIL,116378994684653568,被动：{PassiveDetails}
UI_INSPECT_WEAPON_DAMAGE_BASE,116695500194770944,{Min} - {Max}
UI_INSPECT_SINGLE_BONUS_FMT,116695504263245824,{Bonus:0.00}
UI_INSPECT_TWO_BONUS_FMT,116695511330648064,{Bonus1:0.00}%/{Bonus2:0.00}
UI_INSPECT_WEAPON_RANGE_BASE,116695512668631040,{Range} 米
UI_INSPECT_WEAPON_RATE_BASE,116695514245689344,{ShotsPerSecond:0.00} 发/秒
UI_INSPECT_WEAPON_CRIT_BASE,116695515885662208,{CritChance:0.00}% / x{Damage:0.00} 伤害
UI_INSPECT_WEAPON_STAGGER_CHANCE,116705071831379968,命中时有 {StaggerChancePct} 几率使对手踉跄
ARTIFACT_TOOLTIP_TITLE,116738349727735808,神秘肉
UI_INSPECT_DURABILITY_VAL,116767905265152000,{DurabilityPct}%
UI_INSPECT_ABILITY_COOLDOWN,116778133167730688,冷却时间：{CooldownVal} 秒
UI_HEALTHBAR_CURRENT_FMT,118824193619910656,{current:cond:>0?{}|{deadString}}
UI_MULTIPLAYER_PLAYER_FMT,118839206027976704,玩家：{name} ({status})
UI_MULTIPLAYER_OBSERVER_FMT,118840737917820928,观战：{name}
UI_REWARD_WEAPON,119210461054885888,+ 解锁武器：{name}
UI_REWARD_PROGRESS_FLAG,119210458588635136,+ {name}
UI_REWARD_CURRENCY,119210456084635648,"+ <sprite name=""{icon}""> {count} {name}"
UI_TRADER_CURRENCY_COUNT_AND_QUANTITY,119577683216556032,{count} ({HaveQuantity})
SHRINE_REWARD_ANNOUNCEMENT_ITEM_FOR_PLANET,121420383809167360,<color={RewardColor}>{ItemDescription}</color>，持续至本星球结束
UI_UPGRADEGRID_REFUND_FMT,121792385816453120,按 [InputAction:UI/Submit] 返还点数 ({points})
SHRINE_REWARD_LIST,124328309829918720,{rewards:list:|<br>}
SHRINE_REWARD_ANNOUNCEMENT_ITEM_SECONDS,124636897391665152,<color={RewardColor}>{ItemDescription}</color>，持续 {Seconds} 秒
SHRINE_REWARD_ANNOUNCEMENT_CURRENCY,124707854831575040,获得 <color={RewardColor}>{Amount} {CurrencyName}{Amount:|s}</color>
SHRINE_REWARD_ANNOUNCEMENT_HUNTER_TIMER_SECONDS,124705097009586176,猎人提前来袭 <color={RewardColor}>{Seconds} 秒</color>
SHRINE_REWARD_ANNOUNCEMENT_ITEM_REMOVED,124941545432408064,<color={RewardColor}>已从物品栏移除一件随机物品</color>
SHRINE_REWARD_ANNOUNCEMENT_ITEM_PERMANENT,124968189224280064,<color={RewardColor}>{ItemDescription}</color>
UI_CURRENCY_COST,124979449743532032,<color=#{costColor}>{cost}</color> {currency} ({have})
UI_REQUIREMENT_LIFETIME_SHRINES_COMPLETED_TOTAL,126780333691494400,已完成 {Count} 个圣坛事件
UI_REQUIREMENT_LIFETIME_SHRINES_COMPLETED_UNIQUE,126780373466079232,已完成 {Count} 个{Type}圣坛事件
CURRENCY_CHANGE_POSITIVE_FMT,127527940227325952,+{Count}
CURRENCY_CHANGE_NEGATIVE_FMT,127527981511860224,-{Count}
CURRENCY_TRADER_HEADER_QUANTITY,119475354060447744,数量
CURRENCY_TRADER_HEADER_TOTAL_COST,119475407915311104,总消耗
CURRENCY_TRADER_HEADER_TOTAL_EARNINGS,119582439590846464,总收益
CURRENCY_TRADER_QUANTITY_MAX,119524614583869440,最大
CURRENCY_TRADER_QUANTITY_MIN,119524518509142016,最小
CURRENCY_TRADER_TAB_BUY,118945952767664128,购买
CURRENCY_TRADER_TAB_SELL,118945985441292288,出售
EVENT_HEADER_DESTINATION,99368552669110272,目的地
EVENT_HEADER_LOBBY_SYSTEM_TITLE_FMT,99368598223446016,星系 {Num}：{SystemName}
EVENT_OBJECTIVE_LOBBY_PLANETS_COMPLETED_FMT,99368869179678720,{Completed}/{ToComplete} 个星球已完成
HARVESTER_BOLT_BURGER_ANNOUNCEMENT,121386134288719872,电光飞堡即将抵达！
HARVESTER_CORE_EXPOSED_ANNOUNCEMENT,121364263652548608,收割者核心已被突破！
LOADOUT_SELECTION_LOCKED_MESSAGE,99312892363399168,**开局后无法更换武器**
LOCKED_DIFFICULTY_DESCRIPTION,99261101428957184,开局后无法更改难度。
MESSAGE_BOX_TITLE_QUEST_RESOURCE,120315727867535360,任务资源
MESSAGE_BOX_INCOMPLETE_LOADOUT_TITLE,106487339029618688,空的配装槽位
MESSAGE_BOX_MESSAGE_QUEST_RESOURCE,120315782422847488,当前任务需要此物品。<br>确定要卖掉它吗？
MESSAGE_BOX_MISSING_FLAIR_MESSAGE,106487341151936512,还有空的装扮槽位，确定要继续吗？
MESSAGE_BOX_MISSING_MULTIPLE_MESSAGE,106487707394367488,还有空的装扮槽位和终极技能槽位，确定要继续吗？
MINION_TYPE_LARGE,114031893689655296,大型小兵
MINION_TYPE_MEDIUM,114031848902877184,中型小兵
MINION_TYPE_SMALL,114031782632873984,小型小兵
PLAYER_DISCONNECTED_BANNER,111602280011128832,已断开连接
PLAYER_JOINED_GAME_BANNER,111593060477952000,已加入游戏！
RUN_IN_PROGRESS_BANNER,99252636694339584,对局进行中
TRADER_TERMINAL_ACTION_UNAVAILABLE_NO_SPACE,122837464526086144,已达到货币上限
UI_BOLTBUGER_READY,107296736416882688,已准备
UI_BOLTBUGER_UNREADY,107296734231650304,未准备
UI_BOLTBURGER_DESC,107295177230508032,更改配装并开始对局
UI_BOLTBURGER_REVERT_CHANGES,107296001297997824,还原更改
UI_BOLTBURGER_SELECT_PRIMARY,114874435154993152,选择主武器
UI_BOLTBURGER_SELECT_SECONDARY,114874437474443264,选择副武器
UI_BOSS_HEALTHBAR_DEFEATED,106887389748649984,战败
UI_BOSS_HEALTHBAR_FRANKENBEANS_ENRAGED,106898677560238080,愤怒
UI_BOSS_HEALTHBAR_FRANKENBEANS_STUNNED,106898673873444864,眩晕
UI_BOSS_HEALTHBAR_FRANKENBEANS_VULNERABLE,106898679623835648,易伤
UI_BOSS_HEALTHBAR_MUTANT_PINHIM,106898681771319296,压制住他！
UI_CINEMATIC_SKIP_FMT,107277861499428864,长按 {Button} 跳过
UI_CODEX_ABILITY,97612639328202752,技能
UI_CODEX_ARTIFACTS_TITLE,117343438825840640,终极能力
UI_CODEX_CHAINSAWING_TITLE,97078979487264768,链锯切割
UI_CODEX_CLOSE_BTN,98649606463614976,关闭
UI_CODEX_CURRENCY_TITLE,97079007689764864,货币
UI_CODEX_EFFECTS,97578193359138816,效果
UI_CODEX_FAQ_TITLE,97079108843794432,常见问题 (教程)
UI_CODEX_FISHING_TITLE,97078902005886976,捕鱼
UI_CODEX_HEADS_TITLE,97078659881299968,头
UI_CODEX_ITEMS_TITLE,97078839842107392,物品
UI_CODEX_LEGS_TITLE,97078776701054976,腿
UI_CODEX_MINING_TITLE,97078943839875072,采矿
UI_CODEX_MISCELLANEOUS_TITLE,97079047565012992,其他
UI_CODEX_TORSOS_TITLE,97078734208561152,躯干
UI_FLAIR_EQUIP,114460600094941184,装备装扮
UI_FLAIRTERMINAL_MAXRANK,124021102433263616,最高等级
UI_FLAIRTERMINAL_NEXT_RANK,125050191940149248,下一等级
UI_FLAIRTERMINAL_TITLE,124008353355522048,装扮：
UI_FLAIRTERMINAL_UNLOCK,124021058997051392,随机购买
UI_FLAIRTERMINAL_UPGRADE,126464563497394176,升级
UI_HEALTHBAR_DEAD,118818718572601344,死亡
UI_HEALTHBAR_DEFEATED,118818721361813504,战败
UI_HEALTHBAR_DESTROYED,118818725145075712,被毁
UI_HEALTHBAR_SLOWED,118818723131809792,减速
UI_INSPECT_ABILITYDMG_STAT,114482030208544768,技能伤害
UI_INSPECT_ANCIENT_TECH_CATEGORY,114512142534635520,古代科技
UI_INSPECT_ANCIENT_TECH_REQUIREMENTS,114514052285132800,需要链锯切割许可证
UI_INSPECT_FISH_CATEGORY,114512145520979968,鱼
UI_INSPECT_FISH_REQUIREMENTS,114514054252261376,需要捕鱼许可证
UI_INSPECT_FLAIR_SUBTITLE,114482711002804224,装扮
UI_INSPECT_HEALTH_STAT,119964566292459520,生命值
UI_INSPECT_INSPECT_TAB,114475370446516224,查看
UI_INSPECT_ITEMS_SUBTITLE,114516146895384576,物品
UI_INSPECT_ITEMS_TAB,114475474943406080,物品
UI_INSPECT_LUCK_STAT,114481908443705344,幸运值
UI_INSPECT_MEAT_TAB,114475404315521024,肉
UI_INSPECT_MEATDURABILITY_STAT,114482023036284928,肉耐久度
UI_INSPECT_MELEE_WEAPON,114492699859415040,近战
UI_INSPECT_MELEEDMG_STAT,114482025334763520,近战伤害
UI_INSPECT_MINERALS_CATEGORY,114512139007225856,矿物
UI_INSPECT_MINERALS_REQUIREMENTS,114514049730801664,需要采矿许可证
UI_INSPECT_MOVESPEED_STAT,114482017218785280,移动速度
UI_INSPECT_NO_FLAIR_MSG,119689766609285120,我看你这身上明显装扮不够
UI_INSPECT_NO_FLAIR_TITLE,119689764675710976,空
UI_INSPECT_NO_MUTATION_SELECTED,114488744207118336,未选择变异体
UI_INSPECT_PRIMARY_WEAPON,114492653919203328,主武器
UI_INSPECT_RESOURCES_TAB,114475499987595264,资源
UI_INSPECT_SECONDARY_WEAPON,114492696814350336,副武器
UI_INSPECT_STATS_SUBTITLE,114477124743524352,属性
UI_INSPECT_TOOL_CHAINSAW,114511098043887616,链锯
UI_INSPECT_TOOL_FISHINGROD,114511098949857280,钓竿
UI_INSPECT_TOOL_PICKAXE,114511065781301248,镐头
UI_INSPECT_TOOLS_TAB,114510960764317696,工具
UI_INSPECT_WEAPON_BONUS_HELP,120347674015625216,武器等级与升级加成
UI_INSPECT_WEAPONS_TAB,114475433012948992,武器
UI_INTERACTION_ARTIFACT_CHEST_NAME,114805101426630656,神秘肉
UI_LABEL_COMING_SOON,107282489863561216,即将推出！
UI_LEVELUP_TEXT,107284333193060352,升级！
UI_LOADOUT_INVITE,107300099988643840,邀请加入游戏
UI_LOADOUT_PLANET_DROP_ZONE,107215449786146816,空投区
UI_LOADOUT_SELECT_FLAIR,113831482676469760,选择装扮
UI_LOADOUT_SELECT_WEAPON,113831348626513920,选择武器
UI_LOADOUT_SOLAR_SYTEM_NO_SELECTION,107214113107599360,未选择太阳星系
UI_LOADOUT_SOLAR_SYTEM_TITLE,107214111144665088,太阳星系：
UI_MEATLOCKER_BOBBLES,118868896717463552,天线摇头娃娃
UI_MEATLOCKER_HEADS,118868894116995072,头
UI_MEATLOCKER_MELEE,118868898902695936,近战
UI_MESSAGE_BOX_ABANDON_RUN_MESSAGE,99213506199412736,你当前正处于对局中。切换当前星系将放弃本局游戏。确定要继续吗？
UI_MULTIPLAYER_PLAYER_LABEL_CONNECTED,118863542965231616,已连接
UI_MULTIPLAYER_PLAYER_LABEL_DISCONNECTED,118839841028825088,已断开连接
UI_MULTIPLAYER_PLAYER_LABEL_RESERVED,118839838944256000,已预留
UI_OPTS_VIDEO_AA,125319516908351488,MSAA
UI_OPTS_VIDEO_AA_MESSAGE,125319518418300928,平滑线条与边缘。数值越高，线条越平滑，但会带来更大的性能开销。<br><br>可选值：关闭 (0)、2x、4x、8x。
UI_OPTS_VIDEO_AA_TITLE,125319517587828736,多重采样抗锯齿级别 (MSAA)
UI_OPTS_VIDEO_AF,125319437740863488,AF
UI_OPTS_VIDEO_AF_MESSAGE,125319441167609856,启用/禁用各向异性过滤。启用后，可提升地板等大面积低角度表面纹理的显示效果。
UI_OPTS_VIDEO_AF_TITLE,125319439431168000,各向异性过滤 (AF)
UI_OPTS_VIDEO_LOD_BIAS,125319601973030912,LOD 偏差
UI_OPTS_VIDEO_LOD_BIAS_MESSAGE,125319668360474624,决定游戏会在多远的距离切换为低细节模型。“近”表示会在较近距离切换为低细节模型；“远”表示高细节模型会在更远处仍保持可见。<br><br>可选值：近、中、远
UI_OPTS_VIDEO_LOD_BIAS_TITLE,125319602748977152,LOD 偏差级别
UI_OPTS_VIDEO_MAX_FRAMERATE,125319872685993984,目标帧率
UI_OPTS_VIDEO_MAX_FRAMERATE_MESSAGE,125319874451795968,目标渲染帧率。若关闭垂直同步，游戏帧率将限制在该最大值。
UI_OPTS_VIDEO_MAX_FRAMERATE_TITLE,125319873696821248,目标帧率
UI_OPTS_VIDEO_MIP_LEVEL,125319559472148480,纹理细节
UI_OPTS_VIDEO_MIP_LEVEL_MESSAGE,125319561854513152,影响靠近物体时可显示的最高纹理分辨率。<br><br>可选值：低、中、高
UI_OPTS_VIDEO_MIP_LEVEL_TITLE,125319560499752960,纹理细节
UI_OPTS_VIDEO_PARTICLES,126920735510687744,粒子特效
UI_OPTS_VIDEO_PARTICLES_MESSAGE,126920738727718912,设置粒子特效模拟预算。可选值：极低、低、中、高、极高、超高
UI_OPTS_VIDEO_PARTICLES_TITLE,126920737293266944,粒子特效质量
UI_OPTS_VIDEO_REFLECTION_PROBES,126920473559625728,反射探针
UI_OPTS_VIDEO_REFLECTION_PROBES_MESSAGE,126920477464522752,启用/禁用大多数光亮物体表面的反射效果。
UI_OPTS_VIDEO_REFLECTION_PROBES_TITLE,126920475723886592,反射探针
UI_OPTS_VIDEO_RENDER_SCALE,125319683069898752,渲染比例
UI_OPTS_VIDEO_RENDER_SCALE_MESSAGE,125319687503278080,设置游戏的渲染分辨率比例。配合 FSR 等高级升尺度技术以半分辨率渲染，可提升较低配置硬件上的性能。
UI_OPTS_VIDEO_RENDER_SCALE_TITLE,125319685288685568,渲染/分辨率缩放
UI_OPTS_VIDEO_SHADOW_DIST,125319774736412672,阴影距离
UI_OPTS_VIDEO_SHADOW_DIST_MESSAGE,125319779064934400,阴影渲染的最大距离 (单位：米)。
UI_OPTS_VIDEO_SHADOW_DIST_TITLE,125319776976171008,阴影距离
UI_OPTS_VIDEO_UPSCALE,125319726942318592,升尺度模式
UI_OPTS_VIDEO_UPSCALE_MESSAGE,125319730742358016,当渲染比例低于原生分辨率时所使用的升尺度算法。<br><br>可选值：自动、线性、点采样、FSR
UI_OPTS_VIDEO_UPSCALE_TITLE,125319728750063616,升尺度模式
UI_OPTS_VIDEO_VSYNC,125319825374244864,垂直同步
UI_OPTS_VIDEO_VSYNC_MESSAGE,125319828494807040,启用垂直同步后，游戏帧率将锁定为与显示器刷新率同步。
UI_OPTS_VIDEO_VSYNC_TITLE,125319826980663296,垂直同步
UI_PLAYERHEALTH_DEAD_TAG,99604842866995200,死亡
UI_PLAYERHEALTH_EVAC_TAG,99604906628804608,撤离
UI_PLAYERHEALTH_READY_TAG,99604904921722880,已准备
UI_REQUIREMENT_SOLARSYSTEM_ANY_FMT,98651080823398400,在{difficulty}{ascension:cond:>0? A{}|}难度下完成任意星系关卡
UI_RESPAWN_DISABLED_ENRAGE,107174836495704064,[猎人愤怒时无法重生]
UI_REWARDS_TITLE,119244486947627008,奖励：
UI_SCIENCE_TERMINAL_FLAIR,106878078557347840,装扮
UI_SCIENCE_TERMINAL_MUTATIONS,106880718389370880,变异
UI_SCIENCE_TERMINAL_OUT_OF_ORDER,106876639986573312,故障
UI_SCIENCE_TERMINAL_ULTIMATES,106877299511517184,终极技能
UI_SHRINE,120241898113720320,圣坛
UI_TRADER_HEADER_INVENTORY,107210341685911552,物品栏
UI_TRADER_HEADER_STOCK,107210343497850880,库存
UI_UPGRADE_GRID_PRICE,107303458900533248,价格：
UI_UPGRADEGRID_ACTIVATE,121792391482957824,按 [InputAction:UI/Submit] 激活
UI_XPBAR_MAX_LEVEL,107284882940485632,最高等级
UI_XPBAR_TEAM_LEVEL,107284703369748480,团队等级
ANNOUNCE_VOLCANO_APPEASED,131660659371732992,{PlayerName}的牺牲平息了火山的怒火... 暂时而已
UI_INPUT_BINDING,139486680678592512,{ActionTxt}
UI_REQUIREMENT_GATHER_FISH,136973330114666496,使用钓竿收集 {Count} 条鱼
UI_INPUT_ACTIONBINDING,139496731506044928,{ActionTxt} {BindingTxt}
UI_MODE_SELECT_CONTINUE_RUN_LBL,140158990804774912,继续本局游戏
UI_REQUIREMENT_GATHER_TECH,136973328260784128,使用链锯收集 {Count} 件古代科技
UI_REQUIREMENT_SELL_TO_MIKE,136944070914203648,向交易员迈克出售 {Count} 件{Category}
UI_REQUIREMENT_GATHER_MINERALS,136944068905132032,使用镐子收集 {Count:p:{} 矿物|{} 矿物}
UI_REQUIREMENT_COMPLETE_EVENT,136597483742552064,完成 {Event} {Count} 次。
UI_REQUIREMENT_KILL_ENEMIES_SHINY,136597477987966976,消灭 {Count} 名耀眼敌人
UI_REQUIREMENT_KILL_ENEMIES,136597475844677632,消灭 {Count} 名敌人
UI_REQUIREMENT_EQUIP_FLAIR,140282578621947904,装备 {Count} {Count:p:piece|pieces} 件装扮
UI_REQUIREMENT_COLLECT_CURRENCY,140348598019678208,收集 {Count} 个样本
UI_REQUIREMENT_EQUIP_ARTIFACT,140351594451427328,从神秘肉中收集 {Count} 个终极能力
END_STAGE_STAT_PERCENT_FMT,142124716963913728,{Value}%
END_STAGE_STAT_INTEGER_FMT,142124898896044032,{Value:N0}
UI_REWARD_ARTIFACT,142336906761330688,+ 解锁终极能力：{name}
UI_REWARD_FLAIR,142336905540788224,+ {count}x {name}装扮
UI_REWARD_ITEM,142336904211193856,+ 解锁物品：{name}
UI_REWARD_MUTATION,142336902256648192,+ 解锁变异：{name}
UI_ATTRIBUTE_FORMAT_ADD,145644464880214016,{value:+#.##;-#.##;+0} {name}
UI_ATTRIBUTE_FORMAT_MODIFY,145644467124166656,{value:+#.##;-#.##;+0}% {name}
UI_ATTRIBUTE_FORMAT_MULTIPLY,145644469351342080,{value:0.##}x {name}
END_STAGE_BANKED_TIME,141631395652952064,已存时间
END_STAGE_COLLECTED,139159828419305472,已收集
END_STAGE_CONTINUE,140249455477645312,继续
END_STAGE_CURRENCY_FMT,140231091493527552,<color=#{ColorStr}>{Have}/{Total}</color>
END_STAGE_EMPLOYEE_PAYCHECK,139153944297332736,员工薪水
END_STAGE_FAILURE,140219057079050240,失败！
END_STAGE_HEADER_DETAILS,142119018918043648,详情
END_STAGE_HEADER_OVERVIEW,141982115854016512,概览
END_STAGE_PLANET_CONSUMPTION,139154114636406784,星球消耗量
END_STAGE_RANGUS_EFFORT_HEADER,139484643088916480,总计获得的兰格斯牛马点数
END_STAGE_RANGUS_MEAT_CORP,139165149061701632,兰格斯肉食集团
END_STAGE_ROX_1,139165587479715840,ROX-1
END_STAGE_RUN_FAILED,142733138839199744,本局失败！
END_STAGE_RUN_FAILED_HARVESTER,142745765409710080,收割者已被摧毁
END_STAGE_STAT_ACCURACY,142123586842255360,精度
END_STAGE_STAT_DAMAGE_RECV,142123785182502912,承受伤害
END_STAGE_STAT_DEATHS,142123911540105216,死亡次数
END_STAGE_STAT_HEALING_RECV,142123835145052160,获得治疗量
END_STAGE_STAT_RESOURCES,142123729591197696,已采集资源
END_STAGE_STAT_WEAKPOINT,142123643654103040,薄弱点命中次数
END_STAGE_SUCCESS,140216425350422528,成功！
END_STAGE_TAB_DATA,141691025213087744,数据
END_STAGE_TAB_STATS,141691065801367552,统计
END_STAGE_TIME_FMT,141631639568506880,<color=#80FF00>{SecondsRemaining:secondstotime()}</color>
END_STAGE_WAITING,142327585608556544,正在等待房主...
IA_AddQuantity,139445879147786264,增加数量
IA_Adjust,139445879147786267,调整
IA_ArtifactAbility,139445879143591945,使用终极能力
IA_BugShot,139445879147786245,BugShot
IA_CameraMovement,139445879143591937,镜头移动
IA_CameraRotation,139445879147786265,镜头旋转
IA_Cancel,139445879147786248,取消
IA_CharacterMovement,139445879047122944,角色移动
IA_Click,139445879147786250,点击
IA_ElevationMovement,139445879147786270,高低移动
IA_ExitScreen,139445879147786274,退出界面
IA_FollowNextPlayer,139445879147786271,跟随下一名玩家
IA_HeadAbility,139445879143591941,头部技能
IA_Interact,139445879147786257,互动
IA_ItemRewardInit,139445879143591943,开始选择奖励
IA_ItemRewardSelect1,139445879147786275,选择奖励 1
IA_ItemRewardSelect2,139445879147786276,选择奖励 2
IA_ItemRewardSelect3,139445879147786277,选择奖励 3
IA_ItemRewardSelect4,139445879147786278,选择奖励 4
IA_ItemRewardSelect5,139445879147786279,选择奖励 5
IA_ItemRewardSelect6,139445879147786280,选择奖励 6
IA_Jump,139445879143591936,跳跃
IA_LegsAbility,139445879143591942,腿部技能
IA_MarkTarget,139445879143591944,标记目标
IA_MaxQuantity,139445879147786262,最大数量
IA_MeleeFire,139445879143591939,近战
IA_MiddleClick,139445879147786252,点击中键
IA_MinQuantity,139445879147786261,最小数量
IA_Modify,139445879147786268,修改
IA_Navigate,139445879147786246,导航
IA_NextSubTab,139445879147786260,下一子标签页
IA_NextTab,139445879147786256,下一标签页
IA_Point,139445879147786249,点数
IA_PreviousSubTab,139445879147786259,上一子标签页
IA_PreviousTab,139445879147786255,上一标签页
IA_PrimaryAimAssist,139445879143591946,辅助瞄准
IA_ProfilerMode,139445879147786242,性能分析器模式
IA_ProfilerToggle,139445879147786241,切换性能分析器
IA_PushToTalk,139445879147786244,按键发言
IA_RangedFire,139445879143591938,射击
IA_Revert,139445879147786254,还原
IA_RightClick,139445879147786253,点击右键
IA_ScrollWheel,139445879147786251,滚轮
IA_ShowHelp,139445879147786272,显示帮助
IA_SkipCinematic,139445879147786281,跳过过场动画
IA_StopFollow,139445879147786273,停止跟随
IA_SubActionThingOnController,139445879147786258,次要操作
IA_Submit,139445879147786247,确认
IA_SubtractQuantity,139445879147786263,减少数量
IA_Toggle Console,139445879147786240,切换控制台
IA_ToggleInspectionOverlay,139445879147786283,切换检视叠加层
IA_ToggleMeatControls,139445879147786282,切换肉类控制
IA_ToggleOptionsMenu,139445879147786243,切换选项菜单
IA_ToggleZoom,139445879147786269,切换缩放
IA_TorsoAbility,139445879143591940,躯干技能
IA_WarpSpeed,139445879147786266,曲速
IA_WeaponSelectPrimary,139445879143591948,选择武器 (主)
IA_WeaponSelectSecondary,139445879143591949,选择武器 (副)
IA_WeaponSwitch,139445879143591947,切换武器
IB_down,139484177383747585,下
IB_left,139484177383747586,左
IB_right,139484177383747587,右
IB_up,139484177383747584,上
LE_AnisotropicFiltering_Disable,139512957397561344,禁用
LE_AnisotropicFiltering_Enable,139512957397561345,启用
LE_AnisotropicFiltering_ForceEnable,139512957397561346,强制启用
LE_EFrameLimit_OneTwenty,139459172264505370,120Hz
LE_EFrameLimit_Sixty,139459172264505369,60Hz
LE_EFrameLimit_Thirty,139459172264505368,30Hz
LE_ELODBias_Close,139459172264505348,近
LE_ELODBias_Far,139459172264505350,远
LE_ELODBias_Medium,139459172264505349,中
LE_EMSAALevel_MSAA2,139459172264505345,MSAAx2
LE_EMSAALevel_MSAA4,139459172264505346,MSAAx4
LE_EMSAALevel_MSAA8,139459172264505347,MSAAx8
LE_EMSAALevel_Off,139459172264505344,关闭
LE_EMipDetailLevel_High,139459172264505358,高
LE_EMipDetailLevel_Low,139459172264505356,低
LE_EMipDetailLevel_Medium,139459172264505357,中
LE_EParticlesQuality_High,139459172264505362,高
LE_EParticlesQuality_Low,139459172264505360,低
LE_EParticlesQuality_Medium,139459172264505361,中
LE_EParticlesQuality_Ultra,139459172264505364,极高
LE_EParticlesQuality_VeryHigh,139459172264505363,非常高
LE_EParticlesQuality_VeryLow,139459172264505359,非常低
LE_ERenderScale_Half,139459172264505354,一半
LE_ERenderScale_Normal,139459172264505355,标准
LE_EShadowDistance_Close,139459172264505351,近
LE_EShadowDistance_Far,139459172264505353,远
LE_EShadowDistance_Medium,139459172264505352,中
LE_EVoiceChatActivationType_OpenMic,139509073585303554,开放麦克风
LE_EVoiceChatActivationType_PushToTalk,139509073585303552,按键发言
LE_EVoiceChatActivationType_Toggle,139509073585303553,切换
LE_EWindowStyle_FullScreen,139459172264505365,全屏
LE_EWindowStyle_FullScreenWindowed,139459172264505366,无边框窗口
LE_EWindowStyle_Windowed,139459172264505367,窗口
LE_UpscalingFilterSelection_Auto,139512957397561347,自动
LE_UpscalingFilterSelection_FSR,139512957397561350,FSR
LE_UpscalingFilterSelection_Linear,139512957397561348,线性
LE_UpscalingFilterSelection_Point,139512957397561349,点数
QUESTS_COMPLETED_TOAST_DESCRIPTION,135081248315924480,与卡尔交谈以领取奖励
QUEST_COMPLETED_NOTIFICATION_TITLE,135081004761079808,任务已完成！
RANGUS_FILE_CONSUMED_PROMPT,129670008638791680,已发现兰格斯档案
RANGUS_FILE_MARKER_CLAIMED_TEXT_FMT,131574576540803072,兰格斯档案：{TextName}<br>(已发现)
RANGUS_FILE_MARKER_TEXT_FMT,130476658312339456,兰格斯档案：{TextName}
RAW_TEXT_FMT,130499560646631424,{Text}
UI_CARLTERMINAL_CHALLENGES,139166315988377600,挑战
UI_CARLTERMINAL_CLAIM_BTN_CLAIMED,142385861473853440,已领取
UI_CARLTERMINAL_CLAIM_BTN_LOCKED,142385863298375680,已锁定
UI_CODEX_ENEMIES_TAB,135116477412704256,生物
UI_False,139510450587889664,否
UI_INSPECT_MUTATION_SUBTITLE,132645578322468864,变异
UI_INTERACTION_MUTATION,133755069285785600,领取变异：<color={RewardColor}>{TextName}</color><br><br>{Description}
UI_INTERACTION_WEAPON,131103886683398144,领取武器：{Text}
UI_INTERACTION_WEAPON_TITLE,131105138871885824,武器
UI_OBJECTIVES_TITLE,141649218399887360,目标：
UI_RUNINFO_ENEMY_HEALTH_FMT,127528200000000000,> 敌人生命值：+{percent}%
UI_RUNINFO_TIME_FMT,127528100000000000,星系停留时间：{time}
UI_True,139510449321209856,是
UI_MAX_STACKS_FMT,150353972479123456,最大叠加层数：{count}
CELEBRATION_BANNER_MUTATION_UNLOCKED,157196339714711552,变异已解锁！
CELEBRATION_BANNER_ITEM_UNLOCKED,157196341396627456,物品已解锁！
CELEBRATION_BANNER_FLAIR_UNLOCKED,157196345850978304,装扮已解锁！
CELEBRATION_BANNER_ARTIFACT_UNLOCKED,157204905355894784,终极能力已解锁！
MAIN_MENU_DISCORD_REPORT_BUG_BUTTON,160623538572615680,反馈问题
UI_MAIN_MENU_REPORT_BUG_MESSAGE,160864087942619136,如需报告 Bug 或提供游戏反馈，欢迎前往我们的 Discord！
OPTS_MULTIPLAYER_HOST_MODE,160914647022559232,大厅可见性
OPTS_HOST_MODE_PUBLIC,160920542238466048,公开
OPTS_HOST_MODE_FRIENDS,160920542238466049,仅限好友
OPTS_HOST_MODE_PRIVATE,160920542238466050,私密
UI_MULTIPLAYER_HOST_MODE_HELP_TITLE,160920542238466051,大厅可见性
UI_MULTIPLAYER_HOST_MODE_HELP_MESSAGE,160920542238466052,设置哪些玩家可以加入你创建的游戏。公开：所有人都可以通过大厅列表加入。仅限好友：只有你的 Steam 好友可以查看并加入你的大厅。私密：你的游戏不会显示在大厅列表中。
UI_NEWSAVE_TITLE,161300188696141824,新员工设置
UI_NEWSAVE_PLAY_TUTORIAL,161300196812120064,开始教程
UI_NEWSAVE_TUTORIAL,161325451916075008,教程
UI_NEWSAVE_SUBTITLE,161325468882034688,可在每次出发前通过本局设置进行更改。
UI_NEWSAVE_SCREENTITLE,161550229604130816,选择初始难度
UI_CODEX_TIER_UNDISCOVERED,163840130551836672,？？？
UI_CARLTERMINAL_MAINLINE_PROGRESS,164591723147681792,主线 {Current}/{Total}：
UI_CARLTERMINAL_COMPLETE_ALL_TO_EARN,164593566355546112,完成所有任务可获得：
CELEBRATION_BANNER_CODEX_HINT,157204904043077632,已添加至图鉴
CELEBRATION_BANNER_CONFIRM,157229979689541632,确认
CELEBRATION_BANNER_FLAIR_EQUIP_HINT,157204896069705728,*在电光飞堡装备
CELEBRATION_BANNER_NEW_QUESTLINE_UNLOCKED,157204890768105472,新任务线已解锁：{name}
CELEBRATION_BANNER_QUEST_COMPLETE,157196335902089216,任务完成！
CELEBRATION_BANNER_RANK_HEADING,157240833617158144,员工等级 {rank}
CELEBRATION_BANNER_RANK_INCREASED,157196347440619520,员工等级提升！
CELEBRATION_BANNER_REWARDS_EARNED,157243622590242816,已获得奖励
CELEBRATION_BANNER_RP_TO_NEXT_RANK,157204893980942336,升至下一等级所需等级点数：{amount}
CELEBRATION_BANNER_WEAPON_EQUIP_HINT,157204901467774976,*在储肉间装备
CELEBRATION_BANNER_WEAPON_UNLOCKED,157238824793006080,武器已解锁！
CODEX_TOAST_HEADER_ARTIFACT,158291413488664576,新终极能力！
CODEX_TOAST_HEADER_CREATURE,158291454114693120,新生物！
CODEX_TOAST_HEADER_CURRENCY,158291422971985920,新资源！
CODEX_TOAST_HEADER_GENERIC,158291396984078336,新条目！
CODEX_TOAST_HEADER_ITEM,158291406320599040,新物品！
CODEX_TOAST_HEADER_MEAT,158291431851327488,新肉！
CODEX_TOAST_HEADER_RANGUS_FILE,158291467289001984,新兰格斯档案！
CODEX_TOAST_SUBHEADER,158291475207847936,已添加至图鉴
END_STAGE_HEADER_PLANET_STATS,144853505636556800,星球概况
END_STAGE_MEAT_CORE_SECURED,144127700346331136,肉核已回收
IA_SurpriseMe,145669286033088512,给我个惊喜
INFORMATION_TERMINAL_TITLE,159254944652492800,图鉴
LEVEL_UP_AUTO_SELECT_FMT,160182415509151744,自动选择倒计时：<color=#FF0080>{Seconds}</color> 秒
LEVEL_UP_EXIT,146737720124760064,[InputAction:Cancel] 退出升级选择
LEVEL_UP_IN_SECONDS_FMT,160177751237582848,<color=#FF0080>{Seconds:0.0}</color> 秒后暂停
LEVEL_UP_STILL_SELECTING_TITLE,160189906225717248,肉类科学家还在冥思苦想...
LE_EDrawDistance_Close,155444035605950464,近
LE_EDrawDistance_Far,155444035631116289,远
LE_EDrawDistance_Medium,155444035631116288,中
TUTORIAL_COMPLETE_TITLE,158105394041839616,结业证书
TUTORIAL_COMPLETION_CARL_NAME,158106223612256256,卡尔·兰格斯，首席执行官
TUTORIAL_COMPLETION_SIGNED,158106159250661376,签名：
TUTORIAL_COMPLETION_SQUISHIE_NAME,158105683281043456,小肉团
TUTORIAL_COMPLETION_SUBTITLE_01,158105588380721152,兹证明
TUTORIAL_COMPLETION_SUBTITLE_02,158105801833046016,已顺利通过<color=#FFC700>员工入职培训</color>！<br>恭喜你正式成为兰格斯团队的一员！<br><br>即刻出发吧，<color=#FFC700>收获鲜肉</color>，<color=#FFC700>喂饱全银河</color>！
UI_ATTRIBUTE_ADD_FMT,153254426577985536,{value:+#.##;-#.##;+0}
UI_ATTRIBUTE_MODIFY_FMT,153254478088232960,{value:+#.##;-#.##;+0}%
UI_ATTRIBUTE_MULTIPLY_FMT,153254480353157120,{value:0.##}x
UI_BEING_REVIVED_BY,160196323477282816,{Name}正在复活
UI_BENEFITS_PERKS_TITLE,157261430313181184,福利
UI_BENEFITS_TERMINAL,155021233676607488,福利终端
UI_INTERACTION_REVIVE,159415565250715648,复活
UI_INTERACTION_REVIVE_TARGET,160116078837489664,{Name}
UI_LEADERBOARD_RANK_EMPTY,152933015493795840,人事资源当前不可用。
UI_LEADERBOARD_RANK_NAME,152933011416932352,名称
UI_LEADERBOARD_RANK_RANK,152933013824462848,等级
UI_LEADERBOARD_RANK_TITLE,152933007226822656,月度最佳员工
UI_OPTS_KEYWORD_POPUPS,152564154714021888,关键词弹窗
UI_OPTS_KEYWORD_POPUPS_HELP_MESSAGE,152564183084294144,为描述中引用的关键词显示弹窗说明。
UI_OPTS_KEYWORD_POPUPS_HELP_TITLE,152564181515624448,关键词弹窗	
UI_OPTS_VIDEO_DRAW_DIST,155444200114941952,绘制距离
UI_OPTS_VIDEO_DRAW_DIST_MESSAGE,155444247250530304,控制游戏渲染远处地形和物体的距离。调低此设置可减少 GPU 和 CPU 开销，建议在 Steam Deck 等低端硬件上使用。调高此设置可以看到更远的世界内容，但会降低性能。
UI_OPTS_VIDEO_DRAW_DIST_TITLE,155444221707218944,绘制距离
UI_PLAYERHEALTH_DOWNED_TAG,159415579876253696,倒地
UI_REQUIREMENT_FULL_VERSION,145016599318880256,需要完整版
UI_REQUIREMENT_PERKRANK,157717392333463552,解锁一项福利
UI_REQUIREMENT_PERKTRACK_RANK,155367902129676288,{track} 等级 {rank:roman()}
UI_REWARD_UI_SURPRISE_ME,145620353626861568,给我个惊喜
UI_REWARD_UI_SURPRISE_ME_KEY,145639277600894976,[InputAction:LevelUpScreen/SurpriseMe]
UI_SELECT_UPGRADE_COUNT_FMT,152555780165328896,选择升级 +{Count}
UI_SHIP_TOUR_BOLT_BURGERS,154378478273159168,<color=#FFC700>电光飞堡</color>：在这里选择配装并开始一局游戏。
UI_SHIP_TOUR_EMPLOYEE_HANDBOOK,154378456194342912,<color=#FFC700>图鉴</color>：浏览敌人、物品与背景故事。
UI_SHIP_TOUR_FLAIR_TERMINAL,154378473181274112,<color=#FFC700>装扮终端</color>：解锁并升级装扮，获得被动加成。
UI_SHIP_TOUR_JUKEBOX,154378475714633728,<color=#FFC700>点唱机</color>：更换飞船音乐。
UI_SHIP_TOUR_MEAT_LOCKERS,154378383981010944,<color=#FFC700>储肉间</color>：在这里挑选装饰肉。
UI_SHIP_TOUR_MEAT_MARKET,154378474439565312,<color=#FFC700>肉市</color>：预览随机挑选的肉。
UI_SHIP_TOUR_NAVIGATION_TERMINAL,154378479544033280,<color=#FFC700>导航终端</color>：选择下一个目的地和难度。
UI_SHIP_TOUR_SHOOTING_RANGE,154378477010673664,<color=#FFC700>射击场</color>：开局前练习使用武器。
UI_SHIP_TOUR_SMART_MEAT_TERMINAL,154378470564028416,<color=#FFC700>员工福利终端</color>：解锁并升级你的员工福利。
UI_SHIP_TOUR_WEAPON_TERMINAL,154378471918788608,<color=#FFC700>武器终端</color>：解锁并升级武器。
UI_UPGRADE_COUNT_FMT,152141631115485184,+{Count}
UI_UPGRADE_EMPTY_SLOT,152531288336621568,空槽位
UPGRADE_STATION,158017480964431872,升级站
UI_CODEX_MUTATIONS_TAB,165154895239831552,变异
UI_CODEX_MUTATIONS_FIRE_TITLE,165154895248220160,火焰
UI_CODEX_MUTATIONS_ICE_TITLE,165154895248220161,冰霜
UI_CODEX_MUTATIONS_SLIME_TITLE,165154895248220162,黏液
UI_CODEX_MUTATIONS_ELECTRIC_TITLE,165154895248220163,电击
UI_CODEX_MUTATIONS_KINETIC_TITLE,165154895248220164,动能
UI_SAVEMGMT_SELECT_EMPLOYEE,165569668465025024,选择员工
UI_SAVEMGMT_LAST_PLAYED,165571657299124224,上次游玩
UI_SAVEMGMT_RANGUS_FILES,165589631661760512,兰格斯档案：
UI_SAVEMGMT_EMPTY_SLOT_HEADER,164865773950459904,空
UI_OPTS_MARK_ALL_READ,165623256277049344,全部标为已读
LE_EFrameLimit_TwoForty,169126859746828288,240 Hz
PLAYER_DOWN_ANNOUNCEMENT,162770743492337664,{Player} 倒下了！
UI_ANNOUNCEMENT_BOSS_WARNING_EXECUVATOR,162681204534927360,毛军一号签发行政命令！
UI_ANNOUNCEMENT_BOSS_WARNING_JUDGEMENTALITS,162681227154808832,克劳达迪法官驳回你的动议！
UI_ANNOUNCEMENT_BOSS_WARNING_LEGISMATOR,162681121139580928,猪肉桶皮特发动“冗长辩论”阻挠战术
UI_CINEMATIC_PROLOGUE_TEXT1,165560353607901184,兰格斯肉食集团曾经养活了整个银河系。在其鼎盛时期，其业务遍布数十个星系，雇员高达数百万。<br><br>然而，当其独创的“肉类科学”被推进至极端失控状态时，一道传送门强行撕裂了宇宙结构。凡是被其波及的一切，要么死亡，要么发生恐怖变异。<br><br>卡尔·兰格斯侥幸逃生。但绝大多数人没能逃过此劫。
UI_CINEMATIC_PROLOGUE_TEXT2,165560955771543552,“在兰格斯，我们不仅收割肉类，<br>更是在收割英雄... 而那位英雄，就是你！”<br><br><br>- 卡尔·兰格斯，创始人兼首席执行官<br>(摘自某则修复的招聘广告，日期不详)
UI_LEADERBOARD_NUKE_KILLS,163035281710112768,工作场所事故：核爆
UI_LEADERBOARD_RANK_SCORE,163032451393773568,分数
UI_SAVEMGMT_RANGUS_FILES_DATA,164863994869309440,{Found}/{Total}
UI_SYSTEMNAME_RANDOM,165564842473676800,随机星系
UI_SYSTEMNAME_S2,165564616182587392,普拉姆特之愚
UI_SYSTEMNAME_S3,165564619336704000,奥姆尼克朗
UI_SYSTEMUNLOCK,165563304946688000,新星系已解锁
CELEBRATION_BANNER_FLAIR_DISPENSED,182655213074636800,装扮已发放！
CELEBRATION_BANNER_FLAIR_HEADING_FMT,178255509733761024,{count}x {name}装扮
CELEBRATION_BANNER_FLAIR_SKIP_FMT,185871235538677760,按 {Button} 跳过
DEATHCERTIFICATE_CRITS,179093814876561411,暴击
DEATHCERTIFICATE_DAMAGE,179093814876561409,伤害
DEATHCERTIFICATE_DEAD_MEAT,179093814876561408,死肉
DEATHCERTIFICATE_DPS,179093814876561412,DPS
DEATHCERTIFICATE_KILLED_BY_SPIDER,179093814876561416,死于<color=#FFC700>蜘蛛</color>之手
DEATHCERTIFICATE_KILLS,179093814876561410,击杀
DEATHCERTIFICATE_ON_THE_VERY_EVE_OF_HIS_4TH_BIRTHDAY,179093814876561417,就在他四岁生日前夕
DEATHCERTIFICATE_RUN_FAILED,179093814868172800,本局失败！
DEATHCERTIFICATE_SIGNED_CARL_RANGUS_CEO,179093814876561415,签名：<br><color=#FFFFFF>卡尔·兰格斯，首席执行官</color>
DEATHCERTIFICATE_THE_RANGUS_CORPORATION_HEREBY_ACKNOWLEDGES_THE_D,179093814876561413,兰格斯公司特此确认以下人员的死亡：
DEATHCERTIFICATE_YOUR_CONTRIBUTIONS_TO_RANGUS_MEAT_CO_WILL_NEVER,179093814876561414,你对兰格斯肉食公司的贡献将永远铭记
END_STAGE_RUN_ABANDONED,178656993092820992,已放弃本局
HUNTER_INCAPACITATED,169893516064841728,失去战斗力
IA_ProfilerCapture,170595270909747200,ProfilerCapture
IB_Profiler Capture Chord,170595270913941504,Profiler Capture Chord
IB_modifier,170595270913941505,修饰键
LE_ECameraDistance_Far,174992531034988545,远
LE_ECameraDistance_Medium,174992531034988544,中
LE_ECameraDistance_Near,174992531030794240,近
MODE_SELECT_CONTINUE_BTN,175310263911702528,继续游戏
MODE_SELECT_LOAD_SAVE_BTN,175310282018512896,读取 / 新游戏
UI_FLAIRTERMINAL_INSERT_COIN,177509684464312320,"投入 <sprite name=""CarlCoin""> 卡尔硬币"
UI_FLAIRTERMINAL_INSERT_COST,182665081978347520,投入 {count} {icon} {name}
UI_FLAIRTERMINAL_REQUIRES_COIN,177529825763778560,"<color=#FF0000>需要 <sprite name=""CarlCoin""> 卡尔币</color>"
UI_FLAIRTERMINAL_REQUIRES_COST,182665090496978944,<color=#FF0000>需要 {count} {icon} {name}</color>
UI_ITEM_ONADD_TRIGGER,176120503238385664,添加时
UI_LOADOUT_COL_CONSUMABLES,182248566531547136,消耗品
UI_LOADOUT_COL_WEAPONS,182248564694441984,武器
UI_LOADOUT_FLAIR_EMPTY_DESC,182260794391519232,在装扮终端解锁装扮
UI_LOADOUT_SAVE_EXIT,182247692602171392,保存并退出
UI_LOCATION_CARD_DIFFICULTY_FMT,175384575272280064,难度：{difficulty}
UI_LOCATION_CARD_HEADER,175386164208852992,地点
UI_LOCATION_CARD_SYSTEM_FMT,175384551528325120,S{index} | {system}
UI_MEATOFFERING_REQUIREMENT,176036607361478656,<color=red>需要装备肉块部位</color>
UI_OPTS_VIDEO_BLOOM,182327216559874048,泛光
UI_OPTS_VIDEO_BLOOM_MESSAGE,182327251011887104,开关明亮光源和效果周围的泛光光晕。若想减少眩光和眼睛疲劳，或明亮场景看起来过曝发白，可将其关闭。
UI_OPTS_VIDEO_BLOOM_TITLE,182327234784124928,泛光
UI_OPTS_VIDEO_CAMERA_DISTANCE,174991015364517888,镜头距离
UI_OPTS_VIDEO_CAMERA_DISTANCE_MESSAGE,174991034385686528,调整镜头位于角色身后的距离。
UI_OPTS_VIDEO_CAMERA_DISTANCE_TITLE,174991024080281600,镜头距离
UI_REQUIREMENT_STAT_FLAIRPULLS_FMT,178238717753810944,收集 {count} 个装扮
UI_SAVEMGMT_MSGBOX_ABANDON_RUN_CONFIRM,176120214003376128,放弃本局
UI_SAVEMGMT_MSGBOX_ABANDON_RUN_MSG,176120210866036736,放弃员工 {EmployeeNumber} 正在进行的本局？<br>你将回到大厅重新开始。此操作无法撤销。
UI_SAVEMGMT_MSGBOX_ABANDON_RUN_TITLE,176120204733964288,放弃本局？
UI_SAVEMGMT_RUN_IN_PROGRESS,175380214638960640,本局进行中
