Key,Id,English(en)
MODE_SELECT_HOST_PUBLIC,214248185856,HOST PUBLIC
MODE_SELECT_HOST_FRIENDS_ONLY,278383288320,Host Private
MODE_SELECT_HOST_PRIVATE,327255318528,Single Player
CARL_TERMINAL_MISSING_MATERIALS,30366100192485376,Missing Materials
CARL_TERMINAL_REQUIRED_MATERIALS_HEADER,30380913715044352,Required Materials:
MAIN_MENU_SKIP_TUTORIAL,31076355092242432,Skip Tutorial
MAIN_MENU_DISCORD_SERVER_BUTTON,31076690544287744,Meat up in Discord
MAIN_MENU_DEBUG_HEADER,31076998813048832,Debug
MAIN_MENU_UPLOAD_LOGS,31077125934014464,Upload Logs
MAIN_MENU_WISHLIST,31077254808199168,Wishlist On Steam
MAIN_MENU_MULTIPLAYER,31077375373467648,Multiplayer
MAIN_MENU_OPTIONS,31077450753499136,Options
MAIN_MENU_RESUME,31077530629824512,Resume [InputAction:UI/Cancel]
MAIN_MENU_ABANDON_RUN,31077628587794432,Exit to Lobby
MAIN_MENU_EXIT,31077710762598400,Exit Game
MESSAGE_BOX_QUIT_TITLE,31098413507403776,Quit Game
MESSAGE_BOX_QUIT_MESSAGE,31098545544093696,Are you sure you want to exit?
MESSAGE_BOX_FEEDBACK_TITLE,31099905689772032,Feedback
MESSAGE_BOX_FEEDBACK_MESSAGE,31100033314054144,Would you take a short survey to help us improve the game?
MESSAGE_BOX_FEEDBACK_CONFIRM,31100327628365824,Yes!
MESSAGE_BOX_FEEDBACK_CANCEL_ON_EXIT,31100501750702080,"No, I'm good"
MESSAGE_BOX_FEEDBACK_CANCEL,31100557044211712,Maybe Later
MESSAGE_BOX_JOIN_GAME_TITLE,31100726099828736,Join New Game
MESSAGE_BOX_JOIN_FRIEND_GAME_MESSAGE,31100789127634944,You have been invited to join {FriendName}'s game
MESSAGE_BOX_JOIN_FRIEND_CONFIRM,31104888199962624,Join Game
MESSAGE_BOX_JOIN_FRIEND_CANCEL,31104948069457920,"Nope, I'm good!"
MESSAGE_BOX_TUTORIAL_REQUIRED_TITLE,31119792659226624,Tutorial Required
MESSAGE_BOX_TUTORIAL_REQUIRED_MESSAGE,31119917020340224,You must complete the tutorial before joining a multiplayer game.<br>Would you like to start the tutorial now?
MESSAGE_BOX_NETWORK_DISCONNECT_TITLE,31120107987001344,Host Disconnected
MESSAGE_BOX_NETWORK_DISCONNECT_MESSAGE,31120173598498816,The host has disconnected.
MESSAGE_BOX_NETWORK_TIMEOUT_TITLE,31120286274281472,Error: Network Timeout
MESSAGE_BOX_NETWORK_TIMEOUT_MESSAGE,31120316263555072,Client connection timed out trying to connect or send/receive data
MESSAGE_BOX_VERSION_MISMATCH_TITLE,31120753725267968,Version Mismatch
MESSAGE_BOX_VERSION_MISMATCH_MESSAGE,31120802169479168,Unable to join game due to a version mismatch. Both you and the host may need to re-launch the game in order to get the latest updates.
MESSAGE_BOX_NEW_BUILD_TITLE,31121109494521856,New build available
MESSAGE_BOX_NEW_BUILD_MESSAGE,31121145544564736,A new build of the game is available. Click OK to restart and start the update download
MESSAGE_BOX_COMPUTER_OVERHEATING_TITLE,31121364780834816,Computer Overheating
MESSAGE_BOX_COMPUTER_OVERHEATING_MESSAGE,31121436348243968,Lower resolution and frame rate to help cool it down?
MESSAGE_BOX_COMPUTER_OVERHEATING_CONFIRM,31121455612682240,Cool it down
MESSAGE_BOX_COMPUTER_OVERHEATING_CANCEL,31121502840545280,Let it burn
MESSAGE_BOX_EXIT_GAME_TITLE,31121802745864192,Exit Game
MESSAGE_BOX_EXIT_GAME_MESSAGE,31121844806344704,Are you sure you want to abandon your friends?
MESSAGE_BOX_EXIT_GAME_CONFIRM,31121881414230016,Exit to Main Menu
MESSAGE_BOX_EXIT_GAME_CANCEL,31121900481536000,Cancel
MESSAGE_BOX_EXIT_GAME_SECONDARY,31121914842832896,Exit to Desktop
MESSAGE_BOX_GAME_FULL_TITLE,31122293072584704,Game Full
MESSAGE_BOX_GAME_FULL_MESSAGE,31122339318980608,"Sorry, that game is already full. Click OK to return to the main menu."
MESSAGE_BOX_BLOCK_PLAYER_TITLE,31122656211230720,Block Player
MESSAGE_BOX_BLOCK_PLAYER_MESSAGE,31122703279710208,Blocked players cannot join your hosted games and are permanently muted if they happen to be in games you join.<br><br>Are you sure you want to block {PlayerName}?
MESSAGE_BOX_BLOCK_PLAYER_CONFIRM,31122718286929920,Block
MESSAGE_BOX_BLOCK_PLAYER_CANCEL,31122765070196736,Cancel
MESSAGE_BOX_RESET_RUN_MESSAGE,31141144124448768,Are you sure you want to reset the run?
MESSAGE_BOX_RESET_RUN_TITLE,31141105490714624,Reset Run
MESSAGE_BOX_ABANDON_RUN_TITLE,31141752260780032,Abandon This Run
MESSAGE_BOX_ABANDON_RUN_MESSAGE,31141795957039104,Are you sure you want to abandon your run and return to ROX-1?
MESSAGE_BOX_ABANDON_RUN_CONFIRM,31141825619156992,Abandon Run
MESSAGE_BOX_ABANDON_RUN_CANCEL,31141851095359488,Cancel
MESSAGE_BOX_SKIP_TUTORIAL_TITLE,31142106562027520,Skip Tutorial
MESSAGE_BOX_SKIP_TUTORIAL_MESSAGE,31142143690006528,Are you sure you want to skip the tutorial and return to the ship?
MESSAGE_BOX_SKIP_TUTORIAL_CONFIRM,31142158563008512,Skip Tutorial
MESSAGE_BOX_SKIP_TUTORIAL_CANCEL,31142171938643968,Cancel
MESSAGE_BOX_MISSING_ARTIFACT_MESSAGE,31142435298992128,Are you sure you want to continue without selecting an ultimate?
MESSAGE_BOX_RESET_ACCOUNT_TITLE,31142628807401472,Reset Account
MESSAGE_BOX_RESET_ACCOUNT_MESSAGE,31142661908848640,Are you sure you want to reset your account?<br>This will delete all progress and unlocks.
MESSAGE_BOX_RESET_ACCOUNT_CONFIRM,31142672679821312,Reset Account
MESSAGE_BOX_RESET_ACCOUNT_CANCEL,31142685069795328,Cancel
MESSAGE_BOX_VIDEO_SETTINGS_CHANGED_TITLE,31142952192434176,Video settings changed
MESSAGE_BOX_VIDEO_SETTINGS_CHANGED_MESSAGE,31142986732527616,Video settings have changed. Accept?<br><br>Settings will automatically revert in 5 seconds
MESSAGE_BOX_VIDEO_SETTINGS_CHANGED_CONFIRM,31142998338166784,Accept Changes
MESSAGE_BOX_VIDEO_SETTINGS_CHANGED_CANCEL,31143010442928128,Revert Changes
MESSAGE_BOX_DEFAULT_CONFIRM,31145012967235584,OK
MESSAGE_BOX_DEFAULT_CANCEL,31145042352529408,Cancel
HUNTER_THREAT_DANGER,35125167033147392,DANGER !
HUNTER_THREAT_BANISHED,35125235089924096,BANISHED !
HUNTER_THREAT_IMMINENT,35125348260634624,THREAT IMMINENT !!
HUNTER_THREAT_PANTS,35125431806976000,!! WET PANTS NOW !!
HUNTER_THREAT_ENRAGED,35125494096584704,!! HUNTERS ENRAGED !!
EVENT_HEADER_PRIME,35806126556569600,Prime Directive
EVENT_HEADER_SECONDARY,35806182923821056,Secondary Directive
EVENT_COMPLETE_REWARDS,36526246664855552,Rewards:
EVENT_BANNER_PRIME_DIRECTIVE,37577651529965568,Prime Directive Completed!
EVENT_BANNER_COMPLETE,37577933345251328,Complete!
EVENT_BANNER_SECONDARY_DIRECTIVE,37581156248444928,Secondary Directive Completed!
WEAPON_SWITCH_CHARGED,37939439253577728,Charged
LOADOUT_WEAPON_NONE_TITLE,38383410991849472,No Weapon
LOADOUT_WEAPON_NONE_DESC,38383462514679808,"Well, shoot."
LOADOUT_ARTIFACT_NONE_TITLE,38383464444059648,No Artifact
LOADOUT_ARTIFACT_NONE_DESC,38383465480052736,"Just a sad, empty equipment slot."
LOADOUT_FLAIR_NONE_TITLE,38383466306330624,"Hey, no Flair!"
LOADOUT_FLAIR_NONE_DESC,38383568223723520,"You do want to express yourself, don't you?"
ITEM_INSPECTION_PROMPT,42642500681195520,Inspect
ITEM_NOTIFICATION_NEW_ITEM,42646904150941696,New!
ITEM_NOTIFICATION_STACK_COUNT_FMT,42659474148679680,x{StackCount}
ITEM_RARITY_UNSET,42667980813754368, 
ITEM_RARITY_COMMON,42668023662764032,Common
ITEM_RARITY_RARE,42668026103848960,Rare
ITEM_RARITY_EPIC,42668027727044608,Epic
ITEM_RARITY_LEGENDARY,42668029052444672,Legendary
ITEM_RARITY_UNCOMMON,42668357307064320,Uncommon
INTERACTION_PROMPT_TYPE_NONE_FMT,43126879249489920,{ActionText}
INTERACTION_PROMPT_TYPE_PRESS_FMT,43127706953441280,{BindingText} {ActionText}
INTERACTION_PROMPT_TYPE_HOLD_FMT,43127738511384576,Hold {BindingText} to {ActionText}
INTERACT_PROMPT_PING,43136443831279616,[InputAction:Gameplay/MarkTarget] Ping
DAMAGE_TYPE_NONE,43142514054520832, 
DAMAGE_TYPE_FIRE,43142553082519552,Fire
DAMAGE_TYPE_ICE,43142575572377600,Ice
DAMAGE_TYPE_SLIME,43142609625931776,Slime
DAMAGE_TYPE_ELECTRIC,43142638340136960,Electric
DAMAGE_TYPE_KINETIC,43142700797517824,Kinetic
INTERACTION_PROMPT_HOLD_SUCCESS,43183389103087616,Success!
EMPLOYEE_RANK_TITLE,38764887885733888,EMPLOYEE RANK
EMPLOYEE_RANK_RANKUP_FMT,38764977085997056,RANK UP! +{Value}
EMPLOYEE_RANK_POINTS_FORMAT,38765036250849280,{Current} / {Total} RP
INTERACT_PROMPT_HEALTH_GAIN_FMT,43375595235565568,+{HealthGain}
EVENT_HUNTER_TIMER_ADVANCED,43479223816413184,Hunter Arrival Advanced
EVENT_HUNTER_TIMER_DELAYED,43480205547790336,Hunter Arrival Delayed
EVENT_COMPLETE_NO_REWARDS,43499746143232000,Complete!
MESSAGE_BOX_QUIT_TITLE_HOST,45269738467614720,Leave hosted game?
MESSAGE_BOX_QUIT_MESSAGE_HOST,45269853613842432,Are you sure you want to leave this game?<br>You are the Host and leaving will kick all other players.
WISHLIST_ON_STEAM,45665676281503744,Wishlist On<br><b>STEAM</b>
MODE_SELECT_TITLE,45666774727778304,Mode Select
MODE_SELECT_JOIN_GAME_TITLE,45666886526951424,Join Game
,45670660427472896,{Distance}m
EVENT_OBJECTIVE_DAMAGE_ANY_ENEMY_FMT,45684262786031616,Damaged <nobr>{NumDamaged}/{NumToDamage}</nobr>
EVENT_OBJECTIVE_TASKS_FMT,45737656791851008,<nobr>{NumDone}/{NumTodo}</nobr> {Detail}
EMERGENCY_TEXT_DEFAULT_TITLE,46144708803489792,Application startup error
EMERGENCY_TEXT_DEFAULT_DESCRIPTION,46144714159616000,An error has caused the application to fail during startup. Restarting your computer may help.
EMERGENCY_TEXT_DEFAULT_FOOTER,46312787621638144,You can always reach out to us for help in the #create-bug-reports channel on the SwapMeat Discord server.<br>This application will shut down automatically in 30 seconds
EMERGENCY_TEXT_IO_DESCRIPTION,46312933025574912,"There was an error reading one or more files during startup. This often happens because of overzealous virus checkers or a previous run of the game not shutting down completely.<br>If the issue persists, a restart of your computer should clear the file locks."
HARVESTER_CORE,46389181780320256,Harvester Core
NODE_1,46389232518815744,Node 1
NODE_2,46389312764239872,Node 2
NODE_3,46389348839448576,Node 3
NODE_4,46389350567501824,Node 4
COMPASS_DISTANCE_FMT,46402692690468864,{Distance}m
JUMP_PAD,46406064923467776,Jump Pad
,46626320069681152,MUSCLE_LEGS_DISPENSER
,46626320078069760,COACH_DAN
,46626320602357760,ALIEN_BULB
,46626320652689408,A_FRANKEN_TICKLER
,46626321118257152,INSECT_EGGS
,46626321504133120,SMOKER_1_ACTIVATOR!
,46626321504133121,SMOKER_2_ACTIVATOR!
,46626321504133122,SMOKER_3_ACTIVATOR!
,46626321667710976,A_CAPTURED_SPIDER
,46626321684488192,SENTRY_TURRET
,46626321751597056,SPAWNING_POOL
,46626321801928704,JELLY_FORGE
,46626322183610368,DUCKSTONE
,46626322292662272,A_JUNK_RETRIEVER
,46626322737258496,A Turbo Boy
,46626322896642048,Dirtbag
,46626323144105984,Meat Mush
,46626323425124352,Broadside
,46626323492233216,Menacing Tentacle
,46626325039931392,A Gobble Gazer
,46626325044125696,Toxic Slime
,46626325560025088,Piranha
,46626326696681472,A Reef Shark
,46626327065780224,A Belly Grinder
,46626328403763200,A Cerebral Hopper
,46626328747696128,Exhaust Port
,46626329594945536,Tibbler's Heart
,46626329783689216,Payload
,46626329846603776,Bolt Burger
,46626330047930368,A Manwasp
,46626330693853184,Steering Panel
,46626330966482944,A Squat Man
,46626331465605120,Goal!
,46626331763400704,A Spider
,46626332157665280,Open Door
,46626334330314752,An Item Capsule
,46626335118843904,Secure the Meat Core!
,46626335236284416,A Hive Tendril
,46626335244673024,Meat Core Site
,46626335492136960,A Ribeye
,46626336641376256,Gumbo Turret
,46626336855285760,Jetpack Alien
,46626337731895296,Meat Zord
,46626339438977024,Shark
,46626339598360576,LANKYALIEN
,46626339686440960,A_LEVIATHAN
,46626339795492864,HEALTH_STATION
,46626341171224576,A_TURRET
,46626341703901184,TIBBLER'S_KIDNEY
,46626343767498752,THE_MEAT_MARKET
,46626344186929152,A_STELLAR_CHEF
,46626347479457792,ALIENSNIPER
,46626347567538176,SQUAT_BOY
,46626350168006656,SUPPLY_BOX
,46626350235115520,RESEARCHER_POD
,46626350449025024,A_PIRANHA
,46626350780375040,A_MEAT_SAUCER
,46626351082364928,A_WASP
MEAT_DISPENSER,46628101025685504,Meat Dispenser
COACH_DAN,46628101034074112,Coach Dan
ALIEN_BULB,46628101419950080,Alien Bulb
A_FRANKEN_TICKLER,46628101457698816,A Franken Tickler
INSECT_EGGS,46628101830991872,Insect Eggs
SMOKER_1_ACTIVATOR!,46628102149758976,Nuker 1 Activator
SMOKER_2_ACTIVATOR!,46628102149758977,Nuker 2 Activator
SMOKER_3_ACTIVATOR!,46628102149758978,Nuker 3 Activator
A_CAPTURED_SPIDER,46628102279782400,A Captured Spider
SENTRY_TURRET,46628102288171008,Sentry Turret
SPAWNING_POOL,46628102346891264,Spawning Pool
JELLY_FORGE,46628102367862784,Jelly Forge
MEAT_MUSH,46628103278026752,Meat Mush
TOXIC_SLIME,46628104666341376,Toxic Slime
EXHAUST_PORT,46628107665268736,Exhaust Port
TIBBLER'S_HEART,46628108311191552,Calypso's Heart
PAYLOAD,46628108462186496,Payload
BOLT_BURGER,46628108516712448,Bolt Burger
STEERING_PANEL,46628109204578304,Control Panel
GOAL!,46628109821140992,Goal!
OPEN_DOOR,46628110437703680,Open Door
AN_ITEM_CAPSULE,46628112023150592,An Item Capsule
SECURE_THE_MEAT_CORE!,46628112652296192,Secure the Meat Core!
A_HIVE_TENDRIL,46628112698433536,A Hive Tendril
MEAT_CORE_SITE,46628112702627840,Meat Core Site
GOOBER_TURRET,46628113809924096,Goober Turret
HEALTH_STATION,46628116695605248,Health Station
TIBBLER'S_KIDNEY,46628118494961664,Calypso's Kidney
THE_MEAT_MARKET,46628120319483904,The Meat Market
MENACING_TENTACLE,46628121766518784,Menacing Tentacle
SUPPLY_BOX,46628126061486080,Supply Box
RESEARCHER_POD,46628126124400640,Employee Pod
,46616635120742400,PIN!
PIN_MARKER,46746956646510592,PIN!
TUTORIAL_SWAPMEAT,47859765294915584,[InputAction:Interact/Interact] swap meat
Tutorial_LEGABILITY,47863131572002816,[InputAction:Gameplay/LegsAbility] legs ability
MODE_SELECT_FRIENDS_ONLY,47782185145458688,(Friends Only)
JOIN_GAME_SPECTATE,47816347118198784,Spectate
MENU_COMMON_BACK,47855835508891648,[InputAction:UI/Cancel] Back
JOIN_GAME_PLAYERNAME_FMT,48095464992530432,{PlayerName}'s Game
JOIN_GAME_PLAYERCOUNT_FMT,48096123611504640,{Current}/{Max}
JOIN_GAME_PROTOCOL_MISMATCH,48097039647498240,Version Mismatch
CAVE_ENTRANCE,48527482492321792,Cave Entrance
UI_ITEM_DESC_FMT,50641214507048960,{attributes:list:|<br>}
UI_HITEFFECT_DESC_FMT,50658861504258048,{trigger}: {effect}
MESSAGE_BOX_TUTORIAL_SINGLE_PLAYER_TITLE,51432847888605184,Tutorial Warning
MESSAGE_BOX_TUTORIAL_SINGLE_PLAYER_MESSAGE,51432919170801664,To replay the tutorial you must restart in single player. <br>Would you like to return to the main menu to start a single player game?
MESSAGE_BOX_REBIND_CONFLICT_MSG_FMT,52952037393887232,"Input ""{InputPath}"" is already bound to ""{ActionName}"", which will now also need to be bound to a new input."
MESSAGE_BOX_REBIND_BANNED_MSG_FMT,52961862714585088,"Input ""{InputPath}"" is already bound to global action ""{ActionName}""."
MESSAGE_BOX_REBIND_CONFLICT_TITLE,52952033853894656,Key Rebind Conflict
MESSAGE_BOX_REBIND_BANNED_TITLE,52961860839731200,Rebind Key Failed
UI_REQUIREMENT_NONE,52948800652697600,No Requirements
UI_REQUIREMENT_PROGRESSFLAG_FMT,52948896446406656,Requires {flag}
UI_REQUIREMENT_STAT_RUNSFAILED_FMT,52949023231827968,Fail {count:plural:{} run|{} runs}
UI_REQUIREMENT_STAT_PLANETSCOMPLETED_FMT,52949166408589312,Evacuate from {count:plural:{} planet|{} planets}
UI_REQUIREMENT_STAT_MEATSWAPPED_FMT,52949168367329280,Swap {count:plural:{} meat|{} meats}
UI_REQUIREMENT_STAT_PLANETSVISITED_FMT,52949169457848320,Visit {count:plural:{} planet|{} planets}
UI_REQUIREMENT_SOLARSYSTEM_FMT,52949170154102784,Complete {system} on {difficulty}{ascension:cond:>0? A{}|}
UI_REQUIREMENT_PLANET_FMT,52949486878580736,Complete {planet}
UI_REQUIREMENT_EMPLOYEERANK_FMT,52949564150243328,Employee Rank {rank}
UI_REQUIREMENT_WEAPONSTAT_OBJECTIVES_FMT,52949730919964672,Complete {count} Primary {count:plural:Directive|Directives} with {family}
HUNTER_ENRAGE_TIMER,53525888526966784,Enrage in:
UI_TERMINAL_WEAPONS_TITLE,53934907058020352,WEAPON TERMINAL
UI_TERMINAL_WEAPONS_BACK,53934967472775168,BACK TO WEAPON SELECT
UI_TERMINAL_EXIT,53935205264646144,EXIT TERMINAL
UI_UPGRADEGRID_POINTS_AVAIL,53958569882542080,POINTS AVAILABLE:
UI_UPGRADEGRID_RANK_UP,53960174602280960,RANK UP
UI_UPGRADEGRID_WEAPONS,53981706342883328,WEAPON RANK
UI_UPGRADEGRID_MAXRANK,54247495897702400,MAX RANK
UI_UPGRADEGRID_UNLOCK,54247498640777216,UNLOCK
UI_UPGRADEGRID_COST_FMT,54269938343337984,Cost: <b>{points}</b> Points
UI_UPGRADEGRID_CHALLENGE_TITLE,54322765962928128,CHALLENGE
UI_UPGRADEGRID_BLOCKED_DESC,54322889858473984,Unlock adjacent square to reveal challenge
UI_UPGRADEGRID_UNLOCKS_TITLE,54323001598926848,Unlocks:
MESSAGE_BOX_LOAD_DEMO_PROGRESS_TITLE,55860577653682176,Migrate Demo Progress	
MESSAGE_BOX_LOAD_DEMO_MESSAGE,55860579570479104,Save file from the SwapMeat demo was found. Would you like to copy your game progress from the demo? Any existing save data will be overwritten.
MESSAGE_BOX_LOAD_DEMO_SECONDARY,56092050369474560,"No, but remind me next time"
MESSAGE_BOX_LOAD_DEMO_CANCEL,56092051975892992,"No, and never ask again"
MESSAGE_BOX_LOAD_DEMO_CONFIRM,56092048666587136,Yes
UI_WEAPONTERMINAL_INSPECT,56189457739538432,INSPECT WEAPON
CURRENCY_TRADER_TITLE,58576102623272960,Trader Mike
CURRENCY_TRADER_DESCRIPTION,58576262912794624,// Convert Currencies & Resources
COMMON_BACK,58577423170527232,Back
CARL_TERMINAL_TITLE,58588816691159040,Carl Rangus
CARL_TERMINAL_DESCRIPTION,58588929878646784,The best dang manager this side of the galaxy
CARL_TERMINAL_ALL_COMPLETED_ENTRY,58590589204029440,You done gone did everything! Maybe there's more to discover while exploring those planets...
COMMON_COMPLETED,58590894855544832,Completed
TRADER_TERMINAL_EMPTY_ENTRY,58591398792781824,No resources in inventory
TRADER_TERMINAL_ACTION_SELL,58596954802741248,Sell
TRADER_TERMINAL_ACTION_EXCHANGE,58597048063090688,Buy
TRADER_TERMINAL_ACTION_UNAVAILABLE_NO_CURRENCY,58597098013057024,Not enough currency
WEAPON_DAMAGE_FMT,58681057103306752,Damage: {MinDamage} - {MaxDamage}{ProjectileCount:| x{}}{DamageType: ({})|}
WEAPON_RATE_FMT,58682157948723200,{ShotsPerSecond:0.00} rounds/s
WEAPON_CRIT_CHANCE_FMT,58682730970341376,{CritChance:percent()}% / x{Damage:0.00} DMG
WEAPON_EXPOSIVE_RADIUS_FMT,58683047074062336,Explosive Radius: {Radius}m
WEAPON_HEAL_FMT,58683397642379264,Heal Amount: {HealBase}
WEAPON_HEAL_RADIUS_FMT,58683398825172992,Heal Radius: {Radius}
UI_REQUIREMENTS,58737776349143040,Requirements:
,59065052786782208,Cannot respawn while enraged
,59065063629058048,Hold [InputAction:Interact/Interact] to respawn
UI_UPGRADEGRID_PROGRESSCOUNT_FMT,59426037270831104,{current} / {total}
UI_TERMINAL_SMARTMEAT_TITLE,61538986663862272,EMPLOYEE BENEFITS TERMINAL
UI_UPGRADEGRID_SMARTMEAT,61538996168155136,SMART MEAT
UI_UGPRADEGRID_SMARTMEAT_SUBCATEGORY,61538997678104576,YOU ARE THE ULTIMATE WEAPON
UI_UPGRADEGRID_DESC,61619816316788736,Increase rank to get Upgrade Points.
EVENT_DESCRIPTION_TIME_FMT,61552718882267136,{EventText} : {TimeoutText}
EVENT_DESCRIPTION_TIME_ONLY_FMT,61553051326996480,{TimeoutText}
MAIN_MENU_UNSTUCK_BTN_TXT,61894851502731264,I'm stuck!
ITEM_REWARD_NAME_FMT,63053428530601984,{ItemName}{ItemCount:| +{ItemCount}}
UI_WEAPONINSPECT_UNLOCK,63351818913046528,UNLOCK
UI_WEAPONINSPECT_UPGRADES,63351863464943616,RANK UPGRADES
UI_WEAPONINSPECT_UPGRADE_DESC,63364711805083648,Complete challenges to unlock weapon upgrades.<br>Rank up to earn upgrade points to spend.
UI_WEAPONINSPECT_UNLOCK_DESC,63364702686666752,Weapon must be unlocked in order to progress weapon ranks.
UI_WEAPONINSPECT_BASEDAMGE_FMT,63374233634332672,BASE DAMAGE: {MinDamage} - {MaxDamage}{ProjectileCount:| x{}}
UI_WEAPON_RANGE_TITLE,63445794089328640,RANGE
UI_WEAPON_RANGE_FMT,63445941418450944,{Range:0.0}m
UI_WEAPON_RATE_TITLE,63445951468003328,RATE
UI_WEAPON_CRIT_CHANCE_TITLE,63446363281547264,CRIT
UI_WEAPON_MAGAZINE_TITLE,63446478268391424,MAG SIZE
WEAPON_MAGAZINE_FMT,63446480793362432,{MaxCount}
UI_WEAPONINSPECT_RELOAD_BONUS,63529341047267328,RELOAD BONUS:
UI_TAG_EQUIPPED,63534599735599104,EQUIPPED
UI_WEAPONINSPECT_TEST_WEAPON,63534728131633152,TEST IN FIRING RANGE
UI_UPGRADEGRID_WEAPONS_BACK,63713969943076864,BACK TO WEAPON INSPECT
UI_CARLTERMINAL_CLAIM_BTN_CURRENCY_LOCKED,63752030165856256,Not Enough Currency
UI_CARLTERMINAL_CLAIM_BTN_CLAIM,63752028576215040,CLAIM
UI_CARLTERMINAL_CLAIM_BTN_DEMO_LOCKED,63752024679706624,Demo Locked
UI_CARLTERMINAL_CLAIM_BTN_CRAFT,63752026911076352,Purchase
UI_UPGRADEGRID_MAXDEMORANK,63774850287595520,Max Demo Rank
SUBTITLE_LINE_FMT,63797240152449024,<color=#{SpeakerNameColor}>{SpeakerName}:</color> {SpeakerText}
Drain Tunnel,64088669405609984,Drain Tunnel
Drain Tunnel 2,64091624674459648,Drain Tunnel 2
UI_GALAXYMAP_DEMO_LOCKED,65856258359357440,Demo Locked
DIAMOND,66974994580406272,Diamond
PROTECTIVE_CRSYSTAL,66975109500141568,Protective Crystal
SHIELD_GENERATOR,66975448525733888,Shield Generator
UI_OPTS_MULTIPLAYER,67081471604486144,Multiplayer
UI_OPTS_OPTIONS,67081590919852032,Options
UI_OPTS_RETURN_MOTHERSHIP,67081787087450112,Abandon Run
UI_OPTS_QUIT_TO_MAINMENU,67081878519083008,Quit to Main Menu
UI_OPTS_EXIT,67081951311228928,Exit Game
UI_COMPASS_N,68109857843044352,N
UI_COMPASS_NE,68109928332517376,NE
UI_COMPASS_E,68109962709032960,E
UI_COMPASS_SE,68109993440698368,SE
UI_COMPASS_S,68110021160853504,S
UI_COMPASS_SW,68110069386960896,SW
UI_COMPASS_W,68110099468509184,W
UI_COMPASS_NW,68110126031036416,NW
HUNTERS_TIMER_FMT,68162259069689856,{SecondsRemaining:secondstotime()}
HUNTERS_TIMER_REWARD_FMT,68472376516403200,{Count:cond:<0?<color=#FF3667>{}s</color>|+{}s}
EVENT_REWARD_FMT,68757372988809216,{Count}
UI_OPTS_ACCOUNT_TAB,68549317450723328,Account
UI_OPTS_AUDIO_TAB,68549280075280384,Audio
UI_OPTS_VIDEO_TAB,68549243832299520,Video
UI_OPTS_CONTROLLER_TAB,68549200207343616,Controller
UI_OPTS_KEYBOARD_TAB,68549159149301760,Keyboard
UI_OPTS_GAMEPLAY_TAB,68549116929437696,Gameplay
UI_OPTS_LAST_SAVE_TXT,68548738615799808,Last save:<br>{0:timespan(less|minute)} ago<br><br>{Tag}
UI_OPTS_TAB_RIGHT,68549357606989824,[InputAction:UI/NextTab]
UI_OPTS_TAB_LEFT,68548893402394624,[InputAction:UI/PreviousTab]
UI_OPTS_RANGUS_TITLE,68857709201387520,Rangus Menu
UI_OPTS_BACK_INPUT,68857711046881280,[InputAction:UI/Cancel] Back
UI_OPTS_SELECT_INPUT,68857825807233024,[InputAction:UI/Submit] Select
MESSAGE_BOX_LEAVE_TITLE,69160074362155008,Leave Game?
MESSAGE_BOX_LEAVE_HOST_TITLE,69160751356375040,Leave Hosted Game?
MESSAGE_BOX_LEAVE_TXT,69160855006015488,Are you sure you want to leave the game?
MESSAGE_BOX_LEAVE_HOST_TXT,69160978603765760,Are you sure you want to leave this game?<br>You are the Host and leaving will kick all other players.
MESSAGE_BOX_LEAVE_CONFIRM,69161157897678848,Leave Game
MESSAGE_BOX_RETURN_CONFIRM,69163340810612736,Abandon Run
MESSAGE_BOX_RETURN_TITLE,69163337862017024,Abandon Run?
MESSAGE_BOX_RETURN_TXT,69163343302029312,Are you sure you want to abandon your run?
MESSAGE_BOX_RETURN_HOST_TXT,69163346871382016,Are you sure you want to abandon your run?<br>You are the Host and all other players will return with you.
UI_BLOCKLIST_TITLE,69854086446379008,Block List
UI_BLOCKLIST_UNBLOCK_BTN,69854165966188544,Unblock
OPTS_MULTIPLAYER_CURRENT_TEAM,69865368843120640,Current Team
OPTS_MULTIPLAYER_ENABLE_OBSERVERS,69865544915808256,Enable Observers
OPTS_MULTIPLAYER_MANAGE_BLOCKS,69865680991612928,Manage Block List...
UI_OPTS_MUTE_BTN,69867030940938240,Mute
UI_OPTS_KICK_BTN,69867067745955840,Kick
UI_OPTS_BLOCK_BTN,69867107889639424,Block
UI_OPTS_UNMUTE_BTN,69869271953371136,Unmute
UI_OPTS_MULTIPLAYER_TITLE,69893490762248192,Multiplayer
UI_OPTS_RESTORE_DEFAULTS_BTN,70244262565834752,Restore Defaults
UI_OPTS_MOUSE_INVERT_Y,70272412423221248,Invert Y Axis
UI_OPTS_MOUSE_SPEED_X,70272546573840384,Mouse Horizontal Speed
UI_OPTS_MOUSE_SPEED_Y,70272548553551872,Mouse Vertical Speed
UI_OPTS_INPUT_GROUP,70279105097953280,Input
UI_OPTS_GAMEPAD_INVERT_LOOK,70282043379871744,Invert Y Axis (Look)
UI_OPTS_GAMEPAD_INVERT_MOVE,70282061679620096,Invert Y Axis (Move)
UI_OPTS_GAMEPAD_LOOK_SPEED_X,70282063558668288,Gamepad Horizontal Speed
UI_OPTS_GAMEPAD_LOOK_SPEED_Y,70282065131532288,Gamepad Vertical Speed
UI_OPTS_GAMEPAD_AIM_SENSITIVITY,70282066817642496,Aim Sensitivity
UI_OPTS_GAMEPAD_AIM_ASSIST_STRENGTH,70282068478586880,Aim Assist Strength
UI_OPTS_GENERAL_GROUP,70287948653719552,General
UI_OPTS_ADVANCED_GROUP,70287955960197120,Advanced
UI_OPTS_VIDEO_WINDOW_MODE,70287952470536192,Screen Mode
UI_OPTS_VIDEO_QUALITY,70287954148257792,Quality
UI_OPTS_VIDEO_RESOLUTION,70318948783943680,Resolution
UI_OPTS_AUDIO_MASTER_VOL,70324061531467776,Master Volume
UI_OPTS_AUDIO_MUSIC_VOL,70324070058487808,Music Volume
UI_OPTS_AUDIO_DIALOGUE_VOL,70324071845261312,Dialogue Volume
UI_OPTS_AUDIO_VOIP_CHAT_MODE,70324073653006336,Voice Chat Mode
UI_OPTS_AUDIO_VOIP_VOL,70324075414614016,Voice Chat Volume
UI_OPTS_FX_GROUP,70324077025226752,FX
UI_OPTS_AUDIO_ENEMIES_VOL,70324078786834432,Enemy Volume
UI_OPTS_AUDIO_PLAYER_VOL,70324081903202304,Character Volume
UI_OPTS_AUDIO_ENVIRONMENT_VOL,70324083664809984,Environment Volume
UI_OPTS_AUDIO_UI_VOL,70324085401251840,UI Volume
UI_OPTS_ACCOUNT_UNSTUCK_BTN,70352078584606720,I'm Stuck!
UI_OPTS_ACCOUNT_UPLOAD_LOGS_BTN,70352077099823104,Upload Logs
UI_OPTS_ACCOUNT_RESET_BTN,70352075493404672,Reset Account
UI_OPTS_RESET_DEFAULT_CONFIRM,70371646627573760,Yes
UI_OPTS_RESET_DEFAULT_CANCEL,70371653040664576,Cancel
UI_OPTS_RESET_DEFAULT_TITLE,70371436950122496,Restore Defaults?
UI_OPTS_RESET_DEFAULT_MSG,70371438707535872,Are you sure you want to restore these settings to their default values?
UI_OPTS_DEFAULT_HELP_TITLE,70399197446074368,Unimplemented Help title
UI_OPTS_DEFAULT_HELP_MESSAGE,70399200684077056,Unimplemented Help text
UI_OPTS_VIDEO_WINDOW_MODE_TITLE,70399203120967680,Screen Mode
UI_OPTS_VIDEO_RESOLUTION_TITLE,70399256933888000,Screen Resolution
UI_OPTS_VIDEO_WINDOW_MODE_MESSAGE,70399243101073408,<b>Full Screen</b><br>Dedicated full screen access for the game engine.<br><br><b>Full Screen Windowed</b><br>A borderless window set to the same native resolution as your screen.<br><br><b>Windowed</b><br>A resizable game window with native minimize/maximize/resize controls.
UI_OPTS_VIDEO_RESOLUTION_MESSAGE,70399271093858304,"The width, height, and refresh rate to display the game window at. <br><br>This setting is only available when in Fullscreen or Windowed mode."
UI_OPTS_VIDEO_QUALITY_TITLE,70411522215440384,Quality Level
UI_OPTS_VIDEO_QUALITY_MESSAGE,70411523725389824,"The overall graphics quality level. Ranges from 0 to 5, with higher options providing greater graphical detail. <br><br>This setting influences underlying graphics settings like antialiasing, texture sizes, Level of Detail (LOD) distances, etc."
UI_OPTS_MOUSE_INVERT_Y_HELP_TITLE,70412171606945792,Invert Y Axis (Mouse)
UI_OPTS_MOUSE_INVERT_Y_HELP_MESSAGE,70412173477605376,"Turns look inversion on/off when using the mouse. <br><br>When on, your character will look down when the control is moved up."
UI_OPTS_MOUSE_SPEED_X_HELP_TITLE,70412458447007744,Mouse Horizontal Speed
UI_OPTS_MOUSE_SPEED_X_HELP_MESSAGE,70412460183449600,Mouselook sensitivity on the side-to-side axis.
UI_OPTS_MOUSE_SPEED_Y_HELP_TITLE,70412692216541184,Mouse Vertical Speed
UI_OPTS_MOUSE_SPEED_Y_HELP_MESSAGE,70412693684547584,Mouselook sensitivity on the up-and-down axis.
UI_OPTS_GAMEPAD_INVERT_LOOK_HELP_TITLE,70412800836431872,Invert Y Axis (Gamepad)
UI_OPTS_GAMEPAD_INVERT_LOOK_HELP_MESSAGE,70412802040197120,"Turns look inversion on/off when using a gamepad. <br><br>When on, your character will look down when the control is moved up."
UI_OPTS_GAMEPAD_INVERT_MOVE_HELP_TITLE,70412957338497024,Invert Move Axis (Gamepad)
UI_OPTS_GAMEPAD_INVERT_MOVE_HELP_MESSAGE,70412958634536960,"Turns movement inversion on/off when using a gamepad. <br><br>Inverts the characters forward/backward movement.<br><br>Rarely needed, but sometimes useful on older controllers."
UI_OPTS_GAMEPAD_LOOK_SPEED_X_HELP_TITLE,70413632646606848,Gamepad Horizontal Speed
UI_OPTS_GAMEPAD_LOOK_SPEED_X_HELP_MESSAGE,70413633917480960,Look sensitivity on the side-to-side axis when using a gamepad.
UI_OPTS_GAMEPAD_LOOK_SPEED_Y_HELP_TITLE,70413812913598464,Gamepad Vertical Speed
UI_OPTS_GAMEPAD_LOOK_SPEED_Y_HELP_MESSAGE,70413813823762432,Look sensitivity on the up-and-down axis when using a gamepad.
UI_OPTS_GAMEPAD_AIM_SENSITIVITY_HELP_TITLE,70414081336471552,Aim Sensitivity
UI_OPTS_GAMEPAD_AIM_SENSITIVITY_HELP_MESSAGE,70414082783506432,The ratio of overall gamepad look sensitivity while the trigger is being held down to fire. <br><br>Turn this down if you want less sensitivity and finer-grained aim control while shooting.
UI_OPTS_GAMEPAD_AIM_ASSIST_STRENGTH_HELP_TITLE,70414380562313216,Aim Assist Strength
UI_OPTS_GAMEPAD_AIM_ASSIST_STRENGTH_HELP_MESSAGE,70414381661220864,"How strongly the aim assist system will pull your reticle towards the nearest target. <br><br>Aim assist is active a) in between recoil while holding the trigger, and b) when the trigger is only lightly depressed.<br><br>Higher values snap to the target more rapidly."
UI_OPTS_AUDIO_MASTER_VOL_TITLE,70415210757681152,Master Volume
UI_OPTS_AUDIO_MASTER_VOL_MESSAGE,70415212070498304,Controls the overall volume of all game audio.
UI_OPTS_AUDIO_MUSIC_VOL_TITLE,70415381159669760,Music Volume
UI_OPTS_AUDIO_MUSIC_VOL_MESSAGE,70415382266966016,Controls the volume of background music tracks.
UI_OPTS_AUDIO_DIALOGUE_VOL_TITLE,70415464353689600,Dialogue Volume
UI_OPTS_AUDIO_DIALOGUE_VOL_MESSAGE,70415465322573824,Controls the volume of voiceover dialogue appearing as picture-in-picture interactions during gameplay. Also controls the volume of dialogue during cutscenes.<br><br>Press [InputAction:UI/Interact] to play a test sound
UI_OPTS_AUDIO_VOIP_CHAT_MODE_TITLE,70415802246819840,Voice Chat Mode
UI_OPTS_AUDIO_VOIP_CHAT_MODE_MESSAGE,70415803299590144,How [InputAction:Global/PushToTalk] controls when your microphone is active for in game voice chat.<br><br><b>Push To Talk</b><br>Hold down [InputAction:Global/PushToTalk] while talking.<br><br><b>Toggle</b><br>Press [InputAction:Global/PushToTalk] once to activate the microphone. The microphone will stay active until you press [InputAction:Global/PushToTalk] again to turn it off.<br><br><b>OpenMic</b><br>No keypress required. Microphone is always active.
UI_OPTS_AUDIO_VOIP_VOL_TITLE,70417227920109568,Voice Chat Volume
UI_OPTS_AUDIO_VOIP_VOL_MESSAGE,70417228972879872,Controls the overall volume of in-game voice chat.<br><br>Press [InputAction:UI/Interact] to play a test sound
UI_OPTS_AUDIO_ENEMIES_VOL_TITLE,70417416386965504,Enemy Volume
UI_OPTS_AUDIO_ENEMIES_VOL_MESSAGE,70417417343266816,Controls the volume of sound effects originating from enemies.<br><br>Press [InputAction:UI/Interact] to play a test sound
UI_OPTS_AUDIO_PLAYER_VOL_TITLE,70417543201746944,Character Volume
UI_OPTS_AUDIO_PLAYER_VOL_MESSAGE,70417544044802048,"Controls the volume of sound effects originating from player characters, including meat swapping and weapon fire.<br><br>Press [InputAction:UI/Interact] to play a test sound"
UI_OPTS_AUDIO_ENVIRONMENT_VOL_TITLE,70417711691132928,Environment Volume
UI_OPTS_AUDIO_ENVIRONMENT_VOL_MESSAGE,70417712496439296,"Controls the volume of ambient sounds in the game environment such as water, force fields, and beeps and boops.<br><br>Press [InputAction:UI/Interact] to play a test sound"
UI_OPTS_AUDIO_UI_VOL_TITLE,70418002318651392,UI Volume
UI_OPTS_AUDIO_UI_VOL_MESSAGE,70418003727937536,Controls the volume of UI interaction noises and sound effects.<br><br>Press [InputAction:UI/Interact] to play a test sound
UI_OPTS_INVITE_PLAYERS_BTN,70418305227091968,Invite Player
UI_OPTS_BLOCK_PLAYER_MESSAGE,70418828219052032,- Blocks incoming game invites from them<br>- Blocks them from joining or interacting with your hosted games<br>- Mutes them in games you join if they are present
UI_OPTS_BLOCK_PLAYER_TITLE,70418745436073984,Block Player
UI_OPTS_KICK_PLAYER_TITLE,70418437070843904,Kick Player
UI_OPTS_KICK_PLAYER_MESSAGE,70418717061607424,- Kicks player from the current game<br>- Player can attempt to rejoin from the main menu
MODE_SELECT_SOLO_GAME,70420012703084544,Private
MODE_SELECT_PUBLIC_GAME,70420047901683712,Public
MODE_SELECT_FRIENDS_GAME,70420085428121600,Friends
MODE_SELECT_SOLO_GAME_DESC,70420126205145088,"Play alone, or invite others to join"
MODE_SELECT_PUBLIC_GAME_DESC,70420200670818304,"Anyone can join, Perfect for streaming!"
MODE_SELECT_FRIENDS_GAME_DESC,70420318446874624,Friends can find and join your game
MODE_SELECT_PLAY_BTN,70420636043767808,Play
MODE_SELECT_JOIN_BTN,70420672118976512,Join Game
UI_OPTS_KEYBIND_GROUP_MISC,70420950109057024,Misc
UI_OPTS_KEYBIND_GROUP_COMMUNICATION,70420944467718144,Communication
UI_OPTS_KEYBIND_GROUP_WEAPONS,70420902256242688,Weapons & Abilities
UI_OPTS_KEYBIND_GROUP_MOVEMENT,70420842411913216,Movement
UI_OPTS_KEYBIND_PROMPT,70421315709759488,Press any key
UI_OPTS_KEYBIND_BINDING,70421327982292992,Binding: {BindingName}
UI_OPTS_KEYBIND_CANCEL_PROMPT,70421608761585664,[InputAction:UI/Cancel] to Cancel
UI_OPTS_KEYBIND_ERROR_TITLE,70421791478050816,Key Already Bound
UI_OPTS_KEYBIND_ERROR_MSG,70421794263068672,This will unbind another action: <br>{OtherActionName}<br>Are you sure you would like to continue?
UI_OPTS_KEYBIND_ERROR_CONFIRM,70422064200085504,Confirm
UI_OPTS_KEYBIND_ERROR_CANCEL,70422066154631168,Cancel
UI_OPTS_KEYBIND_PROMPT_GAMEPAD,70422265480540160,Press any button
UI_OPTS_BUTTON_LAYOUT_TITLE,70422436385845248,Button Layout
UI_MULTIPLAYER_BLOCKLIST_HELP_TITLE,70426179655364608,Manage Block List
UI_MULTIPLAYER_BLOCKLIST_HELP_MESSAGE,70426187016368128,"View and manage the list of users you have added to your block list.<br><br>Blocked users are not able to join games you host. If you and the blocked user end up in a game hosted by a third party, the blocked user will be automatically muted for you."
UI_MULTIPLAYER_OBSERVER_HELP_TITLE,70426780619436032,Enable Observers
UI_MULTIPLAYER_OBSERVER_HELP_MESSAGE,70426781500239872,"Enable/Disable whether a fourth player is allowed to connect to your hosted games in observer-only mode. Observers cannot participate in voice chat, but may watch the game from the perspective of the host or any connected player."
UI_OPTS_ACCOUNT_RESET_TITLE,70434638551511040,Reset Account
UI_OPTS_ACCOUNT_UPLOAD_LOGS_TITLE,70434641781125120,Upload Debug Logs
UI_OPTS_ACCOUNT_UNSTUCK_TITLE,70434644754886656,Get Unstuck
UI_OPTS_ACCOUNT_RESET_MESSAGE,70434640048877568,<b>!! Caution !!</b><br><br>Resets account progress back to its initial state. This will wipe out all game progress and unlocks.
UI_OPTS_ACCOUNT_UPLOAD_LOGS_MESSAGE,70434643219771392,Uploads your game logs to OMG for debugging analysis.
UI_OPTS_ACCOUNT_UNSTUCK_MESSAGE,70434646139006976,Sometimes you've fallen and can't get up. Sometimes you're stuck between a rock and a hard steak. <br><br>This will respawn you at the last relevant respawn point.
Open Hatch,70668568375361536,Open Hatch
UI_OPTS_KEYBINDS_GROUP,70738498176348160,Keybinds
UI_OPTS_BUTTONBINDINGS_GROUP,70738650857402368,Button Bindings
MODE_SELECT_PLAY_BT,71007312436719616,Play
MODE_SELECT_CREATE_FRIENDS_TITLE,71007349887660032,Friends
MODE_SELECT_CREATE_PUBLIC_TITLE,71007346976813056,Public
MODE_SELECT_CREATE_SOLO_TITLE,71007343826890752,Private
MODE_SELECT_CREATE_SOLO_DESC,71007345391366144,"Play alone, or invite others to join"
MODE_SELECT_CREATE_PUBLIC_DESC,71007348780363776,"Anyone can join, perfect for streaming!"
MODE_SELECT_CREATE_FRIENDS_DESC,71007351351472128,Friends can find and join your game
MODE_SELECT_GAME_MODE_TITLE,71011334463877120,Game Mode
UI_OPTS_LOG_UPLOAD_COMPLETE_TITLE,71062033079922688,Log Upload Complete
UI_OPTS_LOG_UPLOAD_COMPLETE_MSG,71062034984136704,Your debug logs have been uploaded to OMG.<br>Thank you for your report!
UI_OPTS_BUILD_INFO,71065577514266624,Platform: {PlatformName}    |    Build: {BuildId}    |    Protocol Hash: {ProtocolHash}
UI_OPTS_SAVE_APPLY,71090571845758976,[InputAction:UI/Submit] Apply
,71396639206309888,Mutant Tank
CONTROL_PANEL,71374858701537280,Control Panel
UI_LOADOUT_EQUIPPED_NONE,70975984860389376,None
UI_LOADOUT_SLOT_ULTIMATE,71006503694229504,Mystery Meat
UI_LOADOUT_SLOT_MELEE,71006502045868032,Melee
UI_LOADOUT_SLOT_PRIMARY,71006497910284288,Primary
UI_LOADOUT_SLOT_SECONDARY,71006500313620480,Secondary
UI_LOADOUT_SLOT_FLAIR,71008883575873536,Flair
UI_DAMAGE_TEXT,71027131851726848,Damage
UI_INTERACTION_MEAT,71029281604493312,Pick Up
UI_INTERACT_PIN,71029310960427008,Pin
UI_RESPAWN_HUNTER_COST_FMT,71029344326115328,[ TIMER RESPAWN {CostSeconds}s ]
,71029377494671360,Respawn at the cost of <color=#{ColorStr}>{CostSeconds}s</color> on the <color=#{ColorStr}>Hunter Timer</color>
UI_INFOTERMINAL_NAME,71029479261069312,Codex
UI_INFOTERMINAL_INTERACT,71029517936746496,Open
UI_BOLTBURGER_NAME,71029706948861952,Bolt Burger
UI_BOLTBURGER_INTERACT,71029788435800064,<color=yellow>Escape!</color>
UI_MEATCORE_NAME,71029824678780928,Meat Core
UI_MEATCORE_INTERACT,71029870979702784,Begin Harvesting
UI_GATHERNODE_REQUIREMENT,71029905968586752,<color=red>Requires {Requirement}</color>
UI_SMARTMEAT_NAME,71029965485760512,Smart Meat
UI_MEAT_PART_HEAD,71029987690405888,Head
UI_MEAT_PART_TORSO,71030010549362688,Torso
UI_MEAT_PART_LEGS,71030042077945856,Legs
UI_MEATNAME_MISSING,71030073136766976,Missing Meat
UI_HEALTHPICKUP_NAME,71039568562872320,Health Station
UI_HEALTHPICKUP_INTERACT,71039570580332544,Regain {percentage:percent()}% Health
UI_LOBBY_TV_NAME,71282475156889600,The Tube
UI_LOBBY_TV_ON,71282477010771968,<color=yellow>Watch Employee Orientation</color>
UI_LOBBY_TV_OFF,71282478541692928,<color=yellow>Turn this rubbish off</color>
UI_BOLTBURGER_CONFIGURE,71287883359576064,Employee Configuration
HUD_CHECKPOINT_TOAST,71718200525385728,Checkpoint saved!
UI_TRAVEL_LOBBY,71871682891997184,Return to
UI_TRAVEL_PLANET,71871685479882752,Next planet
UI_ENDSTAGE_DATA,71871687346348032,Data
UI_ENDSTAGE_STATS,71871688839520256,Stats
UI_ENDSTAGE_REWARDS,71871690248806400,Rewards
UI_ENDSTAGE_LOADOUT,71871691788115968,Loadout
UI_CARLTERMINAL_QUESTS,73167908547584000,Quests
UI_CARLTERMINAL_UPGRADES,73167953896398848,Upgrades
UI_CARLTERMINAL_COMPLETED,73167992798568448,Completed
UI_MODESELECT_DEMOPROGRESS,73195958265962496,Demo Progress Transfers To Full Game
DEATH_SCREEN_KILLED_BY_FMT,73552691249274880,Killed By <color=#FFC700>{CreatureName}</color>
DEATH_RESPAWNING_TITLE,73560258369282048,Respawning
DEATH_LAST_CHANCE,73578787034357760,Last Chance!
DEATH_FINAL_TITLE,74209383469277184,Dead Meat
UI_ANNOUNCEMENT_HOST_PAUSED,74296313619931136,Host has paused the game
UI_ANNOUNCEMENT_LEVEL_UP,74296314148413440,Players are choosing level up rewards
UI_ANNOUNCEMENT_ENTER_PLANET_FMT,74296317638074368,Entering {planet}
UI_ANNOUNCEMENT_DIFFICULTY_FMT,74296319433236480,{difficulty}{ascension:cond:>0? Ascension {}|}
UI_ANNOUNCEMENT_LEVEL_UP_RESUME,74296320918020096,Resuming in {seconds} seconds
UI_MEATLOCKER_BACK,74561067920846848,[InputAction:UI/Cancel] Back
UI_MEATLOCKER_TITLE,74560976120115200,Meat Locker
UI_MEATLOCKER_SUBTITLE,74560978846412800,// Adjust Cosmetics
UI_MEATLOCKER_EQUIP_BTN,74561255393652736,[InputAction:UI/Submit] Equip
UI_MEATLOCKER_ROTATE,74561363761885184,Rotate
UI_MEATLOCKER_INTERACT_NAME,74562836717563904,Meat Locker
UI_MEATLOCKER_INTERACT_PROMPT,74562840249167872,Adjust Cosmetics
UI_OPTS_GENERAL_TAB,75389016626622464,General
UI_OPTS_LOC_GROUP,75400145952239616,Localization
UI_OPTS_LOCALE,75400155171319808,Language
UI_OPTS_LOCALE_HELP_MESSAGE,75399913063510016,Select the language you prefer when viewing text in the game.
UI_OPTS_LOCALE_HELP_TITLE,75399909397688320,Language
UI_REQUIREMENT_WEAPONRANK_ANY,73516429897359360,Rank up any weapon to rank {rank}
UI_REQUIREMENT_WEAPONRANK_SPECIFIC,73516431621218304,Rank up {family} to rank {rank}
UI_REQUIREMENT_CURRENCY,73516433013727232,Have {amount} {currency}
UI_REQUIREMENT_UNLOCK_ARTIFACT,73516434381070336,Unlock {Count} Artifact {Count:plural:Ability|Abilities}
UI_REQUIREMENT_UNLOCK_WEAPON,73516435505143808,Unlock {Count:plural:{} Weapon|{} Weapons}
UI_REQUIREMENT_UNLOCK_FLAIR,73516449342152704,Unlock {Count} {Count:plural:Piece|Pieces} of Flair
COMMON_SIDEQUESTS,74560833584095232,Side Quests
UI_CARLTERMINAL_CLAIM_BTN_REQUIREMENTS_LOCKED,74607019393277952,Requirements Not Met
UI_REQUIREMENT_CARLQUEST_FMT,74971176676352000,"Complete Quest: ""{quest}"""
UI_REQUIREMENT_SMARTMEAT_RANK,75676449292410880,Upgrade your Smart Meat to Rank {rank}
UI_REQUIREMENT_CAUGHTFISH,75676451393757184,Catch {count} fish
UI_REQUIREMENT_PROGRESS_FMT,75687597366566912,<color=#{color}>{count}</color>/{total}
UI_SAVEMGMT_EMPLOYEE_NAME,76455159420350464,Employee {EmployeeNumber}
UI_SAVEMGMT_COMPLETION_SHORT,76455871910965248,{CompletionPercent}%
UI_SAVEMGMT_SYSTEM_STATUS_SHORT,76455956396830720,System {CurrentSystem}/{SystemCount}
UI_SAVEMGMT_PLAYTIME_SHORT,76456085350707200,{Days:D2}:{Hours:D2}:{Minutes:D2}
UI_SAVEMGMT_GLIZZY_COUNT,76457598835945472,{GlizzyCount}
UI_SAVEMGMT_DATAPOINT_COUNT,76457671896526848,{DataPointCount}
UI_SAVEMGMT_CARLCOIN_COUNT,76457673867849728,{CarlCoinCount}
UI_SAVEMGMT_SAVE_BTN_TITLE,76457842160103424,Save File
UI_SAVEMGMT_SAVE_BTN_DETAIL,76457884715511808,Change
UI_SAVEMGMT_CREATE_EMPLOYEE_BTN,76458001149390848,+ Create New Employee
UI_SAVEMGMT_PLAYTIME_LONG,76458052697387008,Time played: {Days:D2}:{Hours:D2}:{Minutes:D2}
UI_SAVEMGMT_COMPLETION_LONG,76458159945740288,Completion: {CompletionPercent}%
UI_SAVEMGMT_SAVE_DETAIL_TITLE,76458374538915840,Save Details
UI_SAVEMGMT_CURRENT_LOCATION_HEADER,76458409695571968,Current Location:
UI_SAVEMGMT_CAMPAIGN_PROGRESS_HEADER,76458491664855040,Campaign Progress:
UI_SAVEMGMT_BIRTHDAYS_HEADER,76458631045771264,Birthdays:
UI_SAVEMGMT_DELETE_SAVE_BTN,76458682354692096,[InputAction:UI/Revert] Delete Save
UI_SAVEMGMT_BIRTHDAYS_DATA,76458893697282048,{BirthdayCount}
UI_SAVEMGMT_CAMPAIGN_PROGRESS_DATA,76459164905172992,System {CurrentSystem}/{SystemCount}<br>{CurrentSystemName} // {CurentPlanetName}
UI_SAVEMGMT_TITLE_BAR,76459334883536896,Load Save
UI_SAVEMGMT_MSGBOX_DELETE_SAVE_TITLE,76459424876523520,Delete Save?
UI_SAVEMGMT_MSGBOX_DELETE_SAVE_MSG,76459477468901376,Are you sure you want to delete the selected save file for Employee {EmployeeNumber}?<br>This action cannot be undone.
UI_SAVEMGMT_MSGBOX_CONFIRM,76459568292360192,Delete Save
UI_CHANGE_DIFFICULTY_TO_FMT,76472743611064320,Change the Game Difficulty to {difficulty}
UI_CHANGE_DIFFICULTY_CLIENT,76472751513133056,Dare the Host to Change the Game Difficulty to {difficulty}
UI_SAVEMGMT_MSGBOX_LOAD_SAVE_TITLE,77150385709445120,Switch Employee?
UI_SAVEMGMT_MSGBOX_LOAD_SAVE_MSG,77150388238610432,Do you want to load the save file for Employee {EmployeeNumber}?
UI_SAVEMGMT_DIFFICULTY_SHORT,77171691624525824,{Difficulty}{Ascension:cond:>0? A{}|}
UI_SAVEMGMT_DIFFICULTY_LONG,77171850999689216,Difficulty: {Difficulty}
UI_SAVEMGMT_DIFFICULTY_TITLE,77174107421995008,Difficulty:
UI_SAVEMGMT_MSGBOX_CREATE_SAVE_MSG,77599484736892928,Create Rangus Employee {EmployeeNumber}
UI_SAVEMGMT_MSGBOX_CREATE_SAVE_TITLE,77599481565999104,Hire New Employee?
UI_SAVEMGMT_NO_VALID_SAVES_TITLE,77599796109438976,No Valid Employee Files
UI_SAVEMGMT_NO_VALID_SAVES_MSG,77599802421866496,No valid save files exist. A new employee will automatically be created for you to play.
UI_GALAXYMAP_UNKNOWN_BOSS,76942179224772608,???
UI_GALAXYMAP_UNKNOWN_PLANET,76942179686146048,???
UI_GALAXYMAP_MODE_TUTORIAL,76942183263887360,Tutorial
UI_GALAXYMAP_MODE_SCRIPTED,76942188812951552,System {index}
UI_GALAXYMAP_MODE_RANDOM,76942191665078272,Random Mode
UI_GALAXYMAP_PLANETS,77085138289156096,Planets
UI_GALAXYMAP_BOSS,77085141590073344,Boss
UI_GALAXYMAP_DIFFICULTY,77085143997603840,Difficulty
UI_GALAXYMAP_MODIFIERS,77085146208002048,Modifiers
UI_GALAXYSCREEN_DIFFICULTY_FMT,77181621885722624,Difficulty: {difficulty}
UI_GALAXYSCREEN_ASCENSION_FMT,77181756770344960,Ascension: {rank}
UI_GALAXYSCREEN_MODIFIERS_FMT,77181851947491328,Modifiers: {count}/{max}
UI_GALAXYMAP_RANDOM_DESC,77848170049036288,"All planets, enemies, and boss encounters randomized."
UI_GALAXYMAP_TUTORIAL_DESC,77848167003971584,Learn gameplay mechanics and basics on the easiest difficulty.
UI_GALAXYMAP_ASCENSION_ON,78047680209608704,Ascension: On
UI_GALAXYMAP_ASCENSION_OFF,78047682533253120,Ascension: Off
UI_MARKER_FREEMEAT,78544246305447936,Free Meat!
UI_UPGRADEGRID_ACTIVE,78691822283513856,Active
UI_BUYNOWONSTEAM,78930206331494400,Buy now on Steam
UI_OPTS_DEBUG_TAB,78987062803361792,Debug
UI_DIFFICULTY_SELECT_TITLE,81165014893846528,Select Your Difficulty
UI_KILLS_TEXT,80877989049393152,Kills
UI_CRITS_TEXT,80878169194749952,Crits
UI_DPS_TEXT,80878240179150848,Dps
UI_MATERIALS_TITLE,80900142813667328,Materials
UI_ENDSTAGE_NO_MATS_FOUND,80901560471642112,No materials detected!
UI_ENDSTAGE_GATHERING_DISCLAIMER,80901562480713728,*Gathering requires correct licenses
UI_ENDSTAGE_MATERIAL_FISHING,80927658316128256,Fishing Rifts
UI_ENDSTAGE_MATERIAL_MINING,80927660262285312,Mining Nodes
UI_ENDSTAGE_MATERIAL_TECH,80927662330077184,Ancient Technology
UI_ENDSTAGE_PRIME_DIRECTIVES,80927664423034880,Prime Directives
UI_ENDSTAGE_SECONDARY_EVENTS,80927666520186880,Secondary Events
UI_ENDSTAGE_CONSUMPTION,80927668453761024,Planet Consumption
,82164471160901632,Launch Shuttle
UI_REQUIREMENT_LIFETIME_FISH,81905413581168640,Catch {currency}
UI_REQUIREMENT_LIFETIME_CURRENCY,81905411479822336,Earn {currency}
UI_REQUIREMENT_LIFETIME_MATERIALS,81909229068214272,Gather {currency}
UI_INTERACTION_LOCKED,81878672011681792,Locked
UI_GALAXYSELECT_HARDEST_LABEL,83711659535753216,Hardest Difficulty Completed:
UI_GALAXYSELECT_DIFFICULTY_NONE,83722034389966848,Not Completed
UI_GALAXYSELECT_DESTINATION_SET,83744951232356352,Set Destination
UI_GALAXYSELECT_DESTINATION_CURRENT,83744947004497920,Going Here
TommyTank,84665130641293312,Tommy Tank
DirtbagName,84665500557934592,Dirtbag
UI_BOLTBURGER_TALK_TO_CARL_TITLE,84438056474501120,Talk to the Manager
UI_BOLTBURGER_TALK_TO_CARL_DESC,84438058676510720,Carl needs to talk to you before you go gallivanting around the galaxy.
UI_ITEMCONTAINER_NAME,86195272869208064,Item Container
UI_ITEMCONTAINER_INTERACT,86195284344823808,Claim Item Rewards
UI_TUTORIALPOPUP_NEXT,86931490321981440,Next
UI_TUTORIALPOPUP_CONFIRM,86931484559007744,Got it!
UI_TUTORIALPOPUP_PAGE_FMT,86949908160962560,{Current}/{Total}
MODE_SELECT_CONTINUE_BTN_FMT,88516393607032832,System {SystemNum} - {PlanetName}
UI_REQUIREMENT_STAT_NONABANDONEDRUNS_FMT,88708929729585152,Complete {count} run(s)
UI_BOLTBURGER_IGNORE_CARL,89059781141061632,Ignore Carl
UI_RUNINFO_DIFFICULTY_TITLE,89147099684265984,Difficulty:
UI_RUNINFO_MODE_TITLE,89160478117322752,Privacy:
UI_RUNINFO_SYSTEM_TITLE,89160599483703296,System:
UI_RUNINFO_PLANET_FMT,89160784477675520,> PLANET {current}/{total}: {planet}
UI_OBSERVER_NEXT_PLAYER_BINDING,89551067078914048,Spectate next player ([InputAction:Observer/FollowNextPlayer])
UI_OBSERVER_PLAYER,89551157478748160,Spectating {PlayerName}
UI_OBSERVER_INACTIVE,89551914265407488,Press <color=yellow>[InputAction:Observer/FollowNextPlayer]</color> to spectate your friends that let you die
UI_RUNINFO_MODE_CLIENT,89516919760084992,Client
UI_RUNINFO_PROGRESS_FMT,91309503138488320,{current}/{total}
UI_CODEX_TITLE_BAR,94228823121260544,Codex
UI_CODEX_EXIT_TERMINAL,94230730657165312,Exit Terminal
UI_CODEX_FAQ_TAB,96055162325364736,FAQ
UI_CODEX_ITEMS_RESOURCES_TAB,96055160647643136,Items & Resources
UI_CODEX_MEAT_PARTS_TAB,96055158953144320,Meat Parts
UI_CODEX_RANGUS_FILES_TAB,96055117706358784,Rangus Files
UI_CODEX_HEADS_TITLE,97078659881299968,Heads
UI_CODEX_TORSOS_TITLE,97078734208561152,Torsos
UI_CODEX_LEGS_TITLE,97078776701054976,Legs
UI_CODEX_ITEMS_TITLE,97078839842107392,Items
UI_CODEX_FISHING_TITLE,97078902005886976,Fishing
UI_CODEX_MINING_TITLE,97078943839875072,Mining
UI_CODEX_CHAINSAWING_TITLE,97078979487264768,Chainsawing
UI_CODEX_CURRENCY_TITLE,97079007689764864,Currency
UI_CODEX_MISCELLANEOUS_TITLE,97079047565012992,Miscellaneous
UI_CODEX_FAQ_TITLE,97079108843794432,FAQ (Tutorials)
UI_CODEX_EFFECTS,97578193359138816,Effects
UI_CODEX_ABILITY,97612639328202752,Ability
UI_CODEX_VIEW_FULL_FILE,98555893498441728,[InputAction:UI/Interact] View Full File
UI_CODEX_CLOSE_BTN,98649606463614976,Close
UI_REQUIREMENT_SOLARSYSTEM_ANY_FMT,98651080823398400,Complete any system on {difficulty}{ascension:cond:>0? A{}|}
UI_SMART_GLASS_ASSENTION_FMT,99191309422551040,A{rank}
UI_SMART_GLASS_SYSTEM_HEADER_FMT,99191769298624512,System {num}:
UI_MESSAGE_BOX_ABANDON_RUN_MESSAGE,99213506199412736,You are currently in the middle of a run. Switching active system will abandon the current run. Are you sure you want to continue?
RUN_IN_PROGRESS_BANNER,99252636694339584,Run In Progress
LOCKED_DIFFICULTY_DESCRIPTION,99261101428957184,Difficulty cannot be changed in the middle of a run.
LOADOUT_SELECTION_LOCKED_MESSAGE,99312892363399168,** Weapons cannot be changed mid-run **
EVENT_HEADER_DESTINATION,99368552669110272,Destination
EVENT_HEADER_LOBBY_SYSTEM_TITLE_FMT,99368598223446016,System {Num}: {SystemName}
EVENT_OBJECTIVE_LOBBY_PLANETS_COMPLETED_FMT,99368869179678720,{Completed}/{ToComplete} Planets Completed
UI_COMMON_CANCEL_BINDING,99596914248314880,[InputAction:UI/Cancel]
UI_PLAYERHEALTH_EVAC_TAG,99604906628804608,Evac
UI_PLAYERHEALTH_READY_TAG,99604904921722880,Ready
UI_PLAYERHEALTH_DEAD_TAG,99604842866995200,Dead
MESSAGE_BOX_INCOMPLETE_LOADOUT_TITLE,106487339029618688,Empty Loadout Slots
MESSAGE_BOX_MISSING_FLAIR_MESSAGE,106487341151936512,"You have empty flair slots, are you sure you want to continue?"
MESSAGE_BOX_MISSING_MULTIPLE_MESSAGE,106487707394367488,"You have empty flair and ultimate slots, are you sure you wish to continue?"
UI_SCIENCE_TERMINAL_OUT_OF_ORDER,106876639986573312,Out of Order
UI_SCIENCE_TERMINAL_ULTIMATES,106877299511517184,Ultimates
UI_SCIENCE_TERMINAL_FLAIR,106878078557347840,Flair
UI_SCIENCE_TERMINAL_MUTATIONS,106880718389370880,Mutations
UI_BOSS_HEALTHBAR_DEFEATED,106887389748649984,Defeated
UI_BOSS_HEALTHBAR_ALIVE,106887418227974144,{current} / {max}{invulnerable: --invulnerable--|}
UI_BOSS_HEALTHBAR_FRANKENBEANS_STUNNED,106898673873444864,Stunned
UI_BOSS_HEALTHBAR_FRANKENBEANS_ENRAGED,106898677560238080,Enraged
UI_BOSS_HEALTHBAR_FRANKENBEANS_VULNERABLE,106898679623835648,Vulnerable
UI_BOSS_HEALTHBAR_MUTANT_PINHIM,106898681771319296,Pin Him!
UI_RESPAWN_DISABLED_ENRAGE,107174836495704064,[ Cannot respawn while hunters enraged ]
UI_TRADER_HEADER_INVENTORY,107210341685911552,Inventory
UI_TRADER_HEADER_STOCK,107210343497850880,Stock
UI_TRADER_CURRENCY_COUNT_WITH_NAME,107212080807927808,{count} {name}{count:|s}
UI_TRADER_CURRENCY_COUNT_ONLY,107212082384986112,{count}
UI_LOADOUT_SOLAR_SYTEM_TITLE,107214111144665088,Solar System:
UI_LOADOUT_SOLAR_SYTEM_NO_SELECTION,107214113107599360,No Solar System Chosen
UI_LOADOUT_PLANET_INDEX,107215447810629632,Planet {index}
UI_LOADOUT_PLANET_DROP_ZONE,107215449786146816,Drop Zone
UI_CINEMATIC_SKIP_FMT,107277861499428864,Hold {Button} to skip
UI_LABEL_COMING_SOON,107282489863561216,Coming Soon!
UI_LEVELUP_TEXT,107284333193060352,Level Up!
UI_XPBAR_TEAM_LEVEL,107284703369748480,Team Level
UI_XPBAR_MAX_LEVEL,107284882940485632,Max Level
UI_BOLTBURGER_DESC,107295177230508032,Change Loadout & Start Run
UI_BOLTBURGER_REVERT_CHANGES,107296001297997824,Revert Changes
UI_BOLTBUGER_UNREADY,107296734231650304,Unready
UI_BOLTBUGER_READY,107296736416882688,Ready
UI_LOADOUT_INVITE,107300099988643840,Invite to Game
UI_LOBBY_LAUNCH_FMT,107300806561095680,Launching in {seconds}...
UI_UPGRADE_GRID_PRICE,107303458900533248,Price:
UI_SKIP_BUTTON_COUNT_FMT,109114325996658688,{Current}/{Required}
UI_RANGUSTERMINAL_DIFFICULTY,109737168404996096,{Difficulty}{Ascension:cond:>0? A{}|}
PLAYER_JOINED_GAME_BANNER,111593060477952000,Joined game!
PLAYER_DISCONNECTED_BANNER,111602280011128832,Disconnected
MINION_COUNT_FMT,114031240531664896,{CurrentCount}/{MaxCount} {MinionName}
MINION_TYPE_SMALL,114031782632873984,Small Minion
MINION_TYPE_MEDIUM,114031848902877184,Medium Minion
MINION_TYPE_LARGE,114031893689655296,Large Minion
UI_INSPECT_RESOURCES_TAB,114475499987595264,Resources
UI_INSPECT_ITEMS_TAB,114475474943406080,Items
UI_INSPECT_WEAPONS_TAB,114475433012948992,Weapons
UI_INSPECT_MEAT_TAB,114475404315521024,Meat
UI_INSPECT_INSPECT_TAB,114475370446516224,Inspect
UI_INSPECT_STATS_SUBTITLE,114477124743524352,Stats
UI_INSPECT_STATS_VALUE,114477960383098880,{currentVal:0.##}
UI_INSPECT_LUCK_STAT,114481908443705344,Luck
UI_INSPECT_ABILITYDMG_STAT,114482030208544768,Ability Dmg
UI_INSPECT_MELEEDMG_STAT,114482025334763520,Melee Dmg
UI_INSPECT_MEATDURABILITY_STAT,114482023036284928,Meat Durability
UI_INSPECT_MOVESPEED_STAT,114482017218785280,Move Speed
UI_INSPECT_FLAIR_SUBTITLE,114482711002804224,Flair
UI_INSPECT_NO_MUTATION_SELECTED,114488744207118336,No mutation selected
UI_INSPECT_HEAD_ABILITY_BIND,114490544754716672,[InputAction:Gameplay/HeadAbility]
UI_INSPECT_LEGS_ABILITY_BIND,114490549532028928,[InputAction:Gameplay/LegsAbility]
UI_INSPECT_TORSO_ABILITY_BIND,114490551952142336,[InputAction:Gameplay/TorsoAbility]
UI_INSPECT_ULTIMATE_ABILITY_BIND,114490554758131712,[InputAction:Gameplay/ArtifactAbility]
UI_INSPECT_MELEE_WEAPON,114492699859415040,Melee
UI_INSPECT_SECONDARY_WEAPON,114492696814350336,Secondary
UI_INSPECT_PRIMARY_WEAPON,114492653919203328,Primary
UI_INSPECT_TOOLS_TAB,114510960764317696,Tools
UI_INSPECT_TOOL_PICKAXE,114511065781301248,Pickaxe
UI_INSPECT_TOOL_CHAINSAW,114511098043887616,Chainsaw
UI_INSPECT_TOOL_FISHINGROD,114511098949857280,Fishing Rod
UI_INSPECT_FISH_CATEGORY,114512145520979968,Fish
UI_INSPECT_ANCIENT_TECH_CATEGORY,114512142534635520,Ancient Tech
UI_INSPECT_MINERALS_CATEGORY,114512139007225856,Minerals
UI_INSPECT_FISH_REQUIREMENTS,114514054252261376,Requires fishing license
UI_INSPECT_ANCIENT_TECH_REQUIREMENTS,114514052285132800,Requires chainsawing license
UI_INSPECT_MINERALS_REQUIREMENTS,114514049730801664,Requires mining license
UI_INSPECT_ITEMS_SUBTITLE,114516146895384576,Items
UI_LOADOUT_SELECT_WEAPON,113831348626513920,Select Weapon
UI_LOADOUT_SELECT_FLAIR,113831482676469760,Select Flair
UI_FLAIR_SLOT_FMT,114059281903378432,Flair {slot}
UI_FLAIR_EQUIP,114460600094941184,Equip Flair
UI_BOLTBURGER_SELECT_PRIMARY,114874435154993152,Selecting Primary
UI_BOLTBURGER_SELECT_SECONDARY,114874437474443264,Selecting Secondary
UI_INTERACTION_ARTIFACT_CHEST_NAME,114805101426630656,Mystery Meat
UI_INTERACTION_ARTIFACT_CHEST_TEXT,114805155298271232,Pick Up
ARTIFACT_TOOLTIP_TITLE,116738349727735808,Mystery Meat
UI_INSPECT_WEAPON_STAGGER_CHANCE,116705071831379968,{StaggerChancePct}% chance to Stagger on Hit
UI_INSPECT_WEAPON_CRIT_BASE,116695515885662208,{CritChance:0.00}% / x{Damage:0.00} DMG
UI_INSPECT_WEAPON_RATE_BASE,116695514245689344,{ShotsPerSecond:0.00} rounds/s
UI_INSPECT_WEAPON_RANGE_BASE,116695512668631040,{Range}m
UI_INSPECT_TWO_BONUS_FMT,116695511330648064,{Bonus1:0.00}% / {Bonus2:0.00}
UI_INSPECT_SINGLE_BONUS_FMT,116695504263245824,{Bonus:0.00}
UI_INSPECT_WEAPON_DAMAGE_BASE,116695500194770944,{Min} - {Max}
UI_INSPECT_PASSIVE_DETAIL,116378994684653568,PASSIVE: {PassiveDetails}
UI_INSPECT_DURABILITY_VAL,116767905265152000,{DurabilityPct}%
UI_INSPECT_ABILITY_COOLDOWN,116778133167730688,COOLDOWN: {CooldownVal}s
UI_CODEX_ARTIFACTS_TITLE,117343438825840640,Artifacts
UI_HEALTHBAR_DEAD,118818718572601344,Dead
UI_HEALTHBAR_DEFEATED,118818721361813504,Defeated
UI_HEALTHBAR_SLOWED,118818723131809792,Slowed
UI_HEALTHBAR_DESTROYED,118818725145075712,Destroyed
UI_HEALTHBAR_CURRENT_FMT,118824193619910656,{current:cond:>0?{}|{deadString}}
UI_MULTIPLAYER_PLAYER_FMT,118839206027976704,Player: {name} ({status})
UI_MULTIPLAYER_PLAYER_LABEL_RESERVED,118839838944256000,Reserved
UI_MULTIPLAYER_PLAYER_LABEL_DISCONNECTED,118839841028825088,Disconnected
UI_MULTIPLAYER_OBSERVER_FMT,118840737917820928,Observer: {name}
UI_MULTIPLAYER_PLAYER_LABEL_CONNECTED,118863542965231616,Connected
UI_MEATLOCKER_HEADS,118868894116995072,Heads
UI_MEATLOCKER_BOBBLES,118868896717463552,Antenna Bobbles
UI_MEATLOCKER_MELEE,118868898902695936,Melee
CURRENCY_TRADER_TAB_BUY,118945952767664128,Buy
CURRENCY_TRADER_TAB_SELL,118945985441292288,Sell
UI_REWARD_CURRENCY,119210456084635648,"+ <sprite name=""{icon}""> {count} {name}"
UI_REWARD_PROGRESS_FLAG,119210458588635136,+ {name}
UI_REWARD_WEAPON,119210461054885888,+ Unlock Weapon: {name}
UI_REWARDS_TITLE,119244486947627008,Rewards:
CURRENCY_TRADER_HEADER_QUANTITY,119475354060447744,Quantity
CURRENCY_TRADER_HEADER_TOTAL_COST,119475407915311104,Total Cost
CURRENCY_TRADER_QUANTITY_MIN,119524518509142016,Min
CURRENCY_TRADER_QUANTITY_MAX,119524614583869440,Max
UI_TRADER_CURRENCY_COUNT_AND_QUANTITY,119577683216556032,{count} ({HaveQuantity})
CURRENCY_TRADER_HEADER_TOTAL_EARNINGS,119582439590846464,Total Earnings
UI_INSPECT_NO_FLAIR_MSG,119689766609285120,I'm noticing a distinct lack of flair
UI_INSPECT_NO_FLAIR_TITLE,119689764675710976,Empty
UI_INSPECT_HEALTH_STAT,119964566292459520,Health
UI_SHRINE,120241898113720320,Shrine
MESSAGE_BOX_TITLE_QUEST_RESOURCE,120315727867535360,Quest Resource
MESSAGE_BOX_MESSAGE_QUEST_RESOURCE,120315782422847488,This is needed for an active quest.<br>Are you sure you want to sell this?
UI_INSPECT_WEAPON_BONUS_HELP,120347674015625216,Bonus from Weapon Ranks and Level Upgrades
HARVESTER_CORE_EXPOSED_ANNOUNCEMENT,121364263652548608,Harvester Core Breached!
HARVESTER_BOLT_BURGER_ANNOUNCEMENT,121386134288719872,Bolt Burgers are arriving!
SHRINE_REWARD_ANNOUNCEMENT_ITEM_FOR_PLANET,121420383809167360,<color={RewardColor}>{ItemDescription}</color> for planet duration
UI_UPGRADEGRID_REFUND_FMT,121792385816453120,[InputAction:UI/Submit] Refund Points ({points})
UI_UPGRADEGRID_ACTIVATE,121792391482957824,[InputAction:UI/Submit] Activate
TRADER_TERMINAL_ACTION_UNAVAILABLE_NO_SPACE,122837464526086144,Currency cap reached
SHRINE_REWARD_LIST,124328309829918720,{rewards:list:|<br>}
SHRINE_REWARD_ANNOUNCEMENT_ITEM_SECONDS,124636897391665152,<color={RewardColor}>{ItemDescription}</color> for {Seconds}s
SHRINE_REWARD_ANNOUNCEMENT_HUNTER_TIMER_SECONDS,124705097009586176,Hunter Arrival Advanced <color={RewardColor}>{Seconds}s</color>
SHRINE_REWARD_ANNOUNCEMENT_CURRENCY,124707854831575040,Awarded <color={RewardColor}>{Amount} {CurrencyName}{Amount:|s}</color>
SHRINE_REWARD_ANNOUNCEMENT_ITEM_REMOVED,124941545432408064,<color={RewardColor}>Removed random item from inventory</color>
SHRINE_REWARD_ANNOUNCEMENT_ITEM_PERMANENT,124968189224280064,<color={RewardColor}>{ItemDescription}</color>
UI_FLAIRTERMINAL_TITLE,124008353355522048,Flair:
UI_FLAIRTERMINAL_UNLOCK,124021058997051392,Purchase Random
UI_FLAIRTERMINAL_MAXRANK,124021102433263616,Max Rank
UI_CURRENCY_COST,124979449743532032,<color=#{costColor}>{cost}</color> {currency} ({have})
UI_FLAIRTERMINAL_NEXT_RANK,125050191940149248,Next Rank
UI_OPTS_VIDEO_MAX_FRAMERATE,125319872685993984,Target Framerate
UI_OPTS_VIDEO_MAX_FRAMERATE_TITLE,125319873696821248,Target Framerate
UI_OPTS_VIDEO_MAX_FRAMERATE_MESSAGE,125319874451795968,The target framerate to render at. The game will cap to this maximum framerate if Vsync is disabled.
UI_OPTS_VIDEO_VSYNC,125319825374244864,Vsync
UI_OPTS_VIDEO_VSYNC_TITLE,125319826980663296,Vsync
UI_OPTS_VIDEO_VSYNC_MESSAGE,125319828494807040,Enable Vsync to lock the game's framerate to match your monitor.
UI_OPTS_VIDEO_SHADOW_DIST,125319774736412672,Shadow Distance
UI_OPTS_VIDEO_SHADOW_DIST_TITLE,125319776976171008,Shadow Distance
UI_OPTS_VIDEO_SHADOW_DIST_MESSAGE,125319779064934400,Maximum distance (in meters) at which shadows should be rendered .
UI_OPTS_VIDEO_UPSCALE,125319726942318592,Upscaling Mode
UI_OPTS_VIDEO_UPSCALE_TITLE,125319728750063616,Upscaling Mode
UI_OPTS_VIDEO_UPSCALE_MESSAGE,125319730742358016,"The upscaling algorithm used when running at a Render Scale of less than full.<br><br>Valid values: Auto, Linear, Point, FSR"
UI_OPTS_VIDEO_RENDER_SCALE,125319683069898752,Render Scale
UI_OPTS_VIDEO_RENDER_SCALE_TITLE,125319685288685568,Render / Resolution Scaling
UI_OPTS_VIDEO_RENDER_SCALE_MESSAGE,125319687503278080,The fractional resolution to render the game at. Rendering at half resolution with advanced upscaling techniques like FSR can improve performance on weaker hardware.
UI_OPTS_VIDEO_LOD_BIAS_MESSAGE,125319668360474624,"Determines at what distances the game will swap to lower-detail models. Close means that the game will swap to low-detail models at closer distances. Far will keep high detail models visible further into the distance.<br><br>Valid values: Close, Medium, Far"
UI_OPTS_VIDEO_AF,125319437740863488,AF
UI_OPTS_VIDEO_AF_TITLE,125319439431168000,Anisotropic Filtering (AF)
UI_OPTS_VIDEO_AA,125319516908351488,MSAA
UI_OPTS_VIDEO_AA_TITLE,125319517587828736,Multisample anti-aliasing level (MSAA)
UI_OPTS_VIDEO_MIP_LEVEL,125319559472148480,Texture Detail
UI_OPTS_VIDEO_MIP_LEVEL_TITLE,125319560499752960,Texture Detail
UI_OPTS_VIDEO_LOD_BIAS,125319601973030912,LOD Bias
UI_OPTS_VIDEO_LOD_BIAS_TITLE,125319602748977152,LOD Bias Level
UI_OPTS_VIDEO_AA_MESSAGE,125319518418300928,"Smooths out lines and edges. A higher value provides much smoother lines at the cost of performance.<br><br>Valid values: off (0), 2x, 4x, and 8x."
UI_OPTS_VIDEO_MIP_LEVEL_MESSAGE,125319561854513152,"Influence the maximum texture resolution that will be displayed for objects when you get close to them.<br><br>Valid values: Low, Medium, High"
UI_OPTS_VIDEO_AF_MESSAGE,125319441167609856,"Enable/Disable Anisotropic Filtering. Enabling this improves the visual quality of textures on large, low-angle surfaces such as floors."
UI_FLAIRTERMINAL_UPGRADE,126464563497394176,Upgrade
UI_REQUIREMENT_LIFETIME_SHRINES_COMPLETED_TOTAL,126780333691494400,Completed {Count} shrine events
UI_REQUIREMENT_LIFETIME_SHRINES_COMPLETED_UNIQUE,126780373466079232,Completed {Count} {Type} shrine events
UI_OPTS_VIDEO_REFLECTION_PROBES,126920473559625728,Reflection Probes
UI_OPTS_VIDEO_REFLECTION_PROBES_TITLE,126920475723886592,Reflection Probes
UI_OPTS_VIDEO_REFLECTION_PROBES_MESSAGE,126920477464522752,Enables/Disables most reflections on shiny objects.
UI_OPTS_VIDEO_PARTICLES,126920735510687744,Particle FX
UI_OPTS_VIDEO_PARTICLES_TITLE,126920737293266944,Particle FX Quality
UI_OPTS_VIDEO_PARTICLES_MESSAGE,126920738727718912,"Sets the budget for simulating particle effects.Valid values: Very Low, Low, Medium, High, Very High, Ultra"
CURRENCY_CHANGE_POSITIVE_FMT,127527940227325952,+{Count}
CURRENCY_CHANGE_NEGATIVE_FMT,127527981511860224,-{Count}
UI_RUNINFO_TIME_FMT,127528100000000000,Time in system: {time}
UI_RUNINFO_ENEMY_HEALTH_FMT,127528200000000000,> Enemy Health: +{percent}%
RANGUS_FILE_CONSUMED_PROMPT,129670008638791680,Rangus File Already Discovered
RANGUS_FILE_MARKER_TEXT_FMT,130476658312339456,Rangus File: {TextName}
RAW_TEXT_FMT,130499560646631424,{Text}
UI_INTERACTION_WEAPON,131103886683398144,Claim Weapon: {Text}
UI_INTERACTION_WEAPON_TITLE,131105138871885824,Weapon
RANGUS_FILE_MARKER_CLAIMED_TEXT_FMT,131574576540803072,Rangus File: {TextName}<br>(Already Discovered)
ANNOUNCE_VOLCANO_APPEASED,131660659371732992,{PlayerName}'s sacrifice has appeased the volcano... for now
UI_INSPECT_MUTATION_SUBTITLE,132645578322468864,Mutations
UI_INTERACTION_MUTATION,133755069285785600,Claim Mutation:<color={RewardColor}>{TextName}</color><br><br>{Description}
QUEST_COMPLETED_NOTIFICATION_TITLE,135081004761079808,Quests Completed!
QUESTS_COMPLETED_TOAST_DESCRIPTION,135081248315924480,Speak to Carl to claim your rewards
UI_CODEX_ENEMIES_TAB,135116477412704256,Creatures
IA_CharacterMovement,139445879047122944,Character Movement
IA_Jump,139445879143591936,Jump
IA_CameraMovement,139445879143591937,Camera Movement
IA_RangedFire,139445879143591938,Shoot
IA_MeleeFire,139445879143591939,Melee
IA_TorsoAbility,139445879143591940,Torso Ability
IA_HeadAbility,139445879143591941,Head Ability
IA_LegsAbility,139445879143591942,Legs Ability
IA_ItemRewardInit,139445879143591943,Start Reward Selection
IA_MarkTarget,139445879143591944,Mark Target
IA_ArtifactAbility,139445879143591945,Use Artifact
IA_PrimaryAimAssist,139445879143591946,Aim Assist
IA_WeaponSwitch,139445879143591947,Weapon Switch
IA_WeaponSelectPrimary,139445879143591948,Weapon Select (Primary)
IA_WeaponSelectSecondary,139445879143591949,Weapon Select (Secondary)
IA_Toggle Console,139445879147786240,Toggle Console
IA_ProfilerToggle,139445879147786241,Toggle Profiler
IA_ProfilerMode,139445879147786242,Profiler Mode
IA_ToggleOptionsMenu,139445879147786243,Toggle Options Menu
IA_PushToTalk,139445879147786244,Push-To-Talk
IA_BugShot,139445879147786245,BugShot
IA_Navigate,139445879147786246,Navigate
IA_Submit,139445879147786247,Submit
IA_Cancel,139445879147786248,Cancel
IA_Point,139445879147786249,Point
IA_Click,139445879147786250,Click
IA_ScrollWheel,139445879147786251,Scroll Wheel
IA_MiddleClick,139445879147786252,Middle Click
IA_RightClick,139445879147786253,Right Click
IA_Revert,139445879147786254,Revert
IA_PreviousTab,139445879147786255,Previous Tab
IA_NextTab,139445879147786256,Next Tab
IA_Interact,139445879147786257,Interact
IA_SubActionThingOnController,139445879147786258,Secondary Action
IA_PreviousSubTab,139445879147786259,Previous Subtab
IA_NextSubTab,139445879147786260,Next Subtab
IA_MinQuantity,139445879147786261,Min Quantity
IA_MaxQuantity,139445879147786262,Max Quantity
IA_SubtractQuantity,139445879147786263,Subtract Quantity
IA_AddQuantity,139445879147786264,Add Quantity
IA_CameraRotation,139445879147786265,Camera Rotation
IA_WarpSpeed,139445879147786266,Warp Speed
IA_Adjust,139445879147786267,Adjust
IA_Modify,139445879147786268,Modify
IA_ToggleZoom,139445879147786269,Toggle Zoom
IA_ElevationMovement,139445879147786270,Elevation Movement
IA_FollowNextPlayer,139445879147786271,Follow Next Player
IA_ShowHelp,139445879147786272,Show Help
IA_StopFollow,139445879147786273,Stop Follow
IA_ExitScreen,139445879147786274,Exit Screen
IA_ItemRewardSelect1,139445879147786275,Select Reward 1
IA_ItemRewardSelect2,139445879147786276,Select Reward 2
IA_ItemRewardSelect3,139445879147786277,Select Reward 3
IA_ItemRewardSelect4,139445879147786278,Select Reward 4
IA_ItemRewardSelect5,139445879147786279,Select Reward 5
IA_ItemRewardSelect6,139445879147786280,Select Reward 6
IA_SkipCinematic,139445879147786281,Skip Cinematic
IA_ToggleMeatControls,139445879147786282,Toggle Meat Controls
IA_ToggleInspectionOverlay,139445879147786283,Toggle Inspection Overlay
LE_EMSAALevel_Off,139459172264505344,Off
LE_EMSAALevel_MSAA2,139459172264505345,MSAAx2
LE_EMSAALevel_MSAA4,139459172264505346,MSAAx4
LE_EMSAALevel_MSAA8,139459172264505347,MSAAx8
LE_ELODBias_Close,139459172264505348,Close
LE_ELODBias_Medium,139459172264505349,Medium
LE_ELODBias_Far,139459172264505350,Far
LE_EShadowDistance_Close,139459172264505351,Close
LE_EShadowDistance_Medium,139459172264505352,Medium
LE_EShadowDistance_Far,139459172264505353,Far
LE_ERenderScale_Half,139459172264505354,Half
LE_ERenderScale_Normal,139459172264505355,Normal
LE_EMipDetailLevel_Low,139459172264505356,Low
LE_EMipDetailLevel_Medium,139459172264505357,Medium
LE_EMipDetailLevel_High,139459172264505358,High
LE_EParticlesQuality_VeryLow,139459172264505359,Very Low
LE_EParticlesQuality_Low,139459172264505360,Low
LE_EParticlesQuality_Medium,139459172264505361,Medium
LE_EParticlesQuality_High,139459172264505362,High
LE_EParticlesQuality_VeryHigh,139459172264505363,Very High
LE_EParticlesQuality_Ultra,139459172264505364,Ultra
LE_EWindowStyle_FullScreen,139459172264505365,Fullscreen
LE_EWindowStyle_FullScreenWindowed,139459172264505366,Fullscreen (Windowed)
LE_EWindowStyle_Windowed,139459172264505367,Windowed
LE_EFrameLimit_Thirty,139459172264505368,30Hz
LE_EFrameLimit_Sixty,139459172264505369,60Hz
LE_EFrameLimit_OneTwenty,139459172264505370,120Hz
IB_up,139484177383747584,Up
IB_down,139484177383747585,Down
IB_left,139484177383747586,Left
IB_right,139484177383747587,Right
UI_INPUT_BINDING,139486680678592512,{ActionTxt}
UI_INPUT_ACTIONBINDING,139496731506044928,{ActionTxt} {BindingTxt}
LE_EVoiceChatActivationType_PushToTalk,139509073585303552,Push-To-Talk
LE_EVoiceChatActivationType_Toggle,139509073585303553,Toggle
LE_EVoiceChatActivationType_OpenMic,139509073585303554,Open Mic
UI_True,139510449321209856,True
UI_False,139510450587889664,False
LE_AnisotropicFiltering_Disable,139512957397561344,Disable
LE_AnisotropicFiltering_Enable,139512957397561345,Enable
LE_AnisotropicFiltering_ForceEnable,139512957397561346,Force Enable
LE_UpscalingFilterSelection_Auto,139512957397561347,Auto
LE_UpscalingFilterSelection_Linear,139512957397561348,Linear
LE_UpscalingFilterSelection_Point,139512957397561349,Point
LE_UpscalingFilterSelection_FSR,139512957397561350,FSR
UI_MODE_SELECT_CONTINUE_RUN_LBL,140158990804774912,Continue Run
UI_REQUIREMENT_KILL_ENEMIES,136597475844677632,Kill {Count} Enemies
UI_REQUIREMENT_KILL_ENEMIES_SHINY,136597477987966976,Kill {Count} Shiny Enemies
UI_REQUIREMENT_COMPLETE_EVENT,136597483742552064,Complete {Event} {Count} times.
UI_REQUIREMENT_SELL_TO_MIKE,136944070914203648,Sell {Count} {Category} to Trader Mike
UI_REQUIREMENT_GATHER_MINERALS,136944068905132032,Use your pickaxe to gather {Count:p:{} Mineral|{} Minerals}
UI_REQUIREMENT_GATHER_TECH,136973328260784128,Use your chainsaw to gather {Count} Ancient Tech
UI_REQUIREMENT_GATHER_FISH,136973330114666496,Use your fishing rod to gather {Count} Fish
UI_CARLTERMINAL_CHALLENGES,139166315988377600,Challenges
UI_REQUIREMENT_EQUIP_FLAIR,140282578621947904,Equip {Count} {Count:p:piece|pieces} of Flair
UI_REQUIREMENT_COLLECT_CURRENCY,140348598019678208,Collect {Count} Samples
UI_REQUIREMENT_EQUIP_ARTIFACT,140351594451427328,Collect {Count} Artifacts from Mystery Meat
END_STAGE_EMPLOYEE_PAYCHECK,139153944297332736,Employee Paycheck
END_STAGE_PLANET_CONSUMPTION,139154114636406784,Planet Consumption
END_STAGE_COLLECTED,139159828419305472,Collected
END_STAGE_RANGUS_MEAT_CORP,139165149061701632,Rangus Meat Corporation
END_STAGE_ROX_1,139165587479715840,ROX-1
END_STAGE_RANGUS_EFFORT_HEADER,139484643088916480,Total Rangus Effort Points Earned
END_STAGE_SUCCESS,140216425350422528,Success!
END_STAGE_FAILURE,140219057079050240,Failure!
END_STAGE_CURRENCY_FMT,140231091493527552,<color=#{ColorStr}>{Have}/{Total}</color>
END_STAGE_CONTINUE,140249455477645312,Continue
END_STAGE_BANKED_TIME,141631395652952064,Banked Time
END_STAGE_TIME_FMT,141631639568506880,<color=#80FF00>{SecondsRemaining:secondstotime()}</color>
UI_OBJECTIVES_TITLE,141649218399887360,Objectives:
END_STAGE_TAB_DATA,141691025213087744,Data
END_STAGE_TAB_STATS,141691065801367552,Stats
END_STAGE_HEADER_OVERVIEW,141982115854016512,Overview
END_STAGE_HEADER_DETAILS,142119018918043648,Details
END_STAGE_STAT_ACCURACY,142123586842255360,Accuracy
END_STAGE_STAT_WEAKPOINT,142123643654103040,Weakpoint Hits
END_STAGE_STAT_RESOURCES,142123729591197696,Resources Gathered
END_STAGE_STAT_DAMAGE_RECV,142123785182502912,Damage Taken
END_STAGE_STAT_HEALING_RECV,142123835145052160,Healing Received
END_STAGE_STAT_DEATHS,142123911540105216,Deaths
END_STAGE_STAT_PERCENT_FMT,142124716963913728,{Value}%
END_STAGE_STAT_INTEGER_FMT,142124898896044032,{Value:N0}
UI_REWARD_MUTATION,142336902256648192,+ Unlock Mutation: {name}
UI_REWARD_ITEM,142336904211193856,+ Unlock Item: {name}
UI_REWARD_FLAIR,142336905540788224,+ {count}x {name} Flair
UI_REWARD_ARTIFACT,142336906761330688,+ Unlock Artifact: {name}
UI_CARLTERMINAL_CLAIM_BTN_CLAIMED,142385861473853440,Claimed
UI_CARLTERMINAL_CLAIM_BTN_LOCKED,142385863298375680,Locked
END_STAGE_WAITING,142327585608556544,Waiting for host...
END_STAGE_RUN_FAILED,142733138839199744,Run Failed!
END_STAGE_RUN_FAILED_HARVESTER,142745765409710080,Harvester Destroyed
END_STAGE_MEAT_CORE_SECURED,144127700346331136,Meat core secured
UI_REQUIREMENT_FULL_VERSION,145016599318880256,Requires Full Version
UI_REWARD_UI_SURPRISE_ME,145620353626861568,Surprise Me
UI_REWARD_UI_SURPRISE_ME_KEY,145639277600894976,[InputAction:LevelUpScreen/SurpriseMe]
IA_SurpriseMe,145669286033088512,SurpriseMe
END_STAGE_HEADER_PLANET_STATS,144853505636556800,Planet Stats
UI_ATTRIBUTE_FORMAT_ADD,145644464880214016,{value:+#.##;-#.##;+0} {name}
UI_ATTRIBUTE_FORMAT_MODIFY,145644467124166656,{value:+#.##;-#.##;+0}% {name}
UI_ATTRIBUTE_FORMAT_MULTIPLY,145644469351342080,{value:0.##}x {name}
LEVEL_UP_EXIT,146737720124760064,[InputAction:Cancel] Exit Upgrade Select
UI_MAX_STACKS_FMT,150353972479123456,Max Stacks: {count}
UI_UPGRADE_COUNT_FMT,152141631115485184,+{Count}
UI_OPTS_KEYWORD_POPUPS,152564154714021888,Keyword Popups
UI_OPTS_KEYWORD_POPUPS_HELP_TITLE,152564181515624448,Keyword Popups	
UI_OPTS_KEYWORD_POPUPS_HELP_MESSAGE,152564183084294144,Show popup descriptions for keywords referenced in descriptions.
UI_LEADERBOARD_RANK_TITLE,152933007226822656,Employees of the Month
UI_LEADERBOARD_RANK_NAME,152933011416932352,Name
UI_LEADERBOARD_RANK_RANK,152933013824462848,Rank
UI_LEADERBOARD_RANK_EMPTY,152933015493795840,HR is not available at this time.
UI_UPGRADE_EMPTY_SLOT,152531288336621568,Empty Slot
UI_SELECT_UPGRADE_COUNT_FMT,152555780165328896,Select Upgrade +{Count}
UI_ATTRIBUTE_ADD_FMT,153254426577985536,{value:+#.##;-#.##;+0}
UI_ATTRIBUTE_MODIFY_FMT,153254478088232960,{value:+#.##;-#.##;+0}%
UI_ATTRIBUTE_MULTIPLY_FMT,153254480353157120,{value:0.##}x
UI_SHIP_TOUR_MEAT_LOCKERS,154378383981010944,<color=#FFC700>Meat Lockers</color>: Choose your cosmetic meat here.
UI_SHIP_TOUR_EMPLOYEE_HANDBOOK,154378456194342912,"<color=#FFC700>Codex</color>: Browse enemies, items, and lore."
UI_SHIP_TOUR_SMART_MEAT_TERMINAL,154378470564028416,<color=#FFC700>Employee Benefits Terminal</color>: Unlock and upgrade your Employee Benefits.
UI_SHIP_TOUR_WEAPON_TERMINAL,154378471918788608,<color=#FFC700>Weapon Terminal</color>: Unlock and upgrade weapons.
UI_SHIP_TOUR_FLAIR_TERMINAL,154378473181274112,<color=#FFC700>Flair Terminal</color>: Unlock and upgrade flair for passive bonuses.
UI_SHIP_TOUR_MEAT_MARKET,154378474439565312,<color=#FFC700>Meat Market</color>: Preview a selection of random Meats.
UI_SHIP_TOUR_JUKEBOX,154378475714633728,<color=#FFC700>Jukebox</color>: Change the ship's music.
UI_SHIP_TOUR_SHOOTING_RANGE,154378477010673664,<color=#FFC700>Shooting Range</color>: Practice your weapons before a run.
UI_SHIP_TOUR_BOLT_BURGERS,154378478273159168,<color=#FFC700>Bolt Burgers</color>: Choose your loadout and start a run here.
UI_SHIP_TOUR_NAVIGATION_TERMINAL,154378479544033280,<color=#FFC700>Navigation Terminal</color>: Choose your next destination and difficulty.
UI_BENEFITS_TERMINAL,155021233676607488,Benefits Terminal
UI_REQUIREMENT_PERKTRACK_RANK,155367902129676288,{track} Rank {rank:roman()}
LE_EDrawDistance_Close,155444035605950464,Close
LE_EDrawDistance_Medium,155444035631116288,Medium
LE_EDrawDistance_Far,155444035631116289,Far
UI_OPTS_VIDEO_DRAW_DIST,155444200114941952,Draw Distance
UI_OPTS_VIDEO_DRAW_DIST_TITLE,155444221707218944,Draw Distance
UI_OPTS_VIDEO_DRAW_DIST_MESSAGE,155444247250530304,How far away the game renders distant geometry and objects. Lower settings reduce GPU and CPU cost — recommended on lower-end hardware like Steam Deck. Higher settings show more of the world at the cost of performance.
UI_BENEFITS_PERKS_TITLE,157261430313181184,Perks
CELEBRATION_BANNER_QUEST_COMPLETE,157196335902089216,Quest Complete!
CELEBRATION_BANNER_MUTATION_UNLOCKED,157196339714711552,Mutation Unlocked!
CELEBRATION_BANNER_ITEM_UNLOCKED,157196341396627456,Item Unlocked!
CELEBRATION_BANNER_FLAIR_UNLOCKED,157196345850978304,Flair Unlocked!
CELEBRATION_BANNER_RANK_INCREASED,157196347440619520,Employee Rank Increased!
CELEBRATION_BANNER_NEW_QUESTLINE_UNLOCKED,157204890768105472,New Questline Unlocked: {name}
CELEBRATION_BANNER_RP_TO_NEXT_RANK,157204893980942336,RP to Next Rank: {amount}
CELEBRATION_BANNER_FLAIR_EQUIP_HINT,157204896069705728,*Equip at Bolt Burger
CELEBRATION_BANNER_WEAPON_EQUIP_HINT,157204901467774976,*Equip at Meat Locker
CELEBRATION_BANNER_CODEX_HINT,157204904043077632,Entry added to codex
CELEBRATION_BANNER_ARTIFACT_UNLOCKED,157204905355894784,Artifact Unlocked!
CELEBRATION_BANNER_CONFIRM,157229979689541632,Confirm
CELEBRATION_BANNER_WEAPON_UNLOCKED,157238824793006080,Weapon Unlocked!
CELEBRATION_BANNER_RANK_HEADING,157240833617158144,Employee Rank {rank}
CELEBRATION_BANNER_REWARDS_EARNED,157243622590242816,Rewards Earned
,157924484164083712,Upgrade Station
UPGRADE_STATION,158017480964431872,Upgrade Station
UI_REQUIREMENT_PERKRANK,157717392333463552,Unlock a Perk
TUTORIAL_COMPLETE_TITLE,158105394041839616,Certificate of Completion
TUTORIAL_COMPLETION_SUBTITLE_01,158105588380721152,This is to certify that
TUTORIAL_COMPLETION_SQUISHIE_NAME,158105683281043456,Squishy
TUTORIAL_COMPLETION_SUBTITLE_02,158105801833046016,"has successfully passed the <color=#FFC700>Employee Orientation Program</color>!<br>Congratulations on becoming an official member of the Rangus team!<br><br>Now let’s get out there, <color=#FFC700>Harvest some Meat</color> and <color=#FFC700>Feed the Galaxy</color>!"
TUTORIAL_COMPLETION_SIGNED,158106159250661376,Signed:
TUTORIAL_COMPLETION_CARL_NAME,158106223612256256,"Carl Rangus, CEO"
CODEX_TOAST_HEADER_GENERIC,158291396984078336,New Entries!
CODEX_TOAST_HEADER_ITEM,158291406320599040,New Item!
CODEX_TOAST_HEADER_ARTIFACT,158291413488664576,New Artifact!
CODEX_TOAST_HEADER_CURRENCY,158291422971985920,New Resource!
CODEX_TOAST_HEADER_MEAT,158291431851327488,New Meat!
CODEX_TOAST_HEADER_CREATURE,158291454114693120,New Creature!
CODEX_TOAST_HEADER_RANGUS_FILE,158291467289001984,New Rangus File!
CODEX_TOAST_SUBHEADER,158291475207847936,Added to Codex
INFORMATION_TERMINAL_TITLE,159254944652492800,Codex
UI_INTERACTION_REVIVE,159415565250715648,Revive
UI_PLAYERHEALTH_DOWNED_TAG,159415579876253696,DOWNED
UI_INTERACTION_REVIVE_TARGET,160116078837489664,{Name}
LEVEL_UP_IN_SECONDS_FMT,160177751237582848,Pausing in <color=#FF0080>{Seconds:0.0}</color>
LEVEL_UP_AUTO_SELECT_FMT,160182415509151744,Auto-Selecting in: <color=#FF0080>{Seconds}</color>s
LEVEL_UP_STILL_SELECTING_TITLE,160189906225717248,Meat Scientists still Pondering...
UI_BEING_REVIVED_BY,160196323477282816,{Name} is reviving
MAIN_MENU_DISCORD_REPORT_BUG_BUTTON,160623538572615680,Report a Bug
UI_MAIN_MENU_REPORT_BUG_MESSAGE,160864087942619136,If you want to report a bug or give us feedback on the game you can do so on our Discord!
OPTS_MULTIPLAYER_HOST_MODE,160914647022559232,Lobby Visibility
OPTS_HOST_MODE_PUBLIC,160920542238466048,Public
OPTS_HOST_MODE_FRIENDS,160920542238466049,Friends Only
OPTS_HOST_MODE_PRIVATE,160920542238466050,Private
UI_MULTIPLAYER_HOST_MODE_HELP_TITLE,160920542238466051,Lobby Visibility
UI_MULTIPLAYER_HOST_MODE_HELP_MESSAGE,160920542238466052,Controls who can join your hosted game. Public: anyone can join from the lobby list. Friends Only: only your Steam friends can see and join your lobby. Private: your game will not appear in the lobby list.
UI_NEWSAVE_TITLE,161300188696141824,New Employee Setup
UI_NEWSAVE_PLAY_TUTORIAL,161300196812120064,Play Tutorial
UI_NEWSAVE_TUTORIAL,161325451916075008,Tutorial
UI_NEWSAVE_SUBTITLE,161325468882034688,This can be changed before any run by adjusting the run settings.
UI_NEWSAVE_SCREENTITLE,161550229604130816,Select starting difficulty
PLAYER_DOWN_ANNOUNCEMENT,162770743492337664,{Player} down!
UI_ANNOUNCEMENT_BOSS_WARNING_LEGISMATOR,162681121139580928,Pork Barrel Pete uses THE FILIBUSTER
UI_ANNOUNCEMENT_BOSS_WARNING_EXECUVATOR,162681204534927360,Hairforce One issues EXECUTIVE ORDERS
UI_ANNOUNCEMENT_BOSS_WARNING_JUDGEMENTALITS,162681227154808832,Judge Crawdaddy DENIES YOUR MOTION
UI_LEADERBOARD_RANK_SCORE,163032451393773568,Score
UI_LEADERBOARD_NUKE_KILLS,163035281710112768,Workplace Incidents - Nuclear
UI_CODEX_TIER_UNDISCOVERED,163840130551836672,???
UI_CARLTERMINAL_MAINLINE_PROGRESS,164591723147681792,MAINLINE {Current} OF {Total}:
UI_CARLTERMINAL_COMPLETE_ALL_TO_EARN,164593566355546112,Complete all quests to earn:
UI_CODEX_MUTATIONS_TAB,165154895239831552,Mutations
UI_CODEX_MUTATIONS_FIRE_TITLE,165154895248220160,Fire
UI_CODEX_MUTATIONS_ICE_TITLE,165154895248220161,Ice
UI_CODEX_MUTATIONS_SLIME_TITLE,165154895248220162,Slime
UI_CODEX_MUTATIONS_ELECTRIC_TITLE,165154895248220163,Electric
UI_CODEX_MUTATIONS_KINETIC_TITLE,165154895248220164,Kinetic
UI_SAVEMGMT_RANGUS_FILES_DATA,164863994869309440,{Found}/{Total}
UI_SAVEMGMT_EMPTY_SLOT_HEADER,164865773950459904,EMPTY
UI_CINEMATIC_PROLOGUE_TEXT1,165560353607901184,"Rangus Meat Co. once fed the galaxy. At its peak, it employed millions across dozens of star systems.<br><br>When its proprietary “meat science” was pushed too far, a portal ruptured into the universe. Everything it touched was killed or transformed.<br><br>Carl Rangus escaped. Most didn’t."
UI_CINEMATIC_PROLOGUE_TEXT2,165560955771543552,"""Here at Rangus, we don't just harvest meats,<br>we harvest heroes...And that's you!""<br><br><br>–Carl Rangus, Founder & CEO<br>(recovered recruiting ad, date unknown)"
UI_SYSTEMUNLOCK,165563304946688000,new system unlocked
UI_SYSTEMNAME_S2,165564616182587392,Plumtor's Folly
UI_SYSTEMNAME_S3,165564619336704000,Omnikron
UI_SYSTEMNAME_RANDOM,165564842473676800,Random System
UI_SAVEMGMT_SELECT_EMPLOYEE,165569668465025024,Select employee
UI_SAVEMGMT_LAST_PLAYED,165571657299124224,Last played
UI_SAVEMGMT_RANGUS_FILES,165589631661760512,Rangus Files:
UI_OPTS_MARK_ALL_READ,165623256277049344,Mark all read
LE_EFrameLimit_TwoForty,169126859746828288,240Hz
HUNTER_INCAPACITATED,169893516064841728,Incapacitated
IA_ProfilerCapture,170595270909747200,ProfilerCapture
IB_Profiler Capture Chord,170595270913941504,Profiler Capture Chord
IB_modifier,170595270913941505,modifier
,170622196965695488,ProfilerCapture
,170622196974084096,Profiler Capture Chord
,170622196974084097,modifier
UI_OPTS_VIDEO_CAMERA_DISTANCE,174991015364517888,Camera Distance
UI_OPTS_VIDEO_CAMERA_DISTANCE_TITLE,174991024080281600,Camera Distance
UI_OPTS_VIDEO_CAMERA_DISTANCE_MESSAGE,174991034385686528,Adjusts how far the camera sits behind your character.
LE_ECameraDistance_Near,174992531030794240,Near
LE_ECameraDistance_Medium,174992531034988544,Medium
LE_ECameraDistance_Far,174992531034988545,Far
MODE_SELECT_CONTINUE_BTN,175310263911702528,Continue
MODE_SELECT_LOAD_SAVE_BTN,175310282018512896,Load / New Game
UI_SAVEMGMT_RUN_IN_PROGRESS,175380214638960640,Run in Progress
UI_LOCATION_CARD_SYSTEM_FMT,175384551528325120,S{index} | {system}
UI_LOCATION_CARD_DIFFICULTY_FMT,175384575272280064,Difficulty: {difficulty}
UI_LOCATION_CARD_HEADER,175386164208852992,Location
UI_MEATOFFERING_REQUIREMENT,176036607361478656,<color=red>Requires equipped meat parts</color>
UI_SAVEMGMT_MSGBOX_ABANDON_RUN_TITLE,176120204733964288,Abandon Run?
UI_SAVEMGMT_MSGBOX_ABANDON_RUN_MSG,176120210866036736,Abandon Employee {EmployeeNumber}'s run in progress?<br>You'll start back at the lobby. This can't be undone.
UI_SAVEMGMT_MSGBOX_ABANDON_RUN_CONFIRM,176120214003376128,Abandon Run
UI_ITEM_ONADD_TRIGGER,176120503238385664,On Add
END_STAGE_RUN_ABANDONED,178656993092820992,Run Abandoned
DEATHCERTIFICATE_RUN_FAILED,179093814868172800,RUN FAILED!
DEATHCERTIFICATE_DEAD_MEAT,179093814876561408,DEAD MEAT
DEATHCERTIFICATE_DAMAGE,179093814876561409,DAMAGE
DEATHCERTIFICATE_KILLS,179093814876561410,KILLS
DEATHCERTIFICATE_CRITS,179093814876561411,CRITS
DEATHCERTIFICATE_DPS,179093814876561412,DPS
DEATHCERTIFICATE_THE_RANGUS_CORPORATION_HEREBY_ACKNOWLEDGES_THE_D,179093814876561413,The Rangus Corporation hereby acknowledges the death of
DEATHCERTIFICATE_YOUR_CONTRIBUTIONS_TO_RANGUS_MEAT_CO_WILL_NEVER,179093814876561414,Your contributions to Rangus Meat Co will never be forgotten
DEATHCERTIFICATE_SIGNED_CARL_RANGUS_CEO,179093814876561415,"Signed:<br><color=#FFFFFF>Carl Rangus, CEO</color>"
DEATHCERTIFICATE_KILLED_BY_SPIDER,179093814876561416,KILLED BY <color=#FFC700>SPIDER</color>
DEATHCERTIFICATE_ON_THE_VERY_EVE_OF_HIS_4TH_BIRTHDAY,179093814876561417,ON THE VERY EVE OF HIS 4TH BIRTHDAY
UI_REQUIREMENT_STAT_FLAIRPULLS_FMT,178238717753810944,Collect {count} flair
CELEBRATION_BANNER_FLAIR_HEADING_FMT,178255509733761024,{count}x {name} Flair
UI_FLAIRTERMINAL_INSERT_COIN,177509684464312320,"Insert <sprite name=""CarlCoin""> Carl Coin"
UI_FLAIRTERMINAL_REQUIRES_COIN,177529825763778560,"<color=#FF0000>Requires <sprite name=""CarlCoin""> Carl Coin</color>"
UI_LOADOUT_SAVE_EXIT,182247692602171392,Save & Exit
UI_LOADOUT_COL_WEAPONS,182248564694441984,Weapons
UI_LOADOUT_COL_CONSUMABLES,182248566531547136,Consumables
UI_LOADOUT_FLAIR_EMPTY_DESC,182260794391519232,Unlock flair at the Flair Terminal
UI_OPTS_VIDEO_BLOOM,182327216559874048,Bloom
UI_OPTS_VIDEO_BLOOM_TITLE,182327234784124928,Bloom
UI_OPTS_VIDEO_BLOOM_MESSAGE,182327251011887104,"Toggles the bloom glow around bright lights and effects. Turn this off to reduce glare and eye strain, or if bright scenes look washed out to you."
CELEBRATION_BANNER_FLAIR_DISPENSED,182655213074636800,Flair Dispensed!
UI_FLAIRTERMINAL_INSERT_COST,182665081978347520,Insert {count} {icon} {name}
UI_FLAIRTERMINAL_REQUIRES_COST,182665090496978944,<color=#FF0000>Requires {count} {icon} {name}</color>
CELEBRATION_BANNER_FLAIR_SKIP_FMT,185871235538677760,Press {Button} to skip
