Key,Id,Japanese(ja)
A_CAPTURED_SPIDER,46628102279782400,捕まえたクモ
A_FRANKEN_TICKLER,46628101457698816,フランケンティックラー
A_HIVE_TENDRIL,46628112698433536,ハイブの触手
ALIEN_BULB,46628101419950080,エイリアンバルブ
AN_ITEM_CAPSULE,46628112023150592,アイテムカプセル
BOLT_BURGER,46628108516712448,ボルトバーガー
CARL_TERMINAL_ALL_COMPLETED_ENTRY,58590589204029440,すべてを成し遂げた！でも、まだ惑星を探索すれば、新しい発見があるかも...
CARL_TERMINAL_DESCRIPTION,58588929878646784,銀河一の頼れるマネージャー
CARL_TERMINAL_MISSING_MATERIALS,30366100192485376,不足している素材
CARL_TERMINAL_REQUIRED_MATERIALS_HEADER,30380913715044352,必要素材：
CARL_TERMINAL_TITLE,58588816691159040,カール・ランガス
CAVE_ENTRANCE,48527482492321792,洞窟の入口
COACH_DAN,46628101034074112,コーチ・ダン
COMMON_BACK,58577423170527232,戻る
COMMON_COMPLETED,58590894855544832,完了
COMMON_SIDEQUESTS,74560833584095232,サイドクエスト
COMPASS_DISTANCE_FMT,46402692690468864,{Distance}m
CONTROL_PANEL,71374858701537280,操作パネル
CURRENCY_TRADER_DESCRIPTION,58576262912794624,// 通貨とリソースの交換
CURRENCY_TRADER_TITLE,58576102623272960,トレーダー・マイク
DAMAGE_TYPE_ELECTRIC,43142638340136960,電撃
DAMAGE_TYPE_FIRE,43142553082519552,火
DAMAGE_TYPE_ICE,43142575572377600,氷
DAMAGE_TYPE_KINETIC,43142700797517824,物理
DAMAGE_TYPE_SLIME,43142609625931776,スライム
DEATH_FINAL_TITLE,74209383469277184,デッドミート
DEATH_LAST_CHANCE,73578787034357760,ラストチャンス！
DEATH_RESPAWNING_TITLE,73560258369282048,リスポーン中
DEATH_SCREEN_KILLED_BY_FMT,73552691249274880,<color=#FFC700>{CreatureName}</color>によって倒された
DIAMOND,66974994580406272,ダイヤモンド
DirtbagName,84665500557934592,ダートバッグ
Drain Tunnel,64088669405609984,排水トンネル
Drain Tunnel 2,64091624674459648,排水トンネル 2
EMERGENCY_TEXT_DEFAULT_DESCRIPTION,46144714159616000,アプリ起動中にエラーが発生しました。PCを再起動すると改善する場合があります。
EMERGENCY_TEXT_DEFAULT_FOOTER,46312787621638144,問題が解決しない場合は、SwapMeat Discordサーバーの #create-bug-reports チャンネルでサポートにお問い合わせください。<br>このアプリケーションは30秒後に自動的に終了します。
EMERGENCY_TEXT_DEFAULT_TITLE,46144708803489792,アプリ起動エラー
EMERGENCY_TEXT_IO_DESCRIPTION,46312933025574912,起動時にファイルを読み込む際にエラーが発生しました。これはウイルスチェックや前回のゲーム終了処理が途中で終了した場合によく発生します。<br>引き続き問題が起きる場合は、PCを再起動するとファイルロックが解除される場合があります。
EMPLOYEE_RANK_POINTS_FORMAT,38765036250849280,{Current} / {Total} RP
EMPLOYEE_RANK_RANKUP_FMT,38764977085997056,ランクアップ！+{Value}
EMPLOYEE_RANK_TITLE,38764887885733888,従業員ランク
EVENT_BANNER_COMPLETE,37577933345251328,クリア！
EVENT_BANNER_PRIME_DIRECTIVE,37577651529965568,メイン目標クリア！
EVENT_BANNER_SECONDARY_DIRECTIVE,37581156248444928,サブ目標クリア！
EVENT_COMPLETE_NO_REWARDS,43499746143232000,クリア！
EVENT_COMPLETE_REWARDS,36526246664855552,報酬：
EVENT_DESCRIPTION_TIME_FMT,61552718882267136,{EventText}：{TimeoutText}
EVENT_DESCRIPTION_TIME_ONLY_FMT,61553051326996480,{TimeoutText}
EVENT_HEADER_PRIME,35806126556569600,メイン目標
EVENT_HEADER_SECONDARY,35806182923821056,サブ目標
EVENT_HUNTER_TIMER_ADVANCED,43479223816413184,ハンター到着（早着）
EVENT_HUNTER_TIMER_DELAYED,43480205547790336,ハンター到着（遅刻）
EVENT_OBJECTIVE_DAMAGE_ANY_ENEMY_FMT,45684262786031616,ダメージ <nobr>{NumDamaged}/{NumToDamage}</nobr>
EVENT_OBJECTIVE_TASKS_FMT,45737656791851008,<nobr>{NumDone}/{NumTodo}</nobr> {Detail}
EVENT_REWARD_FMT,68757372988809216,{Count}
EXHAUST_PORT,46628107665268736,排気口
GOAL!,46628109821140992,ゴール！
GOOBER_TURRET,46628113809924096,グーバータレット
HARVESTER_CORE,46389181780320256,ハーベスターコア
HEALTH_STATION,46628116695605248,回復ステーション
HUD_CHECKPOINT_TOAST,71718200525385728,チェックポイントセーブ完了！
HUNTER_ENRAGE_TIMER,53525888526966784,激怒まであと：
HUNTER_THREAT_BANISHED,35125235089924096,退治完了！
HUNTER_THREAT_DANGER,35125167033147392,危険！
HUNTER_THREAT_ENRAGED,35125494096584704,！！ハンター激怒！！
HUNTER_THREAT_IMMINENT,35125348260634624,脅威接近中！！
HUNTER_THREAT_PANTS,35125431806976000,！！漏らすなよ！！
HUNTERS_TIMER_FMT,68162259069689856,{SecondsRemaining:secondstotime()}
HUNTERS_TIMER_REWARD_FMT,68472376516403200,{Count:cond:<0?<color=#FF3667>{}秒</color>|+{}秒}
INSECT_EGGS,46628101830991872,昆虫の卵
INTERACT_PROMPT_HEALTH_GAIN_FMT,43375595235565568,+{HealthGain}
INTERACT_PROMPT_PING,43136443831279616,[InputAction:Gameplay/MarkTarget] Ping
INTERACTION_PROMPT_HOLD_SUCCESS,43183389103087616,成功！
INTERACTION_PROMPT_TYPE_HOLD_FMT,43127738511384576,{BindingText}を長押しで{ActionText}
INTERACTION_PROMPT_TYPE_NONE_FMT,43126879249489920,{ActionText}
INTERACTION_PROMPT_TYPE_PRESS_FMT,43127706953441280,{BindingText} {ActionText}
ITEM_INSPECTION_PROMPT,42642500681195520,調べる
ITEM_NOTIFICATION_NEW_ITEM,42646904150941696,New！
ITEM_NOTIFICATION_STACK_COUNT_FMT,42659474148679680,x{StackCount}
ITEM_RARITY_COMMON,42668023662764032,コモン
ITEM_RARITY_EPIC,42668027727044608,エピック
ITEM_RARITY_LEGENDARY,42668029052444672,レジェンド
ITEM_RARITY_RARE,42668026103848960,レア
ITEM_RARITY_UNCOMMON,42668357307064320,アンコモン
ITEM_REWARD_NAME_FMT,63053428530601984,{ItemName}{ItemCount:| +{ItemCount}}
JELLY_FORGE,46628102367862784,ゼリーの砦
JOIN_GAME_PLAYERCOUNT_FMT,48096123611504640,{Current}/{Max}
JOIN_GAME_PLAYERNAME_FMT,48095464992530432,{PlayerName}のゲーム
JOIN_GAME_PROTOCOL_MISMATCH,48097039647498240,バージョン不一致
JOIN_GAME_SPECTATE,47816347118198784,観戦
JUMP_PAD,46406064923467776,ジャンプパッド
LOADOUT_ARTIFACT_NONE_DESC,38383465480052736,ただの空の装備スロットです。
LOADOUT_ARTIFACT_NONE_TITLE,38383464444059648,アーティファクトなし
LOADOUT_FLAIR_NONE_DESC,38383568223723520,個性の表現は大事でしょ？
LOADOUT_FLAIR_NONE_TITLE,38383466306330624,フレアなし！
LOADOUT_WEAPON_NONE_DESC,38383462514679808,まあ、しょうがないか。
LOADOUT_WEAPON_NONE_TITLE,38383410991849472,武器なし
MAIN_MENU_ABANDON_RUN,31077628587794432,ロビーに戻る
MAIN_MENU_DEBUG_HEADER,31076998813048832,デバッグ
MAIN_MENU_DISCORD_SERVER_BUTTON,31076690544287744,Discordに集まろう
MAIN_MENU_EXIT,31077710762598400,ゲームを終了
MAIN_MENU_MULTIPLAYER,31077375373467648,マルチプレイ
MAIN_MENU_OPTIONS,31077450753499136,オプション
MAIN_MENU_RESUME,31077530629824512,[InputAction:UI/Cancel]を再開
MAIN_MENU_SKIP_TUTORIAL,31076355092242432,チュートリアルをスキップ
MAIN_MENU_UNSTUCK_BTN_TXT,61894851502731264,動作しなくなった！
MAIN_MENU_UPLOAD_LOGS,31077125934014464,ログをアップロード
MAIN_MENU_WISHLIST,31077254808199168,Steamでウィッシュリストに追加
MEAT_CORE_SITE,46628112702627840,ミートコアサイト
MEAT_MUSH,46628103278026752,ミートマッシュ
MENACING_TENTACLE,46628121766518784,脅威の触手
MENU_COMMON_BACK,47855835508891648,[InputAction:UI/Cancel]戻る
MESSAGE_BOX_ABANDON_RUN_CANCEL,31141851095359488,キャンセル
MESSAGE_BOX_ABANDON_RUN_CONFIRM,31141825619156992,ランを放棄
MESSAGE_BOX_ABANDON_RUN_MESSAGE,31141795957039104,このランを放棄してROX-1に戻りますか？
MESSAGE_BOX_ABANDON_RUN_TITLE,31141752260780032,ランの放棄
MESSAGE_BOX_BLOCK_PLAYER_CANCEL,31122765070196736,キャンセル
MESSAGE_BOX_BLOCK_PLAYER_CONFIRM,31122718286929920,ブロック
MESSAGE_BOX_BLOCK_PLAYER_MESSAGE,31122703279710208,ブロックしたプレイヤーは、あなたのホストしたゲームに参加できず、参加した場合でも永久にミュートされます。<br><br>本当に{PlayerName}をブロックしてよろしいですか？
MESSAGE_BOX_BLOCK_PLAYER_TITLE,31122656211230720,プレイヤーをブロック
MESSAGE_BOX_COMPUTER_OVERHEATING_CANCEL,31121502840545280,そのままにする
MESSAGE_BOX_COMPUTER_OVERHEATING_CONFIRM,31121455612682240,冷却する
MESSAGE_BOX_COMPUTER_OVERHEATING_MESSAGE,31121436348243968,解像度とフレームレートを下げてPCを冷却しますか？
MESSAGE_BOX_COMPUTER_OVERHEATING_TITLE,31121364780834816,PCがオーバーヒート中
MESSAGE_BOX_DEFAULT_CANCEL,31145042352529408,キャンセル
MESSAGE_BOX_DEFAULT_CONFIRM,31145012967235584,OK
MESSAGE_BOX_EXIT_GAME_CANCEL,31121900481536000,キャンセル
MESSAGE_BOX_EXIT_GAME_CONFIRM,31121881414230016,メインメニューに戻る
MESSAGE_BOX_EXIT_GAME_MESSAGE,31121844806344704,本当にフレンドを見捨てますか？
MESSAGE_BOX_EXIT_GAME_SECONDARY,31121914842832896,デスクトップに戻る
MESSAGE_BOX_EXIT_GAME_TITLE,31121802745864192,ゲームを終了
MESSAGE_BOX_FEEDBACK_CANCEL,31100557044211712,後にする
MESSAGE_BOX_FEEDBACK_CANCEL_ON_EXIT,31100501750702080,いいえ、結構です
MESSAGE_BOX_FEEDBACK_CONFIRM,31100327628365824,はい！
MESSAGE_BOX_FEEDBACK_MESSAGE,31100033314054144,短いアンケートに協力してゲームの改善にご協力いただけませんか？
MESSAGE_BOX_FEEDBACK_TITLE,31099905689772032,フィードバック
MESSAGE_BOX_GAME_FULL_MESSAGE,31122339318980608,申し訳ありません。そのゲームはすでに満員です。OKを押すとメインメニューに戻ります。
MESSAGE_BOX_GAME_FULL_TITLE,31122293072584704,ゲーム満員
MESSAGE_BOX_JOIN_FRIEND_CANCEL,31104948069457920,いいえ、結構です！
MESSAGE_BOX_JOIN_FRIEND_CONFIRM,31104888199962624,ゲームに参加
MESSAGE_BOX_JOIN_FRIEND_GAME_MESSAGE,31100789127634944,{FriendName}のゲームに招待されました
MESSAGE_BOX_JOIN_GAME_TITLE,31100726099828736,新しいゲームに参加
MESSAGE_BOX_LEAVE_CONFIRM,69161157897678848,ゲームを終了する
MESSAGE_BOX_LEAVE_HOST_TITLE,69160751356375040,ホスト中のゲームを終了しますか？
MESSAGE_BOX_LEAVE_HOST_TXT,69160978603765760,本当にゲームを終了してよろしいですか？<br>あなたがホストの状態で終了すると、他の全員が追放されます。
MESSAGE_BOX_LEAVE_TITLE,69160074362155008,ゲームを終了しますか？
MESSAGE_BOX_LEAVE_TXT,69160855006015488,本当にゲームを終了してよろしいですか？
MESSAGE_BOX_LOAD_DEMO_CANCEL,56092051975892992,いいえ、二度と表示しない
MESSAGE_BOX_LOAD_DEMO_CONFIRM,56092048666587136,はい
MESSAGE_BOX_LOAD_DEMO_MESSAGE,55860579570479104,「SwapMeat」体験版のセーブデータが見つかりました。体験版の進行状況をコピーしますか？既存のセーブデータは上書きされます。
MESSAGE_BOX_LOAD_DEMO_PROGRESS_TITLE,55860577653682176,体験版の進行状況を移行	
MESSAGE_BOX_LOAD_DEMO_SECONDARY,56092050369474560,いいえ、次回に通知する
MESSAGE_BOX_MISSING_ARTIFACT_MESSAGE,31142435298992128,アルティメットを選択せずに続行してもよろしいですか？
MESSAGE_BOX_NETWORK_DISCONNECT_MESSAGE,31120173598498816,ホストが切断されました
MESSAGE_BOX_NETWORK_DISCONNECT_TITLE,31120107987001344,ホスト切断
MESSAGE_BOX_NETWORK_TIMEOUT_MESSAGE,31120316263555072,クライアントの接続がタイムアウトしました
MESSAGE_BOX_NETWORK_TIMEOUT_TITLE,31120286274281472,エラー：ネットワークタイムアウト
MESSAGE_BOX_NEW_BUILD_MESSAGE,31121145544564736,新しいビルドが利用可能です。OKをクリックして再起動し、アップデートを開始してください。
MESSAGE_BOX_NEW_BUILD_TITLE,31121109494521856,新しいビルドを利用可能
MESSAGE_BOX_QUIT_MESSAGE,31098545544093696,本当に終了してよろしいですか？
MESSAGE_BOX_QUIT_MESSAGE_HOST,45269853613842432,本当にゲームを終了してよろしいですか？<br>あなたがホストの状態で終了すると、他の全員が追放されます。
MESSAGE_BOX_QUIT_TITLE,31098413507403776,ゲームの終了
MESSAGE_BOX_QUIT_TITLE_HOST,45269738467614720,ホスト中のゲームを終了しますか？
MESSAGE_BOX_REBIND_BANNED_MSG_FMT,52961862714585088,入力した「{InputPath}」はすでにグローバルアクション「{ActionName}」に割り当てられています。
MESSAGE_BOX_REBIND_BANNED_TITLE,52961860839731200,キーの再割り当て失敗
MESSAGE_BOX_REBIND_CONFLICT_MSG_FMT,52952037393887232,「{InputPath}」はすでに「{ActionName}」に割り当てられています。新しい入力にも再割り当てが必要です。
MESSAGE_BOX_REBIND_CONFLICT_TITLE,52952033853894656,キーの再割り当て競合
MESSAGE_BOX_RESET_ACCOUNT_CANCEL,31142685069795328,キャンセル
MESSAGE_BOX_RESET_ACCOUNT_CONFIRM,31142672679821312,アカウントをリセット
MESSAGE_BOX_RESET_ACCOUNT_MESSAGE,31142661908848640,本当にアカウントをリセットしてよろしいですか？<br>リセットすると、進行状況とアンロック済みコンテンツがすべて削除されます。
MESSAGE_BOX_RESET_ACCOUNT_TITLE,31142628807401472,アカウントをリセット
MESSAGE_BOX_RESET_RUN_MESSAGE,31141144124448768,本当にランをリセットしてよろしいですか？
MESSAGE_BOX_RESET_RUN_TITLE,31141105490714624,ランをリセット
MESSAGE_BOX_RETURN_CONFIRM,69163340810612736,ランを放棄
MESSAGE_BOX_RETURN_HOST_TXT,69163346871382016,本当にランを放棄してよろしいですか？<br>あなたがホストのため、全員が一緒に戻ります。
MESSAGE_BOX_RETURN_TITLE,69163337862017024,ランを放棄しますか？
MESSAGE_BOX_RETURN_TXT,69163343302029312,本当にランを放棄してよろしいですか？
MESSAGE_BOX_SKIP_TUTORIAL_CANCEL,31142171938643968,キャンセル
MESSAGE_BOX_SKIP_TUTORIAL_CONFIRM,31142158563008512,チュートリアルをスキップ
MESSAGE_BOX_SKIP_TUTORIAL_MESSAGE,31142143690006528,本当にチュートリアルをスキップして船に戻ってよろしいですか？
MESSAGE_BOX_SKIP_TUTORIAL_TITLE,31142106562027520,チュートリアルをスキップ
MESSAGE_BOX_TUTORIAL_REQUIRED_MESSAGE,31119917020340224,マルチプレイに参加する前にチュートリアルを完了する必要があります。<br>今すぐチュートリアルを開始しますか？
MESSAGE_BOX_TUTORIAL_REQUIRED_TITLE,31119792659226624,チュートリアル必須
MESSAGE_BOX_TUTORIAL_SINGLE_PLAYER_MESSAGE,51432919170801664,チュートリアルを再度プレイするにはシングルプレイで再起動する必要があります。<br>シングルプレイゲームを開始するため、メインメニューに戻りますか？
MESSAGE_BOX_TUTORIAL_SINGLE_PLAYER_TITLE,51432847888605184,チュートリアル警告
MESSAGE_BOX_VERSION_MISMATCH_MESSAGE,31120802169479168,バージョン不一致のためゲームに参加できません。最新のアップデートを適用するには、あなたとホストの両方がゲームを再起動する必要があります。
MESSAGE_BOX_VERSION_MISMATCH_TITLE,31120753725267968,バージョン不一致
MESSAGE_BOX_VIDEO_SETTINGS_CHANGED_CANCEL,31143010442928128,変更を元に戻す
MESSAGE_BOX_VIDEO_SETTINGS_CHANGED_CONFIRM,31142998338166784,変更したままにする
MESSAGE_BOX_VIDEO_SETTINGS_CHANGED_MESSAGE,31142986732527616,ビデオ設定が変更されました。この状態でよろしいですか？<br><br>5秒後に自動で元に戻ります。
MESSAGE_BOX_VIDEO_SETTINGS_CHANGED_TITLE,31142952192434176,ビデオ設定が変更されました
MODE_SELECT_CONTINUE_BTN_FMT,88516393607032832,星系{SystemNum} - {PlanetName}
MODE_SELECT_CREATE_FRIENDS_DESC,71007351351472128,フレンドがあなたのゲームを見つけて参加できます。
MODE_SELECT_CREATE_FRIENDS_TITLE,71007349887660032,フレンド
MODE_SELECT_CREATE_PUBLIC_DESC,71007348780363776,誰でも参加可能、配信に最適！
MODE_SELECT_CREATE_PUBLIC_TITLE,71007346976813056,公開
MODE_SELECT_CREATE_SOLO_DESC,71007345391366144,一人で遊ぶか他の人を招待します。
MODE_SELECT_CREATE_SOLO_TITLE,71007343826890752,非公開
MODE_SELECT_FRIENDS_GAME,70420085428121600,フレンド
MODE_SELECT_FRIENDS_GAME_DESC,70420318446874624,フレンドがあなたのゲームを見つけて参加できます。
MODE_SELECT_FRIENDS_ONLY,47782185145458688,（フレンドのみ）
MODE_SELECT_GAME_MODE_TITLE,71011334463877120,ゲームモード
MODE_SELECT_HOST_FRIENDS_ONLY,278383288320,非公開モードをホスト
MODE_SELECT_HOST_PRIVATE,327255318528,シングルプレイ
MODE_SELECT_HOST_PUBLIC,214248185856,公開モードをホスト
MODE_SELECT_JOIN_BTN,70420672118976512,ゲームに参加
MODE_SELECT_JOIN_GAME_TITLE,45666886526951424,ゲームに参加
MODE_SELECT_PLAY_BT,71007312436719616,プレイ
MODE_SELECT_PLAY_BTN,70420636043767808,プレイ
MODE_SELECT_PUBLIC_GAME,70420047901683712,公開
MODE_SELECT_PUBLIC_GAME_DESC,70420200670818304,誰でも参加可能、配信に最適！
MODE_SELECT_SOLO_GAME,70420012703084544,非公開
MODE_SELECT_SOLO_GAME_DESC,70420126205145088,一人で遊ぶか他の人を招待します。
MODE_SELECT_TITLE,45666774727778304,モード選択
MEAT_DISPENSER,46628101025685504,ミートディスペンサー
NODE_1,46389232518815744,ノード 1
NODE_2,46389312764239872,ノード 2
NODE_3,46389348839448576,ノード 3
NODE_4,46389350567501824,ノード 4
Open Hatch,70668568375361536,ハッチを開く
OPEN_DOOR,46628110437703680,ドアを開ける
OPTS_MULTIPLAYER_CURRENT_TEAM,69865368843120640,現在のチーム
OPTS_MULTIPLAYER_ENABLE_OBSERVERS,69865544915808256,観戦を有効化
OPTS_MULTIPLAYER_MANAGE_BLOCKS,69865680991612928,ブロックリストを管理...
PAYLOAD,46628108462186496,ペイロード
PIN_MARKER,46746956646510592,とどめ！
PROTECTIVE_CRSYSTAL,66975109500141568,守護クリスタル
RESEARCHER_POD,46628126124400640,従業員ポッド
SECURE_THE_MEAT_CORE!,46628112652296192,ミートコアを守れ！
SENTRY_TURRET,46628102288171008,セントリータレット
SHIELD_GENERATOR,66975448525733888,シールドジェネレーター
SMOKER_1_ACTIVATOR!,46628102149758976,ヌーカー 1アクティベーター
SMOKER_2_ACTIVATOR!,46628102149758977,ヌーカー 2アクティベーター
SMOKER_3_ACTIVATOR!,46628102149758978,ヌーカー 3アクティベーター
SPAWNING_POOL,46628102346891264,スポーンプール
STEERING_PANEL,46628109204578304,操作パネル
SUBTITLE_LINE_FMT,63797240152449024,<color=#{SpeakerNameColor}>{SpeakerName}：</color> {SpeakerText}
SUPPLY_BOX,46628126061486080,サプライボックス
THE_MEAT_MARKET,46628120319483904,ミートマーケット
TIBBLER'S_HEART,46628108311191552,カリプソの心臓
TIBBLER'S_KIDNEY,46628118494961664,カリプソの腎臓
TommyTank,84665130641293312,トミータンク
TOXIC_SLIME,46628104666341376,トキシックスライム
TRADER_TERMINAL_ACTION_EXCHANGE,58597048063090688,購入
TRADER_TERMINAL_ACTION_SELL,58596954802741248,売却
TRADER_TERMINAL_ACTION_UNAVAILABLE_NO_CURRENCY,58597098013057024,通貨不足
TRADER_TERMINAL_EMPTY_ENTRY,58591398792781824,インベントリにリソースがありません
Tutorial_LEGABILITY,47863131572002816,[InputAction:Gameplay/LegsAbility] 脚の能力
TUTORIAL_SWAPMEAT,47859765294915584,[InputAction:Interact/Interact]ミートを交換
UI_ANNOUNCEMENT_DIFFICULTY_FMT,74296319433236480,{difficulty}{ascension:cond:>0? Ascension {}|}
UI_ANNOUNCEMENT_ENTER_PLANET_FMT,74296317638074368,{planet}に入る
UI_ANNOUNCEMENT_HOST_PAUSED,74296313619931136,ホストがゲームを一時停止
UI_ANNOUNCEMENT_LEVEL_UP,74296314148413440,プレイヤーがレベルアップ報酬を選択中
UI_ANNOUNCEMENT_LEVEL_UP_RESUME,74296320918020096,{seconds}秒後に再開
UI_BLOCKLIST_TITLE,69854086446379008,ブロックリスト
UI_BLOCKLIST_UNBLOCK_BTN,69854165966188544,ブロック解除
UI_BOLTBURGER_CONFIGURE,71287883359576064,従業員設定
UI_BOLTBURGER_IGNORE_CARL,89059781141061632,カールを無視
UI_BOLTBURGER_INTERACT,71029788435800064,<color=yellow>逃げろ！</color>
UI_BOLTBURGER_NAME,71029706948861952,ボルトバーガー
UI_BOLTBURGER_TALK_TO_CARL_DESC,84438058676510720,銀河を冒険する前にカールと話そう。
UI_BOLTBURGER_TALK_TO_CARL_TITLE,84438056474501120,マネージャーと話す
UI_BUYNOWONSTEAM,78930206331494400,Steamで今すぐ購入
UI_CARLTERMINAL_CLAIM_BTN_CLAIM,63752028576215040,受け取る
UI_CARLTERMINAL_CLAIM_BTN_CRAFT,63752026911076352,購入
UI_CARLTERMINAL_CLAIM_BTN_CURRENCY_LOCKED,63752030165856256,通貨不足
UI_CARLTERMINAL_CLAIM_BTN_DEMO_LOCKED,63752024679706624,体験版のためロック中
UI_CARLTERMINAL_CLAIM_BTN_REQUIREMENTS_LOCKED,74607019393277952,要件を満たしていません
UI_CARLTERMINAL_COMPLETED,73167992798568448,完了
UI_CARLTERMINAL_QUESTS,73167908547584000,クエスト
UI_CARLTERMINAL_UPGRADES,73167953896398848,アップグレード
UI_CHANGE_DIFFICULTY_CLIENT,76472751513133056,ホストにゲーム難易度を{difficulty}に変更してもらう
UI_CHANGE_DIFFICULTY_TO_FMT,76472743611064320,ゲーム難易度を{difficulty}に変更
UI_COMPASS_E,68109962709032960,E
UI_COMPASS_N,68109857843044352,N
UI_COMPASS_NE,68109928332517376,NE
UI_COMPASS_NW,68110126031036416,NW
UI_COMPASS_S,68110021160853504,S
UI_COMPASS_SE,68109993440698368,SE
UI_COMPASS_SW,68110069386960896,SW
UI_COMPASS_W,68110099468509184,W
UI_CRITS_TEXT,80878169194749952,クリティカル
UI_DAMAGE_TEXT,71027131851726848,ダメージ
UI_DIFFICULTY_SELECT_TITLE,81165014893846528,難易度を選択
UI_DPS_TEXT,80878240179150848,DPS
UI_ENDSTAGE_CONSUMPTION,80927668453761024,惑星消費
UI_ENDSTAGE_DATA,71871687346348032,データ
UI_ENDSTAGE_GATHERING_DISCLAIMER,80901562480713728,*収集には正しいライセンスが必要です
UI_ENDSTAGE_LOADOUT,71871691788115968,装備セット
UI_ENDSTAGE_MATERIAL_FISHING,80927658316128256,釣り場
UI_ENDSTAGE_MATERIAL_MINING,80927660262285312,採掘ポイント
UI_ENDSTAGE_MATERIAL_TECH,80927662330077184,古代技術
UI_ENDSTAGE_NO_MATS_FOUND,80901560471642112,素材がありません！
UI_ENDSTAGE_PRIME_DIRECTIVES,80927664423034880,メイン目標
UI_ENDSTAGE_REWARDS,71871690248806400,報酬
UI_ENDSTAGE_SECONDARY_EVENTS,80927666520186880,サブイベント
UI_ENDSTAGE_STATS,71871688839520256,ステータス
UI_GALAXYMAP_ASCENSION_OFF,78047682533253120,アセンション：オフ
UI_GALAXYMAP_ASCENSION_ON,78047680209608704,アセンション：オン
UI_GALAXYMAP_BOSS,77085141590073344,ボス
UI_GALAXYMAP_DEMO_LOCKED,65856258359357440,体験版のためロック中
UI_GALAXYMAP_DIFFICULTY,77085143997603840,難易度
UI_GALAXYMAP_MODE_RANDOM,76942191665078272,ランダムモード
UI_GALAXYMAP_MODE_SCRIPTED,76942188812951552,星系 {index}
UI_GALAXYMAP_MODE_TUTORIAL,76942183263887360,チュートリアル
UI_GALAXYMAP_MODIFIERS,77085146208002048,モディファイア
UI_GALAXYMAP_PLANETS,77085138289156096,惑星
UI_GALAXYMAP_RANDOM_DESC,77848170049036288,すべての惑星、敵、ボスの出現がランダム化されています。
UI_GALAXYMAP_TUTORIAL_DESC,77848167003971584,一番簡単な難易度でゲームの基本操作と仕組みを把握しよう。
UI_GALAXYMAP_UNKNOWN_BOSS,76942179224772608,？？？
UI_GALAXYMAP_UNKNOWN_PLANET,76942179686146048,？？？
UI_GALAXYSCREEN_ASCENSION_FMT,77181756770344960,アセンション：{rank}
UI_GALAXYSCREEN_DIFFICULTY_FMT,77181621885722624,難易度：{difficulty}
UI_GALAXYSCREEN_MODIFIERS_FMT,77181851947491328,モディファイア：{count}/{max}
UI_GALAXYSELECT_DESTINATION_CURRENT,83744947004497920,目的地
UI_GALAXYSELECT_DESTINATION_SET,83744951232356352,目的地を設定
UI_GALAXYSELECT_DIFFICULTY_NONE,83722034389966848,未クリア
UI_GALAXYSELECT_HARDEST_LABEL,83711659535753216,最高難易度クリア：
UI_GATHERNODE_REQUIREMENT,71029905968586752,<color=red>{Requirement}</color>が必要
UI_HEALTHPICKUP_INTERACT,71039570580332544,HPを{percentage:percent()}%回復
UI_HEALTHPICKUP_NAME,71039568562872320,回復ステーション
UI_HITEFFECT_DESC_FMT,50658861504258048,{trigger}：{effect}
UI_INFOTERMINAL_INTERACT,71029517936746496,開く
UI_INFOTERMINAL_NAME,71029479261069312,図鑑
UI_INTERACT_PIN,71029310960427008,とどめ
UI_INTERACTION_LOCKED,81878672011681792,ロック中
UI_INTERACTION_MEAT,71029281604493312,拾う
UI_ITEM_DESC_FMT,50641214507048960,{attributes:list:|<br>}
UI_ITEMCONTAINER_INTERACT,86195284344823808,アイテム報酬を受け取る
UI_ITEMCONTAINER_NAME,86195272869208064,アイテムコンテナ
UI_KILLS_TEXT,80877989049393152,キル数
UI_LOADOUT_EQUIPPED_NONE,70975984860389376,なし
UI_LOADOUT_SLOT_FLAIR,71008883575873536,フレア
UI_LOADOUT_SLOT_MELEE,71006502045868032,近接
UI_LOADOUT_SLOT_PRIMARY,71006497910284288,メイン
UI_LOADOUT_SLOT_SECONDARY,71006500313620480,サブ
UI_LOADOUT_SLOT_ULTIMATE,71006503694229504,ミステリーミート
UI_LOBBY_TV_NAME,71282475156889600,チューブ
UI_LOBBY_TV_OFF,71282478541692928,<color=yellow>このガラクタをオフにする</color>
UI_LOBBY_TV_ON,71282477010771968,<color=yellow>従業員オリエンテーションを見る</color>
UI_MARKER_FREEMEAT,78544246305447936,フリーミート！
UI_MATERIALS_TITLE,80900142813667328,素材
UI_MEAT_PART_HEAD,71029987690405888,ヘッド
UI_MEAT_PART_LEGS,71030042077945856,レッグ
UI_MEAT_PART_TORSO,71030010549362688,トルソ
UI_MEATCORE_INTERACT,71029870979702784,収穫開始
UI_MEATCORE_NAME,71029824678780928,ミートコア
UI_MEATLOCKER_BACK,74561067920846848,[InputAction:UI/Cancel]戻る
UI_MEATLOCKER_EQUIP_BTN,74561255393652736,[InputAction:UI/Submit]装備
UI_MEATLOCKER_INTERACT_NAME,74562836717563904,ミートロッカー
UI_MEATLOCKER_INTERACT_PROMPT,74562840249167872,装飾アイテムを調整
UI_MEATLOCKER_ROTATE,74561363761885184,回転
UI_MEATLOCKER_SUBTITLE,74560978846412800,// 装飾アイテムを調整
UI_MEATLOCKER_TITLE,74560976120115200,ミートロッカー
UI_MEATNAME_MISSING,71030073136766976,不足しているミート
UI_MODESELECT_DEMOPROGRESS,73195958265962496,体験版の進行状況を製品版に移行
UI_MULTIPLAYER_BLOCKLIST_HELP_MESSAGE,70426187016368128,ブロックリストに追加したユーザーの確認と管理ができます。<br><br>ブロックされたユーザーは、あなたがホストするゲームに参加できません。第三者がホストするゲームであなたとブロックユーザーが一緒になった場合、ブロックユーザーは自動的にミュートされます。
UI_MULTIPLAYER_BLOCKLIST_HELP_TITLE,70426179655364608,ブロックリストの管理
UI_MULTIPLAYER_OBSERVER_HELP_MESSAGE,70426781500239872,ホスト中のゲームで、4人目の観戦者の接続を有効または無効にします。観戦者はボイスチャットに参加できませんが、ホストまたは接続中のプレイヤーの視点でゲームを観戦できます。
UI_MULTIPLAYER_OBSERVER_HELP_TITLE,70426780619436032,観戦を有効化
UI_OBSERVER_INACTIVE,89551914265407488,<color=yellow>[InputAction:Observer/FollowNextPlayer]</color>を押すと倒れたフレンドを観戦
UI_OBSERVER_NEXT_PLAYER_BINDING,89551067078914048,次のプレイヤーを観戦（[InputAction:Observer/FollowNextPlayer]）
UI_OBSERVER_PLAYER,89551157478748160,{PlayerName}を観戦中
UI_OPTS_ACCOUNT_RESET_BTN,70352075493404672,アカウントをリセット
UI_OPTS_ACCOUNT_RESET_MESSAGE,70434640048877568,<b>！！注意！！</b><br><br>アカウントの進行状況を初期状態にリセットします。ゲームの進行状況とアンロック済みコンテンツがすべて削除されます。
UI_OPTS_ACCOUNT_RESET_TITLE,70434638551511040,アカウントをリセット
UI_OPTS_ACCOUNT_TAB,68549317450723328,アカウント
UI_OPTS_ACCOUNT_UNSTUCK_BTN,70352078584606720,動作しなくなった！
UI_OPTS_ACCOUNT_UNSTUCK_MESSAGE,70434646139006976,時には落ちて動けなくなったり、岩と固いステーキの間に挟まれたりします。<br><br>最後のリスポーン地点でリスポーンします。
UI_OPTS_ACCOUNT_UNSTUCK_TITLE,70434644754886656,動作を復帰
UI_OPTS_ACCOUNT_UPLOAD_LOGS_BTN,70352077099823104,ログをアップロード
UI_OPTS_ACCOUNT_UPLOAD_LOGS_MESSAGE,70434643219771392,ゲームログをOMGに送信してデバッグ解析を行います。
UI_OPTS_ACCOUNT_UPLOAD_LOGS_TITLE,70434641781125120,デバッグログをアップロード
UI_OPTS_ADVANCED_GROUP,70287955960197120,詳細設定
UI_OPTS_AUDIO_DIALOGUE_VOL,70324071845261312,セリフの音量
UI_OPTS_AUDIO_DIALOGUE_VOL_MESSAGE,70415465322573824,ゲームプレイ中にピクチャーインピクチャーで表示されるボイスオーバーの音量を調整します。また、ムービー中のセリフの音量も調整します。<br><br>[InputAction:UI/Interact]を押すとテスト音声が流れます。
UI_OPTS_AUDIO_DIALOGUE_VOL_TITLE,70415464353689600,セリフの音量
UI_OPTS_AUDIO_ENEMIES_VOL,70324078786834432,敵の音量
UI_OPTS_AUDIO_ENEMIES_VOL_MESSAGE,70417417343266816,敵が発する効果音の音量を調整します。<br><br>[InputAction:UI/Interact]を押すとテスト音声が流れます。
UI_OPTS_AUDIO_ENEMIES_VOL_TITLE,70417416386965504,敵の音量
UI_OPTS_AUDIO_ENVIRONMENT_VOL,70324083664809984,環境の音量
UI_OPTS_AUDIO_ENVIRONMENT_VOL_MESSAGE,70417712496439296,水、フォースフィールド、ビープ音など、ゲーム環境の環境音量を調整します。<br><br>[InputAction:UI/Interact]を押すとテスト音声が流れます。
UI_OPTS_AUDIO_ENVIRONMENT_VOL_TITLE,70417711691132928,環境の音量
UI_OPTS_AUDIO_MASTER_VOL,70324061531467776,マスター音量
UI_OPTS_AUDIO_MASTER_VOL_MESSAGE,70415212070498304,ゲームオーディオ全体の音量を調整します。
UI_OPTS_AUDIO_MASTER_VOL_TITLE,70415210757681152,マスター音量
UI_OPTS_AUDIO_MUSIC_VOL,70324070058487808,BGMの音量
UI_OPTS_AUDIO_MUSIC_VOL_MESSAGE,70415382266966016,BGMの音量を調整します。
UI_OPTS_AUDIO_MUSIC_VOL_TITLE,70415381159669760,BGMの音量
UI_OPTS_AUDIO_PLAYER_VOL,70324081903202304,キャラクターの音量
UI_OPTS_AUDIO_PLAYER_VOL_MESSAGE,70417544044802048,ミート交換や武器発射など、プレイヤーキャラクターが発する効果音の音量を調整します。<br><br>[InputAction:UI/Interact]を押すとテスト音声が流れます。
UI_OPTS_AUDIO_PLAYER_VOL_TITLE,70417543201746944,キャラクターの音量
UI_OPTS_AUDIO_TAB,68549280075280384,オーディオ
UI_OPTS_AUDIO_UI_VOL,70324085401251840,UIの音量
UI_OPTS_AUDIO_UI_VOL_MESSAGE,70418003727937536,UIの操作音や効果音の音量を調整します。<br><br>[InputAction:UI/Interact]を押すとテスト音声が流れます。
UI_OPTS_AUDIO_UI_VOL_TITLE,70418002318651392,UIの音量
UI_OPTS_AUDIO_VOIP_CHAT_MODE,70324073653006336,ボイスチャットモード
UI_OPTS_AUDIO_VOIP_CHAT_MODE_MESSAGE,70415803299590144,ゲーム内ボイスチャットでマイクをオンにするタイミングを[InputAction:Global/PushToTalk]でどのように制御するかを設定します。<br><br><b>プッシュ・トゥ・トーク</b><br>[InputAction:Global/PushToTalk]を長押し中に会話します。<br><br><b>切り替え</b><br>[InputAction:Global/PushToTalk]を1回押すと、マイクをオンにします。オフにするには、[InputAction:Global/PushToTalk]をもう1回押します。<br><br><b>オープンマイク</b><br>キーを押す必要はなく、マイクが常にオンになります。
UI_OPTS_AUDIO_VOIP_CHAT_MODE_TITLE,70415802246819840,ボイスチャットモード
UI_OPTS_AUDIO_VOIP_VOL,70324075414614016,ボイスチャットの音量
UI_OPTS_AUDIO_VOIP_VOL_MESSAGE,70417228972879872,ゲーム内ボイスチャットの全体音量を調整します。<br><br>[InputAction:UI/Interact]を押すとテスト音声が流れます。
UI_OPTS_AUDIO_VOIP_VOL_TITLE,70417227920109568,ボイスチャットの音量
UI_OPTS_BACK_INPUT,68857711046881280,[InputAction:UI/Cancel]戻る
UI_OPTS_BLOCK_BTN,69867107889639424,ブロック
UI_OPTS_BLOCK_PLAYER_MESSAGE,70418828219052032,- ブロックしたプレイヤーからのゲーム招待をブロックします。<br>- ホストしているゲームへの参加や操作をブロックします。<br>- 参加しているゲーム内でミュートします。
UI_OPTS_BLOCK_PLAYER_TITLE,70418745436073984,プレイヤーをブロック
UI_OPTS_BUILD_INFO,71065577514266624,プラットフォーム：{PlatformName} |    ビルド：{BuildId}    |    プロトコルハッシュ：{ProtocolHash}
UI_OPTS_BUTTON_LAYOUT_TITLE,70422436385845248,ボタンのレイアウト
UI_OPTS_BUTTONBINDINGS_GROUP,70738650857402368,ボタンの割り当て
UI_OPTS_CONTROLLER_TAB,68549200207343616,コントローラー
UI_OPTS_DEBUG_TAB,78987062803361792,デバッグ
UI_OPTS_DEFAULT_HELP_MESSAGE,70399200684077056,未実装のヘルプテキスト
UI_OPTS_DEFAULT_HELP_TITLE,70399197446074368,未実装のヘルプタイトル
UI_OPTS_EXIT,67081951311228928,ゲームを終了
UI_OPTS_FX_GROUP,70324077025226752,FX
UI_OPTS_GAMEPAD_AIM_ASSIST_STRENGTH,70282068478586880,エイムアシストの強度
UI_OPTS_GAMEPAD_AIM_ASSIST_STRENGTH_HELP_MESSAGE,70414381661220864,照準が最も近いターゲットに吸い寄せられる強さを調整します。<br><br>エイムアシストは、トリガーを押し続けている間の反動間、またはトリガーを軽く押している時に有効です。<br><br>値が高いほどターゲットに素早く吸い寄せられます。
UI_OPTS_GAMEPAD_AIM_ASSIST_STRENGTH_HELP_TITLE,70414380562313216,エイムアシストの強度
UI_OPTS_GAMEPAD_AIM_SENSITIVITY,70282066817642496,エイムの感度
UI_OPTS_GAMEPAD_AIM_SENSITIVITY_HELP_MESSAGE,70414082783506432,トリガーを長押しで発射中の全体的なゲームパッド視点感度の比率です。<br><br>感度を下げたい場合や、より細かく狙いを定めたい場合は下げてください。
UI_OPTS_GAMEPAD_AIM_SENSITIVITY_HELP_TITLE,70414081336471552,エイムの感度
UI_OPTS_GAMEPAD_INVERT_LOOK,70282043379871744,Y軸を反転（視点）
UI_OPTS_GAMEPAD_INVERT_LOOK_HELP_MESSAGE,70412802040197120,ゲームパッド使用時の視点の上下反転を切り替えます。<br><br>オンにした場合、コントローラーを上に動かすとキャラクターは下を向きます。
UI_OPTS_GAMEPAD_INVERT_LOOK_HELP_TITLE,70412800836431872,Y軸を反転（ゲームパッド）
UI_OPTS_GAMEPAD_INVERT_MOVE,70282061679620096,Y軸を反転（移動）
UI_OPTS_GAMEPAD_INVERT_MOVE_HELP_MESSAGE,70412958634536960,ゲームパッド使用時の移動の反転をオンまたはオフにします。<br><br>キャラクターの前後移動を反転させます。<br><br>ほとんど必要ありませんが、古いコントローラーでは便利な場合があります。
UI_OPTS_GAMEPAD_INVERT_MOVE_HELP_TITLE,70412957338497024,移動軸を反転（ゲームパッド）
UI_OPTS_GAMEPAD_LOOK_SPEED_X,70282063558668288,ゲームパッドの水平速度
UI_OPTS_GAMEPAD_LOOK_SPEED_X_HELP_MESSAGE,70413633917480960,ゲームパッド使用時の左右方向の視点感度です。
UI_OPTS_GAMEPAD_LOOK_SPEED_X_HELP_TITLE,70413632646606848,ゲームパッドの水平速度
UI_OPTS_GAMEPAD_LOOK_SPEED_Y,70282065131532288,ゲームパッドの垂直速度
UI_OPTS_GAMEPAD_LOOK_SPEED_Y_HELP_MESSAGE,70413813823762432,ゲームパッド使用時の上下方向の視点感度です。
UI_OPTS_GAMEPAD_LOOK_SPEED_Y_HELP_TITLE,70413812913598464,ゲームパッドの垂直速度
UI_OPTS_GAMEPLAY_TAB,68549116929437696,ゲームプレイ
UI_OPTS_GENERAL_GROUP,70287948653719552,一般
UI_OPTS_GENERAL_TAB,75389016626622464,一般
UI_OPTS_INPUT_GROUP,70279105097953280,入力
UI_OPTS_INVITE_PLAYERS_BTN,70418305227091968,プレイヤーを招待
UI_OPTS_KEYBIND_BINDING,70421327982292992,割り当て：{BindingName}
UI_OPTS_KEYBIND_CANCEL_PROMPT,70421608761585664,[InputAction:UI/Cancel]でキャンセル
UI_OPTS_KEYBIND_ERROR_CANCEL,70422066154631168,キャンセル
UI_OPTS_KEYBIND_ERROR_CONFIRM,70422064200085504,確認
UI_OPTS_KEYBIND_ERROR_MSG,70421794263068672,これにより以下のアクションの割り当てが解除されます。<br>{OtherActionName}<br>続行してよろしいですか？
UI_OPTS_KEYBIND_ERROR_TITLE,70421791478050816,割り当て済みのキーがあります
UI_OPTS_KEYBIND_GROUP_COMMUNICATION,70420944467718144,コミュニケーション
UI_OPTS_KEYBIND_GROUP_MISC,70420950109057024,その他
UI_OPTS_KEYBIND_GROUP_MOVEMENT,70420842411913216,移動
UI_OPTS_KEYBIND_GROUP_WEAPONS,70420902256242688,武器と能力
UI_OPTS_KEYBIND_PROMPT,70421315709759488,任意のキーを押してください
UI_OPTS_KEYBIND_PROMPT_GAMEPAD,70422265480540160,任意のボタンを押してください
UI_OPTS_KEYBINDS_GROUP,70738498176348160,キーの割り当て
UI_OPTS_KEYBOARD_TAB,68549159149301760,キーボード
UI_OPTS_KICK_BTN,69867067745955840,追放
UI_OPTS_KICK_PLAYER_MESSAGE,70418717061607424,- 現在のゲームからプレイヤーを追放します。<br>- プレイヤーはメインメニューから再参加を試みることができます。
UI_OPTS_KICK_PLAYER_TITLE,70418437070843904,プレイヤーを追放
UI_OPTS_LAST_SAVE_TXT,68548738615799808,最終セーブ：<br>{0:timespan(less|minute)}前<br><br>{Tag}
UI_OPTS_LOC_GROUP,75400145952239616,ローカライズ
UI_OPTS_LOCALE,75400155171319808,言語
UI_OPTS_LOCALE_HELP_MESSAGE,75399913063510016,ゲーム内テキスト表示時の希望言語を選択します。
UI_OPTS_LOCALE_HELP_TITLE,75399909397688320,言語
UI_OPTS_LOG_UPLOAD_COMPLETE_MSG,71062034984136704,デバッグログはOMGにアップロードされました。<br>ご報告ありがとうございます！
UI_OPTS_LOG_UPLOAD_COMPLETE_TITLE,71062033079922688,ログのアップロード完了
UI_OPTS_MOUSE_INVERT_Y,70272412423221248,Y軸を反転
UI_OPTS_MOUSE_INVERT_Y_HELP_MESSAGE,70412173477605376,マウス使用時の視点の上下反転を切り替えます。<br><br>オンにした場合、コントローラーを上に動かすとキャラクターは下を向きます。
UI_OPTS_MOUSE_INVERT_Y_HELP_TITLE,70412171606945792,Y軸を反転（マウス）
UI_OPTS_MOUSE_SPEED_X,70272546573840384,マウスの水平速度
UI_OPTS_MOUSE_SPEED_X_HELP_MESSAGE,70412460183449600,マウス使用時の左右方向の視点感度です。
UI_OPTS_MOUSE_SPEED_X_HELP_TITLE,70412458447007744,マウスの水平速度
UI_OPTS_MOUSE_SPEED_Y,70272548553551872,マウス垂直速度
UI_OPTS_MOUSE_SPEED_Y_HELP_MESSAGE,70412693684547584,マウス使用時の上下方向の視点感度です。
UI_OPTS_MOUSE_SPEED_Y_HELP_TITLE,70412692216541184,マウス垂直速度
UI_OPTS_MULTIPLAYER,67081471604486144,マルチプレイ
UI_OPTS_MULTIPLAYER_TITLE,69893490762248192,マルチプレイ
UI_OPTS_MUTE_BTN,69867030940938240,ミュート
UI_OPTS_OPTIONS,67081590919852032,オプション
UI_OPTS_QUIT_TO_MAINMENU,67081878519083008,メインメニューに戻る
UI_OPTS_RANGUS_TITLE,68857709201387520,ランガスメニュー
UI_OPTS_RESET_DEFAULT_CANCEL,70371653040664576,キャンセル
UI_OPTS_RESET_DEFAULT_CONFIRM,70371646627573760,はい
UI_OPTS_RESET_DEFAULT_MSG,70371438707535872,本当に設定をデフォルトに戻してもよろしいですか？
UI_OPTS_RESET_DEFAULT_TITLE,70371436950122496,デフォルトに戻しますか？
UI_OPTS_RESTORE_DEFAULTS_BTN,70244262565834752,デフォルトに戻す
UI_OPTS_RETURN_MOTHERSHIP,67081787087450112,ランを放棄
UI_OPTS_SAVE_APPLY,71090571845758976,[InputAction:UI/Submit] 適用
UI_OPTS_SELECT_INPUT,68857825807233024,[InputAction:UI/Submit] 選択
UI_OPTS_TAB_LEFT,68548893402394624,[InputAction:UI/PreviousTab]
UI_OPTS_TAB_RIGHT,68549357606989824,[InputAction:UI/NextTab]
UI_OPTS_UNMUTE_BTN,69869271953371136,ミュート解除
UI_OPTS_VIDEO_QUALITY,70287954148257792,画質
UI_OPTS_VIDEO_QUALITY_MESSAGE,70411523725389824,全体的な画質です。0から5までの範囲で、値が高いほどより精細なグラフィックが描画されます。<br><br>この設定はアンチエイリアス、テクスチャサイズ、詳細度（LOD）距離などの基礎的なグラフィック設定に影響します。
UI_OPTS_VIDEO_QUALITY_TITLE,70411522215440384,画質
UI_OPTS_VIDEO_RESOLUTION,70318948783943680,解像度
UI_OPTS_VIDEO_RESOLUTION_MESSAGE,70399271093858304,ゲームウィンドウを表示する幅、高さ、リフレッシュレートを設定します。<br><br>この設定はフルスクリーンまたはウィンドウモード時のみ利用可能です。
UI_OPTS_VIDEO_RESOLUTION_TITLE,70399256933888000,画面解像度
UI_OPTS_VIDEO_TAB,68549243832299520,ビデオ
UI_OPTS_VIDEO_WINDOW_MODE,70287952470536192,画面モード
UI_OPTS_VIDEO_WINDOW_MODE_MESSAGE,70399243101073408,<b>フルスクリーン</b><br>ゲームエンジンの専用フルスクリーンを利用できます。<br><br><b>ウィンドウフルスクリーン</b><br>画面と同じネイティブ解像度のボーダーレスウィンドウです。<br><br><b>ウィンドウ</b><br>ネイティブの最小化/最大化/リサイズが可能なゲームウィンドウです。
UI_OPTS_VIDEO_WINDOW_MODE_TITLE,70399203120967680,画面モード
UI_REQUIREMENT_CARLQUEST_FMT,74971176676352000,"クエストをクリア：""{quest}"""
UI_REQUIREMENT_CAUGHTFISH,75676451393757184,{count}匹の魚を釣る
UI_REQUIREMENT_CURRENCY,73516433013727232,所持金：{amount}{currency}
UI_REQUIREMENT_EMPLOYEERANK_FMT,52949564150243328,従業員ランク：{rank}
UI_REQUIREMENT_LIFETIME_CURRENCY,81905411479822336,{currency}を獲得する
UI_REQUIREMENT_LIFETIME_FISH,81905413581168640,{currency}を捕まえる
UI_REQUIREMENT_LIFETIME_MATERIALS,81909229068214272,{currency}を集める
UI_REQUIREMENT_NONE,52948800652697600,要件なし
UI_REQUIREMENT_PLANET_FMT,52949486878580736,{planet}をクリアする
UI_REQUIREMENT_PROGRESS_FMT,75687597366566912,<color=#{color}>{count}</color>/{total}
UI_REQUIREMENT_PROGRESSFLAG_FMT,52948896446406656,{flag}が必要
UI_REQUIREMENT_SMARTMEAT_RANK,75676449292410880,スマートミートをランク {rank}にアップグレードする
UI_REQUIREMENT_SOLARSYSTEM_FMT,52949170154102784,{system}を{difficulty}{ascension:cond:>0? A{}|}でクリアする
UI_REQUIREMENT_STAT_MEATSWAPPED_FMT,52949168367329280,{count:plural:{}個のミート|{}個のミート}を交換する
UI_REQUIREMENT_STAT_NONABANDONEDRUNS_FMT,88708929729585152,{count}回のランをクリアする
UI_REQUIREMENT_STAT_PLANETSCOMPLETED_FMT,52949166408589312,{count:plural:{}個の惑星|{}個の惑星}から脱出する
UI_REQUIREMENT_STAT_PLANETSVISITED_FMT,52949169457848320,{count:plural:{}個の惑星|{}個の惑星}を訪れる
UI_REQUIREMENT_STAT_RUNSFAILED_FMT,52949023231827968,{count:plural:{}回のラン|{}回のラン}に失敗する
UI_REQUIREMENT_UNLOCK_ARTIFACT,73516434381070336,{Count}個のアーティファクト{Count:plural:能力|能力}をアンロックする
UI_REQUIREMENT_UNLOCK_FLAIR,73516449342152704,{Count}{Count:plural:個のフレアピース|個のフレアピース}をアンロックする
UI_REQUIREMENT_UNLOCK_WEAPON,73516435505143808,{Count:plural:{}個の武器|{}武器}をアンロックする
UI_REQUIREMENT_WEAPONRANK_ANY,73516429897359360,任意の武器をランク {rank}にランクアップする
UI_REQUIREMENT_WEAPONRANK_SPECIFIC,73516431621218304,{family}をランク {rank}にランクアップする
UI_REQUIREMENT_WEAPONSTAT_OBJECTIVES_FMT,52949730919964672,{count}個のメイン{count:plural:目標|目標}を{family}でクリアする
UI_REQUIREMENTS,58737776349143040,要件：
UI_RESPAWN_HUNTER_COST_FMT,71029344326115328,[リスポーン時間：{CostSeconds}秒]
UI_RUNINFO_DIFFICULTY_TITLE,89147099684265984,難易度：
UI_RUNINFO_MODE_TITLE,89160478117322752,プライバシー：
UI_RUNINFO_PLANET_FMT,89160784477675520,> 惑星 {current}/{total}：{planet}
UI_RUNINFO_SYSTEM_TITLE,89160599483703296,星系：
UI_SAVEMGMT_BIRTHDAYS_DATA,76458893697282048,{BirthdayCount}
UI_SAVEMGMT_BIRTHDAYS_HEADER,76458631045771264,誕生日：
UI_SAVEMGMT_CAMPAIGN_PROGRESS_DATA,76459164905172992,星系 {CurrentSystem}/{SystemCount}<br>{CurrentSystemName} // {CurentPlanetName}
UI_SAVEMGMT_CAMPAIGN_PROGRESS_HEADER,76458491664855040,キャンペーン進行状況：
UI_SAVEMGMT_CARLCOIN_COUNT,76457673867849728,{CarlCoinCount}
UI_SAVEMGMT_COMPLETION_LONG,76458159945740288,完了度：{CompletionPercent}%
UI_SAVEMGMT_COMPLETION_SHORT,76455871910965248,{CompletionPercent}%
UI_SAVEMGMT_CREATE_EMPLOYEE_BTN,76458001149390848,+ 新しい従業員を作成
UI_SAVEMGMT_CURRENT_LOCATION_HEADER,76458409695571968,現在の場所：
UI_SAVEMGMT_DATAPOINT_COUNT,76457671896526848,{DataPointCount}
UI_SAVEMGMT_DELETE_SAVE_BTN,76458682354692096,[InputAction:UI/Revert] セーブを削除
UI_SAVEMGMT_DIFFICULTY_LONG,77171850999689216,難易度：{Difficulty}
UI_SAVEMGMT_DIFFICULTY_SHORT,77171691624525824,{Difficulty}{Ascension:cond:>0? A{}|}
UI_SAVEMGMT_DIFFICULTY_TITLE,77174107421995008,難易度：
UI_SAVEMGMT_EMPLOYEE_NAME,76455159420350464,従業員 {EmployeeNumber}
UI_SAVEMGMT_GLIZZY_COUNT,76457598835945472,{GlizzyCount}
UI_SAVEMGMT_MSGBOX_CONFIRM,76459568292360192,セーブデータを削除
UI_SAVEMGMT_MSGBOX_CREATE_SAVE_MSG,77599484736892928,ランガス従業員を作成 {EmployeeNumber}
UI_SAVEMGMT_MSGBOX_CREATE_SAVE_TITLE,77599481565999104,新しい従業員を雇いますか？
UI_SAVEMGMT_MSGBOX_DELETE_SAVE_MSG,76459477468901376,従業員 {EmployeeNumber}のセーブファイルを削除してもよろしいですか？<br>この操作は元に戻せません。
UI_SAVEMGMT_MSGBOX_DELETE_SAVE_TITLE,76459424876523520,セーブデータを削除しますか？
UI_SAVEMGMT_MSGBOX_LOAD_SAVE_MSG,77150388238610432,従業員 {EmployeeNumber}のセーブファイルを読み込みますか？
UI_SAVEMGMT_MSGBOX_LOAD_SAVE_TITLE,77150385709445120,従業員を切り替えますか？
UI_SAVEMGMT_NO_VALID_SAVES_MSG,77599802421866496,有効なセーブファイルが存在しません。プレイ用に自動で新しい従業員が作成されます。
UI_SAVEMGMT_NO_VALID_SAVES_TITLE,77599796109438976,有効な従業員ファイルなし
UI_SAVEMGMT_PLAYTIME_LONG,76458052697387008,プレイ時間：{Days:D2}:{Hours:D2}:{Minutes:D2}
UI_SAVEMGMT_PLAYTIME_SHORT,76456085350707200,{Days:D2}:{Hours:D2}:{Minutes:D2}
UI_SAVEMGMT_SAVE_BTN_DETAIL,76457884715511808,変更
UI_SAVEMGMT_SAVE_BTN_TITLE,76457842160103424,セーブファイル
UI_SAVEMGMT_SAVE_DETAIL_TITLE,76458374538915840,セーブ詳細
UI_SAVEMGMT_SYSTEM_STATUS_SHORT,76455956396830720,星系 {CurrentSystem}/{SystemCount}
UI_SAVEMGMT_TITLE_BAR,76459334883536896,セーブを読み込む
UI_SMARTMEAT_NAME,71029965485760512,スマートミート
UI_TAG_EQUIPPED,63534599735599104,装備中
UI_TERMINAL_EXIT,53935205264646144,ターミナルを終了
UI_TERMINAL_SMARTMEAT_TITLE,61538986663862272,従業員特典ターミナル
UI_TERMINAL_WEAPONS_BACK,53934967472775168,武器選択に戻る
UI_TERMINAL_WEAPONS_TITLE,53934907058020352,武器ターミナル
UI_TRAVEL_LOBBY,71871682891997184,戻る：
UI_TRAVEL_PLANET,71871685479882752,次の惑星
UI_TUTORIALPOPUP_CONFIRM,86931484559007744,了解！
UI_TUTORIALPOPUP_NEXT,86931490321981440,次へ
UI_TUTORIALPOPUP_PAGE_FMT,86949908160962560,{Current}/{Total}
UI_UGPRADEGRID_SMARTMEAT_SUBCATEGORY,61538997678104576,キミは最終兵器だ
UI_UPGRADEGRID_ACTIVE,78691822283513856,アクティブ
UI_UPGRADEGRID_BLOCKED_DESC,54322889858473984,隣接マスをアンロックしてチャレンジを表示
UI_UPGRADEGRID_CHALLENGE_TITLE,54322765962928128,チャレンジ
UI_UPGRADEGRID_COST_FMT,54269938343337984,コスト：<b>{points}</b>ポイント
UI_UPGRADEGRID_DESC,61619816316788736,アップグレードポイントを獲得するとランクが上がります。
UI_UPGRADEGRID_MAXDEMORANK,63774850287595520,体験版の最高ランク
UI_UPGRADEGRID_MAXRANK,54247495897702400,最高ランク
UI_UPGRADEGRID_POINTS_AVAIL,53958569882542080,使用可能ポイント：
UI_UPGRADEGRID_PROGRESSCOUNT_FMT,59426037270831104,{current} / {total}
UI_UPGRADEGRID_RANK_UP,53960174602280960,ランクアップ
UI_UPGRADEGRID_SMARTMEAT,61538996168155136,スマートミート
UI_UPGRADEGRID_UNLOCK,54247498640777216,アンロック
UI_UPGRADEGRID_UNLOCKS_TITLE,54323001598926848,アンロック：
UI_UPGRADEGRID_WEAPONS,53981706342883328,武器ランク
UI_UPGRADEGRID_WEAPONS_BACK,63713969943076864,武器検査に戻る
UI_WEAPON_CRIT_CHANCE_TITLE,63446363281547264,クリティカル
UI_WEAPON_MAGAZINE_TITLE,63446478268391424,マガジンサイズ
UI_WEAPON_RANGE_FMT,63445941418450944,{Range:0.0}m
UI_WEAPON_RANGE_TITLE,63445794089328640,射程
UI_WEAPON_RATE_TITLE,63445951468003328,連射速度
UI_WEAPONINSPECT_BASEDAMGE_FMT,63374233634332672,基礎ダメージ：{MinDamage} - {MaxDamage}{ProjectileCount:| x{}}
UI_WEAPONINSPECT_RELOAD_BONUS,63529341047267328,リロードボーナス：
UI_WEAPONINSPECT_TEST_WEAPON,63534728131633152,射撃場でテスト
UI_WEAPONINSPECT_UNLOCK,63351818913046528,アンロック
UI_WEAPONINSPECT_UNLOCK_DESC,63364702686666752,武器をアンロックしないと武器ランクを進められません。
UI_WEAPONINSPECT_UPGRADE_DESC,63364711805083648,チャレンジをクリアすると武器アップグレードをアンロックできます。<br>アップグレードポイントを獲得して消費するとランクアップできます。
UI_WEAPONINSPECT_UPGRADES,63351863464943616,ランクをアップグレード
UI_WEAPONTERMINAL_INSPECT,56189457739538432,武器を確認
WEAPON_CRIT_CHANCE_FMT,58682730970341376,{CritChance:percent()}% / x{Damage:0.00}ダメージ
WEAPON_DAMAGE_FMT,58681057103306752,ダメージ：{MinDamage} - {MaxDamage}{ProjectileCount:| x{}}{DamageType: ({})|}
WEAPON_EXPOSIVE_RADIUS_FMT,58683047074062336,爆発範囲：{Radius}m
WEAPON_HEAL_FMT,58683397642379264,回復量：{HealBase}
WEAPON_HEAL_RADIUS_FMT,58683398825172992,回復範囲：{Radius}
WEAPON_MAGAZINE_FMT,63446480793362432,{MaxCount}
WEAPON_RATE_FMT,58682157948723200,{ShotsPerSecond:0.00}発/秒
WEAPON_SWITCH_CHARGED,37939439253577728,チャージ済み
WISHLIST_ON_STEAM,45665676281503744,<b>STEAM</b>で<br>ウィッシュリストに追加
UI_CODEX_VIEW_FULL_FILE,98555893498441728,[InputAction:UI/Interact]ファイル全体を表示
UI_SMART_GLASS_ASSENTION_FMT,99191309422551040,A{rank}
UI_SMART_GLASS_SYSTEM_HEADER_FMT,99191769298624512,星系{num}：
UI_CODEX_EXIT_TERMINAL,94230730657165312,ターミナルを終了
UI_CODEX_FAQ_TAB,96055162325364736,FAQ
UI_CODEX_ITEMS_RESOURCES_TAB,96055160647643136,アイテム&リソース
UI_CODEX_MEAT_PARTS_TAB,96055158953144320,ミートパーツ
UI_CODEX_RANGUS_FILES_TAB,96055117706358784,ランガスファイル
UI_CODEX_TITLE_BAR,94228823121260544,図鑑
UI_RUNINFO_MODE_CLIENT,89516919760084992,クライアント
UI_RUNINFO_PROGRESS_FMT,91309503138488320,{current}/{total}
UI_COMMON_CANCEL_BINDING,99596914248314880,[InputAction:UI/Cancel]
UI_BOSS_HEALTHBAR_ALIVE,106887418227974144,{current}/{max}{invulnerable: --invulnerable--|}
UI_TRADER_CURRENCY_COUNT_ONLY,107212082384986112,{count}
UI_TRADER_CURRENCY_COUNT_WITH_NAME,107212080807927808,{count}{name}{count:|s}
UI_LOADOUT_PLANET_INDEX,107215447810629632,惑星{index}
UI_LOBBY_LAUNCH_FMT,107300806561095680,発射中：{seconds}...
UI_SKIP_BUTTON_COUNT_FMT,109114325996658688,{Current}/{Required}
UI_RANGUSTERMINAL_DIFFICULTY,109737168404996096,{Difficulty}{Ascension:cond:>0? A{}|}
MINION_COUNT_FMT,114031240531664896,{MinionName}：{CurrentCount}/{MaxCount}
UI_INSPECT_STATS_VALUE,114477960383098880,{currentVal:0.##}
UI_INSPECT_ULTIMATE_ABILITY_BIND,114490554758131712,[InputAction:Gameplay/ArtifactAbility]
UI_INSPECT_TORSO_ABILITY_BIND,114490551952142336,[InputAction:Gameplay/TorsoAbility]
UI_INSPECT_LEGS_ABILITY_BIND,114490549532028928,[InputAction:Gameplay/LegsAbility]
UI_INSPECT_HEAD_ABILITY_BIND,114490544754716672,[InputAction:Gameplay/HeadAbility]
UI_FLAIR_SLOT_FMT,114059281903378432,フレア{slot}
UI_INTERACTION_ARTIFACT_CHEST_TEXT,114805155298271232,拾う
UI_TRADER_CURRENCY_COUNT_AND_QUANTITY,119577683216556032,{count}（{HaveQuantity}）
SHRINE_REWARD_ANNOUNCEMENT_ITEM_FOR_PLANET,121420383809167360,惑星の持続時間中：<color={RewardColor}>{ItemDescription}</color>
UI_UPGRADEGRID_REFUND_FMT,121792385816453120,[InputAction:UI/Submit]ポイント返還（{points}）
SHRINE_REWARD_LIST,124328309829918720,{rewards:list:|<br>}
SHRINE_REWARD_ANNOUNCEMENT_ITEM_SECONDS,124636897391665152,{Seconds}秒間、<color={RewardColor}>{ItemDescription}</color>
SHRINE_REWARD_ANNOUNCEMENT_CURRENCY,124707854831575040,<color={RewardColor}>{Amount}{CurrencyName}{Amount:|s}</color>を獲得
SHRINE_REWARD_ANNOUNCEMENT_HUNTER_TIMER_SECONDS,124705097009586176,ハンター到着（早着）：<color={RewardColor}>{Seconds}秒</color>
SHRINE_REWARD_ANNOUNCEMENT_ITEM_REMOVED,124941545432408064,<color={RewardColor}>インベントリからランダムアイテムを削除</color>
SHRINE_REWARD_ANNOUNCEMENT_ITEM_PERMANENT,124968189224280064,<color={RewardColor}>{ItemDescription}</color>
UI_CURRENCY_COST,124979449743532032,<color=#{costColor}>{cost}</color>{currency}（{have}）
UI_REQUIREMENT_LIFETIME_SHRINES_COMPLETED_TOTAL,126780333691494400,祠イベントを{Count}回クリアした
UI_REQUIREMENT_LIFETIME_SHRINES_COMPLETED_UNIQUE,126780373466079232,{Type}の祠イベントを{Count}回クリアした
CURRENCY_CHANGE_POSITIVE_FMT,127527940227325952,+{Count}
CURRENCY_CHANGE_NEGATIVE_FMT,127527981511860224,-{Count}
ARTIFACT_TOOLTIP_TITLE,116738349727735808,ミステリーミート
CURRENCY_TRADER_HEADER_QUANTITY,119475354060447744,数量
CURRENCY_TRADER_HEADER_TOTAL_COST,119475407915311104,総コスト
CURRENCY_TRADER_HEADER_TOTAL_EARNINGS,119582439590846464,総収入
CURRENCY_TRADER_QUANTITY_MAX,119524614583869440,最大
CURRENCY_TRADER_QUANTITY_MIN,119524518509142016,最小
CURRENCY_TRADER_TAB_BUY,118945952767664128,購入
CURRENCY_TRADER_TAB_SELL,118945985441292288,売却
EVENT_HEADER_DESTINATION,99368552669110272,目的地
EVENT_HEADER_LOBBY_SYSTEM_TITLE_FMT,99368598223446016,星系 {Num}：{SystemName}
EVENT_OBJECTIVE_LOBBY_PLANETS_COMPLETED_FMT,99368869179678720,クリア済みの惑星：{Completed}/{ToComplete}
HARVESTER_BOLT_BURGER_ANNOUNCEMENT,121386134288719872,ボルトバーガーが到着！
HARVESTER_CORE_EXPOSED_ANNOUNCEMENT,121364263652548608,ハーベスターコア破損！
LOADOUT_SELECTION_LOCKED_MESSAGE,99312892363399168,**ラン中に武器を変更することはできません**
LOCKED_DIFFICULTY_DESCRIPTION,99261101428957184,ラン中に難易度を変更することはできません。
MESSAGE_BOX_TITLE_QUEST_RESOURCE,120315727867535360,クエストリソース
MESSAGE_BOX_INCOMPLETE_LOADOUT_TITLE,106487339029618688,空の装備セットスロット
MESSAGE_BOX_MESSAGE_QUEST_RESOURCE,120315782422847488,これは現在アクティブなクエストに必要です。<br>本当に売りますか？
MESSAGE_BOX_MISSING_FLAIR_MESSAGE,106487341151936512,フレアスロットが空です。続行してもよろしいですか?
MESSAGE_BOX_MISSING_MULTIPLE_MESSAGE,106487707394367488,フレアとアルティメットの空スロットがありますが、続行してもよろしいですか？
MINION_TYPE_LARGE,114031893689655296,大型ミニオン
MINION_TYPE_MEDIUM,114031848902877184,中型ミニオン
MINION_TYPE_SMALL,114031782632873984,小型ミニオン
PLAYER_DISCONNECTED_BANNER,111602280011128832,切断
PLAYER_JOINED_GAME_BANNER,111593060477952000,ゲームに参加しました！
RUN_IN_PROGRESS_BANNER,99252636694339584,進行中のラン
TRADER_TERMINAL_ACTION_UNAVAILABLE_NO_SPACE,122837464526086144,通貨上限に達しました
UI_BOLTBUGER_READY,107296736416882688,準備完了
UI_BOLTBUGER_UNREADY,107296734231650304,準備中
UI_BOLTBURGER_DESC,107295177230508032,装備セットを変更してランを開始
UI_BOLTBURGER_REVERT_CHANGES,107296001297997824,変更を元に戻す
UI_BOLTBURGER_SELECT_PRIMARY,114874435154993152,メインの選択
UI_BOLTBURGER_SELECT_SECONDARY,114874437474443264,サブの選択
UI_BOSS_HEALTHBAR_DEFEATED,106887389748649984,撃破
UI_BOSS_HEALTHBAR_FRANKENBEANS_ENRAGED,106898677560238080,激怒
UI_BOSS_HEALTHBAR_FRANKENBEANS_STUNNED,106898673873444864,スタン
UI_BOSS_HEALTHBAR_FRANKENBEANS_VULNERABLE,106898679623835648,脆弱
UI_BOSS_HEALTHBAR_MUTANT_PINHIM,106898681771319296,とどめを刺せ！
UI_CINEMATIC_SKIP_FMT,107277861499428864,{Button}を長押しでスキップ
UI_CODEX_ABILITY,97612639328202752,能力
UI_CODEX_ARTIFACTS_TITLE,117343438825840640,アーティファクト
UI_CODEX_CHAINSAWING_TITLE,97078979487264768,チェーンソー作業
UI_CODEX_CLOSE_BTN,98649606463614976,閉じる
UI_CODEX_CURRENCY_TITLE,97079007689764864,通貨
UI_CODEX_EFFECTS,97578193359138816,効果
UI_CODEX_FAQ_TITLE,97079108843794432,よくある質問（チュートリアル）
UI_CODEX_FISHING_TITLE,97078902005886976,釣り
UI_CODEX_HEADS_TITLE,97078659881299968,ヘッド
UI_CODEX_ITEMS_TITLE,97078839842107392,アイテム
UI_CODEX_LEGS_TITLE,97078776701054976,レッグ
UI_CODEX_MINING_TITLE,97078943839875072,採掘
UI_CODEX_MISCELLANEOUS_TITLE,97079047565012992,その他
UI_CODEX_TORSOS_TITLE,97078734208561152,トルソ
UI_FLAIR_EQUIP,114460600094941184,フレアを装備
UI_FLAIRTERMINAL_MAXRANK,124021102433263616,最高ランク
UI_FLAIRTERMINAL_NEXT_RANK,125050191940149248,次のランク
UI_FLAIRTERMINAL_TITLE,124008353355522048,フレア：
UI_FLAIRTERMINAL_UNLOCK,124021058997051392,ランダム購入
UI_FLAIRTERMINAL_UPGRADE,126464563497394176,アップグレード
UI_HEALTHBAR_CURRENT_FMT,118824193619910656,{current:cond:>0?{}|{deadString}}
UI_HEALTHBAR_DEAD,118818718572601344,死亡
UI_HEALTHBAR_DEFEATED,118818721361813504,撃破
UI_HEALTHBAR_DESTROYED,118818725145075712,破壊
UI_HEALTHBAR_SLOWED,118818723131809792,速度低下
UI_INSPECT_ABILITY_COOLDOWN,116778133167730688,クールダウン：{CooldownVal}秒
UI_INSPECT_ABILITYDMG_STAT,114482030208544768,能力ダメージ
UI_INSPECT_ANCIENT_TECH_CATEGORY,114512142534635520,古代技術
UI_INSPECT_ANCIENT_TECH_REQUIREMENTS,114514052285132800,チェーンソー免許が必要
UI_INSPECT_DURABILITY_VAL,116767905265152000,{DurabilityPct}%
UI_INSPECT_FISH_CATEGORY,114512145520979968,魚
UI_INSPECT_FISH_REQUIREMENTS,114514054252261376,フィッシング免許が必要
UI_INSPECT_FLAIR_SUBTITLE,114482711002804224,フレア
UI_INSPECT_HEALTH_STAT,119964566292459520,HP
UI_INSPECT_INSPECT_TAB,114475370446516224,調べる
UI_INSPECT_ITEMS_SUBTITLE,114516146895384576,アイテム
UI_INSPECT_ITEMS_TAB,114475474943406080,アイテム
UI_INSPECT_LUCK_STAT,114481908443705344,運
UI_INSPECT_MEAT_TAB,114475404315521024,肉
UI_INSPECT_MEATDURABILITY_STAT,114482023036284928,ミート耐久度
UI_INSPECT_MELEE_WEAPON,114492699859415040,近接
UI_INSPECT_MELEEDMG_STAT,114482025334763520,近接ダメージ
UI_INSPECT_MINERALS_CATEGORY,114512139007225856,鉱物
UI_INSPECT_MINERALS_REQUIREMENTS,114514049730801664,採掘免許が必要
UI_INSPECT_MOVESPEED_STAT,114482017218785280,移動速度
UI_INSPECT_NO_FLAIR_MSG,119689766609285120,明らかにフレアが感じられない
UI_INSPECT_NO_FLAIR_TITLE,119689764675710976,空
UI_INSPECT_NO_MUTATION_SELECTED,114488744207118336,ミューテーションが選択されていません
UI_INSPECT_PASSIVE_DETAIL,116378994684653568,パッシブ：{PassiveDetails}
UI_INSPECT_PRIMARY_WEAPON,114492653919203328,メイン
UI_INSPECT_RESOURCES_TAB,114475499987595264,リソース
UI_INSPECT_SECONDARY_WEAPON,114492696814350336,サブ
UI_INSPECT_SINGLE_BONUS_FMT,116695504263245824,{Bonus:0.00}
UI_INSPECT_STATS_SUBTITLE,114477124743524352,ステータス
UI_INSPECT_TOOL_CHAINSAW,114511098043887616,チェーンソー
UI_INSPECT_TOOL_FISHINGROD,114511098949857280,釣り竿
UI_INSPECT_TOOL_PICKAXE,114511065781301248,ツルハシ
UI_INSPECT_TOOLS_TAB,114510960764317696,道具
UI_INSPECT_TWO_BONUS_FMT,116695511330648064,{Bonus1:0.00}% / {Bonus2:0.00}
UI_INSPECT_WEAPON_BONUS_HELP,120347674015625216,武器ランクとレベルアップグレードによるボーナス
UI_INSPECT_WEAPON_CRIT_BASE,116695515885662208,{CritChance:0.00}% / x{Damage:0.00}ダメージ
UI_INSPECT_WEAPON_DAMAGE_BASE,116695500194770944,{Min} - {Max}
UI_INSPECT_WEAPON_RANGE_BASE,116695512668631040,{Range}m
UI_INSPECT_WEAPON_RATE_BASE,116695514245689344,{ShotsPerSecond:0.00}発/秒
UI_INSPECT_WEAPON_STAGGER_CHANCE,116705071831379968,{StaggerChancePct}%の確率で命中時によろめき発生
UI_INSPECT_WEAPONS_TAB,114475433012948992,武器
UI_INTERACTION_ARTIFACT_CHEST_NAME,114805101426630656,ミステリーミート
UI_LABEL_COMING_SOON,107282489863561216,近日登場！
UI_LEVELUP_TEXT,107284333193060352,レベルアップ！
UI_LOADOUT_INVITE,107300099988643840,ゲームに招待
UI_LOADOUT_PLANET_DROP_ZONE,107215449786146816,ドロップゾーン
UI_LOADOUT_SELECT_FLAIR,113831482676469760,フレアを選択
UI_LOADOUT_SELECT_WEAPON,113831348626513920,武器を選択
UI_LOADOUT_SOLAR_SYTEM_NO_SELECTION,107214113107599360,恒星系が選択されていません
UI_LOADOUT_SOLAR_SYTEM_TITLE,107214111144665088,恒星系：
UI_MEATLOCKER_BOBBLES,118868896717463552,アンテナボブル
UI_MEATLOCKER_HEADS,118868894116995072,ヘッド
UI_MEATLOCKER_MELEE,118868898902695936,近接
UI_MESSAGE_BOX_ABANDON_RUN_MESSAGE,99213506199412736,現在はランの途中です。アクティブな星系を切り替えると、現在のランは放棄されます。それでもよろしいですか？
UI_MULTIPLAYER_OBSERVER_FMT,118840737917820928,観戦者：{name}
UI_MULTIPLAYER_PLAYER_FMT,118839206027976704,プレイヤー：{name}（{status}）
UI_MULTIPLAYER_PLAYER_LABEL_CONNECTED,118863542965231616,接続中
UI_MULTIPLAYER_PLAYER_LABEL_DISCONNECTED,118839841028825088,切断
UI_MULTIPLAYER_PLAYER_LABEL_RESERVED,118839838944256000,リザーブ
UI_OPTS_VIDEO_AA,125319516908351488,MSAA
UI_OPTS_VIDEO_AA_MESSAGE,125319518418300928,線と輪郭を滑らかにします。値を大きくするほど線が滑らかになりますが、パフォーマンスは低下します。<br><br>有効な値：オフ、（0）、2x、4x、8x。
UI_OPTS_VIDEO_AA_TITLE,125319517587828736,マルチサンプルアンチエイリアシングレベル（MSAA）
UI_OPTS_VIDEO_AF,125319437740863488,AF
UI_OPTS_VIDEO_AF_MESSAGE,125319441167609856,異方性フィルタリングを有効/無効にします。これを有効にすると、大きくて傾斜のゆるい床などの表面のテクスチャの表示品質が向上します。
UI_OPTS_VIDEO_AF_TITLE,125319439431168000,異方性フィルタリング（AF）
UI_OPTS_VIDEO_LOD_BIAS,125319601973030912,LODバイアス
UI_OPTS_VIDEO_LOD_BIAS_MESSAGE,125319668360474624,どのくらいの距離でディテールの低いモデルに切り替えるかを決定します。「近」を選択すると、より近い距離でディテールの低いモデルに切り替わります。「遠」にすると、遠くまでディテールの高いモデルで描写されるようになります。<br><br>有効な値：近、中、遠
UI_OPTS_VIDEO_LOD_BIAS_TITLE,125319602748977152,LODバイアスレベル
UI_OPTS_VIDEO_MAX_FRAMERATE,125319872685993984,ターゲットフレームレート
UI_OPTS_VIDEO_MAX_FRAMERATE_MESSAGE,125319874451795968,レンダリングの目標フレームレート。Vsyncが無効の場合、この最大フレームレートに制限されます。
UI_OPTS_VIDEO_MAX_FRAMERATE_TITLE,125319873696821248,ターゲットフレームレート
UI_OPTS_VIDEO_MIP_LEVEL,125319559472148480,テクスチャのディテール
UI_OPTS_VIDEO_MIP_LEVEL_MESSAGE,125319561854513152,オブジェクトに近づいたときに表示されるテクスチャの最大解像度に影響します。<br><br>有効な値：低、中、高
UI_OPTS_VIDEO_MIP_LEVEL_TITLE,125319560499752960,テクスチャのディテール
UI_OPTS_VIDEO_PARTICLES,126920735510687744,パーティクルFX
UI_OPTS_VIDEO_PARTICLES_MESSAGE,126920738727718912,パーティクルのエフェクトをシミュレートするために割くパフォーマンスを設定します。有効な値：超低、低、中、高、超高、ウルトラ
UI_OPTS_VIDEO_PARTICLES_TITLE,126920737293266944,パーティクルFXの品質
UI_OPTS_VIDEO_REFLECTION_PROBES,126920473559625728,リフレクションプローブ
UI_OPTS_VIDEO_REFLECTION_PROBES_MESSAGE,126920477464522752,光沢のあるオブジェクトの大半の反射を有効/無効にします。
UI_OPTS_VIDEO_REFLECTION_PROBES_TITLE,126920475723886592,リフレクションプローブ
UI_OPTS_VIDEO_RENDER_SCALE,125319683069898752,レンダースケール
UI_OPTS_VIDEO_RENDER_SCALE_MESSAGE,125319687503278080,ゲームをレンダリングするときの解像度。FSRなどの高度なアップスケーリング技術を使用して半分の解像度でレンダリングすると、性能の低いハードウェアでもパフォーマンスが向上します。
UI_OPTS_VIDEO_RENDER_SCALE_TITLE,125319685288685568,レンダー/解像度のスケーリング
UI_OPTS_VIDEO_SHADOW_DIST,125319774736412672,影の距離
UI_OPTS_VIDEO_SHADOW_DIST_MESSAGE,125319779064934400,影をレンダリングする最大距離（メートル単位）。
UI_OPTS_VIDEO_SHADOW_DIST_TITLE,125319776976171008,影の距離
UI_OPTS_VIDEO_UPSCALE,125319726942318592,アップスケーリングモード
UI_OPTS_VIDEO_UPSCALE_MESSAGE,125319730742358016,フルサイズ未満のレンダースケールで実行する場合に使用されるアップスケーリングアルゴリズム。<br><br>有効な値：自動、リニア、ポイント、FSR
UI_OPTS_VIDEO_UPSCALE_TITLE,125319728750063616,アップスケーリングモード
UI_OPTS_VIDEO_VSYNC,125319825374244864,垂直同期
UI_OPTS_VIDEO_VSYNC_MESSAGE,125319828494807040,垂直同期を有効にして、ゲームのフレームレートをモニターに合わせて固定します。
UI_OPTS_VIDEO_VSYNC_TITLE,125319826980663296,垂直同期
UI_PLAYERHEALTH_DEAD_TAG,99604842866995200,死亡
UI_PLAYERHEALTH_EVAC_TAG,99604906628804608,撤退
UI_PLAYERHEALTH_READY_TAG,99604904921722880,準備完了
UI_REQUIREMENT_SOLARSYSTEM_ANY_FMT,98651080823398400,{difficulty}{ascension:cond:>0? A{}|}でいずれかの星系をクリアする
UI_RESPAWN_DISABLED_ENRAGE,107174836495704064,[ハンターの激怒中はリスポーン不可]
UI_REWARD_CURRENCY,119210456084635648,"+ <sprite name=""{icon}"">{name}{count}個"
UI_REWARD_PROGRESS_FLAG,119210458588635136,+{name}
UI_REWARD_WEAPON,119210461054885888,+ 武器をアンロック：{name}
UI_REWARDS_TITLE,119244486947627008,報酬：
UI_SCIENCE_TERMINAL_FLAIR,106878078557347840,フレア
UI_SCIENCE_TERMINAL_MUTATIONS,106880718389370880,ミューテーション
UI_SCIENCE_TERMINAL_OUT_OF_ORDER,106876639986573312,故障
UI_SCIENCE_TERMINAL_ULTIMATES,106877299511517184,アルティメット
UI_SHRINE,120241898113720320,祠
UI_TRADER_HEADER_INVENTORY,107210341685911552,インベントリ
UI_TRADER_HEADER_STOCK,107210343497850880,株式
UI_UPGRADE_GRID_PRICE,107303458900533248,価格：
UI_UPGRADEGRID_ACTIVATE,121792391482957824,[InputAction:UI/Submit]起動
UI_XPBAR_MAX_LEVEL,107284882940485632,最大レベル
UI_XPBAR_TEAM_LEVEL,107284703369748480,チームレベル
ANNOUNCE_VOLCANO_APPEASED,131660659371732992,{PlayerName}の犠牲が火山を鎮めた...今のところは
UI_INPUT_BINDING,139486680678592512,{ActionTxt}
UI_REQUIREMENT_GATHER_FISH,136973330114666496,釣り竿を使って魚を{Count}匹集める
UI_INPUT_ACTIONBINDING,139496731506044928,{ActionTxt} {BindingTxt}
UI_MODE_SELECT_CONTINUE_RUN_LBL,140158990804774912,ランを続行
UI_REQUIREMENT_GATHER_TECH,136973328260784128,チェーンソーを使って古代技術を{Count}個集める
UI_REQUIREMENT_SELL_TO_MIKE,136944070914203648,トレーダー・マイクに{Category}を{Count}個売る
UI_REQUIREMENT_GATHER_MINERALS,136944068905132032,ツルハシで鉱物を{Count:p:{}個|{}個}集める
UI_REQUIREMENT_COMPLETE_EVENT,136597483742552064,{Event}を{Count}回クリアする。
UI_REQUIREMENT_KILL_ENEMIES_SHINY,136597477987966976,輝く敵を{Count}体キルする
UI_REQUIREMENT_KILL_ENEMIES,136597475844677632,敵を{Count}体キルする
UI_REQUIREMENT_EQUIP_FLAIR,140282578621947904,フレアを{Count}{Count:p:piece|pieces}装備する
UI_REQUIREMENT_COLLECT_CURRENCY,140348598019678208,サンプルを{Count}個集める
UI_REQUIREMENT_EQUIP_ARTIFACT,140351594451427328,ミステリーミートからアーティファクトを{Count}個入手する
END_STAGE_STAT_PERCENT_FMT,142124716963913728,{Value}%
END_STAGE_STAT_INTEGER_FMT,142124898896044032,{Value:N0}
UI_REWARD_ARTIFACT,142336906761330688,+ アーティファクトをアンロック：{name}
UI_REWARD_FLAIR,142336905540788224,+ {name}フレア×{count}
UI_REWARD_ITEM,142336904211193856,+ アイテムをアンロック：{name}
UI_REWARD_MUTATION,142336902256648192,+ ミューテーションをアンロック：{name}
UI_ATTRIBUTE_FORMAT_ADD,145644464880214016,{value:+#.##;-#.##;+0} {name}
UI_ATTRIBUTE_FORMAT_MODIFY,145644467124166656,{value:+#.##;-#.##;+0}% {name}
UI_ATTRIBUTE_FORMAT_MULTIPLY,145644469351342080,{value:0.##}x {name}
END_STAGE_BANKED_TIME,141631395652952064,蓄積タイム
END_STAGE_COLLECTED,139159828419305472,収集済み
END_STAGE_CONTINUE,140249455477645312,続ける
END_STAGE_CURRENCY_FMT,140231091493527552,<color=#{ColorStr}>{Have}/{Total}</color>
END_STAGE_EMPLOYEE_PAYCHECK,139153944297332736,従業員給与
END_STAGE_FAILURE,140219057079050240,失敗！
END_STAGE_HEADER_DETAILS,142119018918043648,詳細
END_STAGE_HEADER_OVERVIEW,141982115854016512,概要
END_STAGE_PLANET_CONSUMPTION,139154114636406784,惑星消費
END_STAGE_RANGUS_EFFORT_HEADER,139484643088916480,獲得したランガスポイント合計
END_STAGE_RANGUS_MEAT_CORP,139165149061701632,ランガス・ミート社
END_STAGE_ROX_1,139165587479715840,ROX-1
END_STAGE_RUN_FAILED,142733138839199744,ラン失敗！
END_STAGE_RUN_FAILED_HARVESTER,142745765409710080,ハーベスターが破壊された
END_STAGE_STAT_ACCURACY,142123586842255360,精度
END_STAGE_STAT_DAMAGE_RECV,142123785182502912,被ダメージ
END_STAGE_STAT_DEATHS,142123911540105216,死亡回数
END_STAGE_STAT_HEALING_RECV,142123835145052160,受けた回復
END_STAGE_STAT_RESOURCES,142123729591197696,集めたリソース
END_STAGE_STAT_WEAKPOINT,142123643654103040,弱点命中回数
END_STAGE_SUCCESS,140216425350422528,成功！
END_STAGE_TAB_DATA,141691025213087744,データ
END_STAGE_TAB_STATS,141691065801367552,ステータス
END_STAGE_TIME_FMT,141631639568506880,<color=#80FF00>{SecondsRemaining:secondstotime()}</color>
END_STAGE_WAITING,142327585608556544,ホストを待っています...
IA_AddQuantity,139445879147786264,数量を増やす
IA_Adjust,139445879147786267,調整
IA_ArtifactAbility,139445879143591945,アーティファクトを使う
IA_BugShot,139445879147786245,バグショット
IA_CameraMovement,139445879143591937,カメラ移動
IA_CameraRotation,139445879147786265,カメラ回転
IA_Cancel,139445879147786248,キャンセル
IA_CharacterMovement,139445879047122944,キャラクター移動
IA_Click,139445879147786250,クリック
IA_ElevationMovement,139445879147786270,高度移動
IA_ExitScreen,139445879147786274,画面を閉じる
IA_FollowNextPlayer,139445879147786271,次のプレイヤーをフォロー
IA_HeadAbility,139445879143591941,ヘッドの能力
IA_Interact,139445879147786257,インタラクト
IA_ItemRewardInit,139445879143591943,報酬選択を開始
IA_ItemRewardSelect1,139445879147786275,報酬1を選択
IA_ItemRewardSelect2,139445879147786276,報酬2を選択
IA_ItemRewardSelect3,139445879147786277,報酬3を選択
IA_ItemRewardSelect4,139445879147786278,報酬4を選択
IA_ItemRewardSelect5,139445879147786279,報酬5を選択
IA_ItemRewardSelect6,139445879147786280,報酬6を選択
IA_Jump,139445879143591936,ジャンプ
IA_LegsAbility,139445879143591942,レッグの能力
IA_MarkTarget,139445879143591944,ターゲットをマーク
IA_MaxQuantity,139445879147786262,最大数量
IA_MeleeFire,139445879143591939,近接
IA_MiddleClick,139445879147786252,ミドルクリック
IA_MinQuantity,139445879147786261,最小数量
IA_Modify,139445879147786268,変更
IA_Navigate,139445879147786246,移動
IA_NextSubTab,139445879147786260,次のサブタブ
IA_NextTab,139445879147786256,次のタブ
IA_Point,139445879147786249,ポイント
IA_PreviousSubTab,139445879147786259,前のサブタブ
IA_PreviousTab,139445879147786255,前のタブ
IA_PrimaryAimAssist,139445879143591946,エイムアシスト
IA_ProfilerMode,139445879147786242,プロファイラーモード
IA_ProfilerToggle,139445879147786241,プロファイラー切替
IA_PushToTalk,139445879147786244,プッシュトゥトーク
IA_RangedFire,139445879143591938,射撃
IA_Revert,139445879147786254,元に戻す
IA_RightClick,139445879147786253,右クリック
IA_ScrollWheel,139445879147786251,スクロールホイール
IA_ShowHelp,139445879147786272,ヘルプを表示
IA_SkipCinematic,139445879147786281,ムービーをスキップ
IA_StopFollow,139445879147786273,フォローをやめる
IA_SubActionThingOnController,139445879147786258,サブアクション
IA_Submit,139445879147786247,送信
IA_SubtractQuantity,139445879147786263,数量を減らす
IA_Toggle Console,139445879147786240,コンソール切替
IA_ToggleInspectionOverlay,139445879147786283,検査オーバーレイ切替
IA_ToggleMeatControls,139445879147786282,ミートコントロール切替
IA_ToggleOptionsMenu,139445879147786243,オプションメニュー切替
IA_ToggleZoom,139445879147786269,ズーム切替
IA_TorsoAbility,139445879143591940,トルソの能力
IA_WarpSpeed,139445879147786266,ワープ速度
IA_WeaponSelectPrimary,139445879143591948,武器選択（メイン）
IA_WeaponSelectSecondary,139445879143591949,武器選択（サブ）
IA_WeaponSwitch,139445879143591947,武器切替
IB_down,139484177383747585,下
IB_left,139484177383747586,左
IB_right,139484177383747587,右
IB_up,139484177383747584,上
LE_AnisotropicFiltering_Disable,139512957397561344,無効
LE_AnisotropicFiltering_Enable,139512957397561345,有効
LE_AnisotropicFiltering_ForceEnable,139512957397561346,強制有効
LE_EFrameLimit_OneTwenty,139459172264505370,120Hz
LE_EFrameLimit_Sixty,139459172264505369,60Hz
LE_EFrameLimit_Thirty,139459172264505368,30Hz
LE_ELODBias_Close,139459172264505348,近距離
LE_ELODBias_Far,139459172264505350,遠距離
LE_ELODBias_Medium,139459172264505349,中距離
LE_EMSAALevel_MSAA2,139459172264505345,MSAAx2
LE_EMSAALevel_MSAA4,139459172264505346,MSAAx4
LE_EMSAALevel_MSAA8,139459172264505347,MSAAx8
LE_EMSAALevel_Off,139459172264505344,オフ
LE_EMipDetailLevel_High,139459172264505358,高
LE_EMipDetailLevel_Low,139459172264505356,低
LE_EMipDetailLevel_Medium,139459172264505357,中
LE_EParticlesQuality_High,139459172264505362,高
LE_EParticlesQuality_Low,139459172264505360,低
LE_EParticlesQuality_Medium,139459172264505361,中
LE_EParticlesQuality_Ultra,139459172264505364,ウルトラ
LE_EParticlesQuality_VeryHigh,139459172264505363,最高
LE_EParticlesQuality_VeryLow,139459172264505359,最低
LE_ERenderScale_Half,139459172264505354,ハーフ
LE_ERenderScale_Normal,139459172264505355,標準
LE_EShadowDistance_Close,139459172264505351,近距離
LE_EShadowDistance_Far,139459172264505353,遠距離
LE_EShadowDistance_Medium,139459172264505352,中距離
LE_EVoiceChatActivationType_OpenMic,139509073585303554,マイクを開く
LE_EVoiceChatActivationType_PushToTalk,139509073585303552,プッシュトゥトーク
LE_EVoiceChatActivationType_Toggle,139509073585303553,切替
LE_EWindowStyle_FullScreen,139459172264505365,フルスクリーン
LE_EWindowStyle_FullScreenWindowed,139459172264505366,フルスクリーン（ウィンドウ）
LE_EWindowStyle_Windowed,139459172264505367,ウィンドウ
LE_UpscalingFilterSelection_Auto,139512957397561347,自動
LE_UpscalingFilterSelection_FSR,139512957397561350,FSR
LE_UpscalingFilterSelection_Linear,139512957397561348,リニア
LE_UpscalingFilterSelection_Point,139512957397561349,ポイント
QUESTS_COMPLETED_TOAST_DESCRIPTION,135081248315924480,カールに話しかけて報酬を受け取ろう
QUEST_COMPLETED_NOTIFICATION_TITLE,135081004761079808,クエストクリア！
RANGUS_FILE_CONSUMED_PROMPT,129670008638791680,ランガスファイルは発見済みです
RANGUS_FILE_MARKER_CLAIMED_TEXT_FMT,131574576540803072,ランガスファイル：{TextName}<br>（発見済み）
RANGUS_FILE_MARKER_TEXT_FMT,130476658312339456,ランガスファイル：{TextName}
RAW_TEXT_FMT,130499560646631424,{Text}
UI_CARLTERMINAL_CHALLENGES,139166315988377600,チャレンジ
UI_CARLTERMINAL_CLAIM_BTN_CLAIMED,142385861473853440,受け取り済み
UI_CARLTERMINAL_CLAIM_BTN_LOCKED,142385863298375680,ロック中
UI_CODEX_ENEMIES_TAB,135116477412704256,クリーチャー
UI_False,139510450587889664,いいえ
UI_INSPECT_MUTATION_SUBTITLE,132645578322468864,ミューテーション
UI_INTERACTION_MUTATION,133755069285785600,ミューテーション獲得：<color={RewardColor}>{TextName}</color><br><br>{Description}
UI_INTERACTION_WEAPON,131103886683398144,武器を獲得：{Text}
UI_INTERACTION_WEAPON_TITLE,131105138871885824,武器
UI_OBJECTIVES_TITLE,141649218399887360,目標：
UI_RUNINFO_ENEMY_HEALTH_FMT,127528200000000000,> 敵のHP：+{percent}%
UI_RUNINFO_TIME_FMT,127528100000000000,星系内の時間：{time}
UI_True,139510449321209856,はい
UI_MAX_STACKS_FMT,150353972479123456,最大スタック数：{count}
CELEBRATION_BANNER_MUTATION_UNLOCKED,157196339714711552,「ミューテーション」アンロック！
CELEBRATION_BANNER_ITEM_UNLOCKED,157196341396627456,「アイテム」アンロック！
CELEBRATION_BANNER_FLAIR_UNLOCKED,157196345850978304,「フレア」アンロック！
CELEBRATION_BANNER_ARTIFACT_UNLOCKED,157204905355894784,「アーティファクト」アンロック！
MAIN_MENU_DISCORD_REPORT_BUG_BUTTON,160623538572615680,バグ報告
UI_MAIN_MENU_REPORT_BUG_MESSAGE,160864087942619136,バグの報告やゲームへのご意見は、Discordでお気軽にどうぞ！
OPTS_MULTIPLAYER_HOST_MODE,160914647022559232,ロビーの公開設定
OPTS_HOST_MODE_PUBLIC,160920542238466048,公開
OPTS_HOST_MODE_FRIENDS,160920542238466049,フレンドのみ
OPTS_HOST_MODE_PRIVATE,160920542238466050,非公開
UI_MULTIPLAYER_HOST_MODE_HELP_TITLE,160920542238466051,ロビーの公開設定
UI_MULTIPLAYER_HOST_MODE_HELP_MESSAGE,160920542238466052,ホストしているゲームへの参加者を設定します。公開：ロビーリストからだれでも参加できます。フレンドのみ：Steamフレンドだけがロビーを確認して参加できます。非公開：ゲームはロビーリストに表示されません。
UI_NEWSAVE_TITLE,161300188696141824,新規従業員セットアップ
UI_NEWSAVE_PLAY_TUTORIAL,161300196812120064,チュートリアルをプレイ
UI_NEWSAVE_TUTORIAL,161325451916075008,チュートリアル
UI_NEWSAVE_SUBTITLE,161325468882034688,各ランの開始前にラン設定から変更できます。
UI_NEWSAVE_SCREENTITLE,161550229604130816,初期難易度を選択
UI_CODEX_TIER_UNDISCOVERED,163840130551836672,？？？
UI_CARLTERMINAL_MAINLINE_PROGRESS,164591723147681792,メインライン {Current}/{Total}：
UI_CARLTERMINAL_COMPLETE_ALL_TO_EARN,164593566355546112,全クエストクリアで獲得：
CELEBRATION_BANNER_CODEX_HINT,157204904043077632,図鑑にエントリー追加
CELEBRATION_BANNER_CONFIRM,157229979689541632,確認
CELEBRATION_BANNER_FLAIR_EQUIP_HINT,157204896069705728,*ボルトバーガーで装備
CELEBRATION_BANNER_NEW_QUESTLINE_UNLOCKED,157204890768105472,「新クエストライン」アンロック：{name}
CELEBRATION_BANNER_QUEST_COMPLETE,157196335902089216,クエストクリア！
CELEBRATION_BANNER_RANK_HEADING,157240833617158144,従業員ランク：{rank}
CELEBRATION_BANNER_RANK_INCREASED,157196347440619520,従業員ランクアップ！
CELEBRATION_BANNER_REWARDS_EARNED,157243622590242816,獲得報酬
CELEBRATION_BANNER_RP_TO_NEXT_RANK,157204893980942336,次のランクに必要なRP：{amount}
CELEBRATION_BANNER_WEAPON_EQUIP_HINT,157204901467774976,*ミートロッカーで装備
CELEBRATION_BANNER_WEAPON_UNLOCKED,157238824793006080,「武器」アンロック！
CODEX_TOAST_HEADER_ARTIFACT,158291413488664576,新アーティファクト！
CODEX_TOAST_HEADER_CREATURE,158291454114693120,新クリーチャー！
CODEX_TOAST_HEADER_CURRENCY,158291422971985920,新リソース！
CODEX_TOAST_HEADER_GENERIC,158291396984078336,新エントリー！
CODEX_TOAST_HEADER_ITEM,158291406320599040,新アイテム！
CODEX_TOAST_HEADER_MEAT,158291431851327488,新ミート！
CODEX_TOAST_HEADER_RANGUS_FILE,158291467289001984,新ランガスファイル！
CODEX_TOAST_SUBHEADER,158291475207847936,図鑑に追加
END_STAGE_HEADER_PLANET_STATS,144853505636556800,惑星ステータス
END_STAGE_MEAT_CORE_SECURED,144127700346331136,ミートコア確保
IA_SurpriseMe,145669286033088512,おまかせ
INFORMATION_TERMINAL_TITLE,159254944652492800,図鑑
LEVEL_UP_AUTO_SELECT_FMT,160182415509151744,自動選択まで：<color=#FF0080>{Seconds}</color>秒
LEVEL_UP_EXIT,146737720124760064,[InputAction:Cancel] アップグレード選択を終了
LEVEL_UP_IN_SECONDS_FMT,160177751237582848,<color=#FF0080>{Seconds:0.0}</color>秒後に一時停止
LEVEL_UP_STILL_SELECTING_TITLE,160189906225717248,ミートサイエンティストたちはまだ思案中...
LE_EDrawDistance_Close,155444035605950464,近距離
LE_EDrawDistance_Far,155444035631116289,遠距離
LE_EDrawDistance_Medium,155444035631116288,中距離
TUTORIAL_COMPLETE_TITLE,158105394041839616,修了証書
TUTORIAL_COMPLETION_CARL_NAME,158106223612256256,カール・ランガス CEO
TUTORIAL_COMPLETION_SIGNED,158106159250661376,署名：
TUTORIAL_COMPLETION_SQUISHIE_NAME,158105683281043456,スクイッシー
TUTORIAL_COMPLETION_SUBTITLE_01,158105588380721152,この証書は、
TUTORIAL_COMPLETION_SUBTITLE_02,158105801833046016,が<color=#FFC700>従業員オリエンテーション</color>を見事修了したことを証明する！<br>ランガスチームの正式メンバー入り、おめでとう！<br><br>さあ繰り出して、<color=#FFC700>ミートを収穫</color>し、<color=#FFC700>銀河に飯を食わせて</color>やろうぜ！
UI_ATTRIBUTE_ADD_FMT,153254426577985536,{value:+#.##;-#.##;+0}
UI_ATTRIBUTE_MODIFY_FMT,153254478088232960,{value:+#.##;-#.##;+0}%
UI_ATTRIBUTE_MULTIPLY_FMT,153254480353157120,{value:0.##}x
UI_BEING_REVIVED_BY,160196323477282816,{Name}が蘇生中
UI_BENEFITS_PERKS_TITLE,157261430313181184,パーク
UI_BENEFITS_TERMINAL,155021233676607488,従業員特典ターミナル
UI_INTERACTION_REVIVE,159415565250715648,蘇生
UI_INTERACTION_REVIVE_TARGET,160116078837489664,{Name}
UI_LEADERBOARD_RANK_EMPTY,152933015493795840,人事部は現在対応できません。
UI_LEADERBOARD_RANK_NAME,152933011416932352,名前
UI_LEADERBOARD_RANK_RANK,152933013824462848,順位
UI_LEADERBOARD_RANK_TITLE,152933007226822656,今月の従業員
UI_OPTS_KEYWORD_POPUPS,152564154714021888,キーワードポップアップ
UI_OPTS_KEYWORD_POPUPS_HELP_MESSAGE,152564183084294144,説明文中のキーワードのポップアップ説明を表示します。
UI_OPTS_KEYWORD_POPUPS_HELP_TITLE,152564181515624448,キーワードポップアップ	
UI_OPTS_VIDEO_DRAW_DIST,155444200114941952,描画距離
UI_OPTS_VIDEO_DRAW_DIST_MESSAGE,155444247250530304,遠くの地形やオブジェクトを描画する距離。低い設定にするとGPU/CPU負荷が下がるため、Steam Deckなど性能が低めのハードウェアにおすすめです。高い設定にすると、パフォーマンスと引き換えにより遠くまで表示されます。
UI_OPTS_VIDEO_DRAW_DIST_TITLE,155444221707218944,描画距離
UI_PLAYERHEALTH_DOWNED_TAG,159415579876253696,ダウン
UI_REQUIREMENT_FULL_VERSION,145016599318880256,製品版が必要
UI_REQUIREMENT_PERKRANK,157717392333463552,パークを1つアンロック
UI_REQUIREMENT_PERKTRACK_RANK,155367902129676288,{track}ランク{rank:roman()}
UI_REWARD_UI_SURPRISE_ME,145620353626861568,おまかせ
UI_REWARD_UI_SURPRISE_ME_KEY,145639277600894976,[InputAction:LevelUpScreen/SurpriseMe]
UI_SELECT_UPGRADE_COUNT_FMT,152555780165328896,アップグレードを選択 +{Count}
UI_SHIP_TOUR_BOLT_BURGERS,154378478273159168,<color=#FFC700>ボルトバーガー</color>：ロードアウトを選び、ここからランを開始。
UI_SHIP_TOUR_EMPLOYEE_HANDBOOK,154378456194342912,<color=#FFC700>図鑑</color>：敵やアイテム、世界観を閲覧。
UI_SHIP_TOUR_FLAIR_TERMINAL,154378473181274112,<color=#FFC700>フレアターミナル</color>：フレアをアンロック・強化して、パッシブボーナスを獲得。
UI_SHIP_TOUR_JUKEBOX,154378475714633728,<color=#FFC700>ジュークボックス</color>：船の音楽を変更。
UI_SHIP_TOUR_MEAT_LOCKERS,154378383981010944,<color=#FFC700>ミートロッカー</color>：見た目用のミートをここで選択。
UI_SHIP_TOUR_MEAT_MARKET,154378474439565312,<color=#FFC700>ミートマーケット</color>：ランダムなミートのラインナップをプレビュー。
UI_SHIP_TOUR_NAVIGATION_TERMINAL,154378479544033280,<color=#FFC700>ナビゲーションターミナル</color>：次の目的地と難易度を選択。
UI_SHIP_TOUR_SHOOTING_RANGE,154378477010673664,<color=#FFC700>射撃場</color>：ラン前に武器の練習。
UI_SHIP_TOUR_SMART_MEAT_TERMINAL,154378470564028416,<color=#FFC700>従業員特典ターミナル</color>：従業員特典をアンロック・強化。
UI_SHIP_TOUR_WEAPON_TERMINAL,154378471918788608,<color=#FFC700>武器ターミナル</color>：武器をアンロック・強化。
UI_UPGRADE_COUNT_FMT,152141631115485184,+{Count}
UI_UPGRADE_EMPTY_SLOT,152531288336621568,空きスロット
UPGRADE_STATION,158017480964431872,アップグレードステーション
UI_CODEX_MUTATIONS_TAB,165154895239831552,ミューテーション
UI_CODEX_MUTATIONS_FIRE_TITLE,165154895248220160,火
UI_CODEX_MUTATIONS_ICE_TITLE,165154895248220161,氷
UI_CODEX_MUTATIONS_SLIME_TITLE,165154895248220162,スライム
UI_CODEX_MUTATIONS_ELECTRIC_TITLE,165154895248220163,電撃
UI_CODEX_MUTATIONS_KINETIC_TITLE,165154895248220164,物理
UI_SAVEMGMT_SELECT_EMPLOYEE,165569668465025024,従業員を選択
UI_SAVEMGMT_LAST_PLAYED,165571657299124224,最終プレイ
UI_SAVEMGMT_RANGUS_FILES,165589631661760512,ランガスファイル：
UI_SAVEMGMT_EMPTY_SLOT_HEADER,164865773950459904,空き
UI_OPTS_MARK_ALL_READ,165623256277049344,すべて既読にする
LE_EFrameLimit_TwoForty,169126859746828288,240Hz
PLAYER_DOWN_ANNOUNCEMENT,162770743492337664,{Player}がダウン！
UI_ANNOUNCEMENT_BOSS_WARNING_EXECUVATOR,162681204534927360,ヘアフォースワンが大統領令を発令！
UI_ANNOUNCEMENT_BOSS_WARNING_JUDGEMENTALITS,162681227154808832,ジャッジ・クロウダディが申し立てを却下！
UI_ANNOUNCEMENT_BOSS_WARNING_LEGISMATOR,162681121139580928,ポークバレル・ピートがフィリバスターを発動！
UI_CINEMATIC_PROLOGUE_TEXT1,165560353607901184,ランガス・ミート社はかつて銀河を養っていた。最盛期には数十の星系で数百万人を雇っていた。<br><br>独自の「ミートサイエンス」を追い求め過ぎた結果、宇宙にポータルが裂けて開いた。それに触れたものは、死ぬか、別の何かに変わり果てた。<br><br>カール・ランガスは逃げ延びた。ほとんどの者は逃げられなかった。
UI_CINEMATIC_PROLOGUE_TEXT2,165560955771543552,「ここランガスでは、肉を収穫するだけじゃねぇ。<br>ヒーローだって収穫する...それがお前だ！」<br><br><br>カール・ランガス（創業者兼CEO）<br>（回収された求人広告、日付不明）
UI_LEADERBOARD_NUKE_KILLS,163035281710112768,労災事故 - 核
UI_LEADERBOARD_RANK_SCORE,163032451393773568,スコア
UI_SAVEMGMT_RANGUS_FILES_DATA,164863994869309440,{Found}/{Total}
UI_SYSTEMNAME_RANDOM,165564842473676800,ランダム星系
UI_SYSTEMNAME_S2,165564616182587392,プラムターズ・フォリー
UI_SYSTEMNAME_S3,165564619336704000,オムニクロン
UI_SYSTEMUNLOCK,165563304946688000,新星系アンロック！
CELEBRATION_BANNER_FLAIR_DISPENSED,182655213074636800,フレア放出！
CELEBRATION_BANNER_FLAIR_HEADING_FMT,178255509733761024,{count}x {name}フレア
CELEBRATION_BANNER_FLAIR_SKIP_FMT,185871235538677760,{Button}でスキップ
DEATHCERTIFICATE_CRITS,179093814876561411,クリティカル
DEATHCERTIFICATE_DAMAGE,179093814876561409,ダメージ
DEATHCERTIFICATE_DEAD_MEAT,179093814876561408,デッドミート
DEATHCERTIFICATE_DPS,179093814876561412,DPS
DEATHCERTIFICATE_KILLED_BY_SPIDER,179093814876561416,<color=#FFC700>スパイダー</color>にやられた
DEATHCERTIFICATE_KILLS,179093814876561410,キル
DEATHCERTIFICATE_ON_THE_VERY_EVE_OF_HIS_4TH_BIRTHDAY,179093814876561417,4歳の誕生日を目前にして
DEATHCERTIFICATE_RUN_FAILED,179093814868172800,ラン失敗！
DEATHCERTIFICATE_SIGNED_CARL_RANGUS_CEO,179093814876561415,署名：<br><color=#FFFFFF>カール・ランガス、CEO</color>
DEATHCERTIFICATE_THE_RANGUS_CORPORATION_HEREBY_ACKNOWLEDGES_THE_D,179093814876561413,ランガス社はここに、次の者の死を確認する：
DEATHCERTIFICATE_YOUR_CONTRIBUTIONS_TO_RANGUS_MEAT_CO_WILL_NEVER,179093814876561414,ランガス・ミート社へのあなたの貢献は決して忘れられない
END_STAGE_RUN_ABANDONED,178656993092820992,ラン放棄
HUNTER_INCAPACITATED,169893516064841728,行動不能
IA_ProfilerCapture,170595270909747200,ProfilerCapture
IB_Profiler Capture Chord,170595270913941504,Profiler Capture Chord
IB_modifier,170595270913941505,修飾キー
LE_ECameraDistance_Far,174992531034988545,遠い
LE_ECameraDistance_Medium,174992531034988544,中
LE_ECameraDistance_Near,174992531030794240,近い
MODE_SELECT_CONTINUE_BTN,175310263911702528,続ける
MODE_SELECT_LOAD_SAVE_BTN,175310282018512896,ロード／新規ゲーム
UI_FLAIRTERMINAL_INSERT_COIN,177509684464312320,"<sprite name=""CarlCoin""> カールコインを投入"
UI_FLAIRTERMINAL_INSERT_COST,182665081978347520,{count} {icon} {name}を投入
UI_FLAIRTERMINAL_REQUIRES_COIN,177529825763778560,"<color=#FF0000><sprite name=""CarlCoin""> カールコインが必要</color>"
UI_FLAIRTERMINAL_REQUIRES_COST,182665090496978944,<color=#FF0000>{count} {icon} {name}が必要</color>
UI_ITEM_ONADD_TRIGGER,176120503238385664,追加時
UI_LOADOUT_COL_CONSUMABLES,182248566531547136,消耗品
UI_LOADOUT_COL_WEAPONS,182248564694441984,武器
UI_LOADOUT_FLAIR_EMPTY_DESC,182260794391519232,フレアターミナルでフレアをアンロックしよう
UI_LOADOUT_SAVE_EXIT,182247692602171392,保存して終了
UI_LOCATION_CARD_DIFFICULTY_FMT,175384575272280064,難易度：{difficulty}
UI_LOCATION_CARD_HEADER,175386164208852992,場所
UI_LOCATION_CARD_SYSTEM_FMT,175384551528325120,S{index} | {system}
UI_MEATOFFERING_REQUIREMENT,176036607361478656,<color=red>装備済みの肉パーツが必要</color>
UI_OPTS_VIDEO_BLOOM,182327216559874048,ブルーム
UI_OPTS_VIDEO_BLOOM_MESSAGE,182327251011887104,明るい光やエフェクトの周囲に発生するブルームの光彩をオン/オフします。まぶしさや目の疲れを軽減したい場合や、明るいシーンが白飛びして見える場合はオフにしてください。
UI_OPTS_VIDEO_BLOOM_TITLE,182327234784124928,ブルーム
UI_OPTS_VIDEO_CAMERA_DISTANCE,174991015364517888,カメラ距離
UI_OPTS_VIDEO_CAMERA_DISTANCE_MESSAGE,174991034385686528,キャラクターの後方にカメラを配置する距離を調整します。
UI_OPTS_VIDEO_CAMERA_DISTANCE_TITLE,174991024080281600,カメラ距離
UI_REQUIREMENT_STAT_FLAIRPULLS_FMT,178238717753810944,フレアを{count}個集める
UI_SAVEMGMT_MSGBOX_ABANDON_RUN_CONFIRM,176120214003376128,ランを放棄
UI_SAVEMGMT_MSGBOX_ABANDON_RUN_MSG,176120210866036736,従業員{EmployeeNumber}の進行中のランを放棄しますか？<br>ロビーからやり直しになります。この操作は取り消せません。
UI_SAVEMGMT_MSGBOX_ABANDON_RUN_TITLE,176120204733964288,ランを放棄しますか？
UI_SAVEMGMT_RUN_IN_PROGRESS,175380214638960640,ラン進行中
